{
"type": "FeatureCollection",
"name": "burera_sectors",
"crs": { "type": "name", "properties": { "name": "urn:ogc:def:crs:OGC:1.3:CRS84" } },
"features": [
{ "type": "Feature", "properties": { "sector": "Bungwe", "district": "Burera", "province": "North", "Area_m2_gis": 25724804.187323041, "Perimeter_m_gis": 28347.588237134911 }, "geometry": { "type": "Polygon", "coordinates": [ [ [ 29.985421797605042, -1.458592576412277, 0.0 ], [ 29.985551481586171, -1.458922681259912, 0.0 ], [ 29.985603019981461, -1.459053869028156, 0.0 ], [ 29.985757894921388, -1.459448097100587, 0.0 ], [ 29.985854263080384, -1.459555173308624, 0.0 ], [ 29.985864970628587, -1.459475211502385, 0.0 ], [ 29.986069680697856, -1.459475211883101, 0.0 ], [ 29.986072420733684, -1.459488913473893, 0.0 ], [ 29.986030751252379, -1.459732254754514, 0.0 ], [ 29.985969156154816, -1.459789317276067, 0.0 ], [ 29.985894604495819, -1.459858385436531, 0.0 ], [ 29.985906661665165, -1.459957855554651, 0.0 ], [ 29.985919449436935, -1.460063360194326, 0.0 ], [ 29.985936299102871, -1.460202373071119, 0.0 ], [ 29.985955074575664, -1.460357269076384, 0.0 ], [ 29.986030175070788, -1.460479308429512, 0.0 ], [ 29.986016094344375, -1.460620122783969, 0.0 ], [ 29.986058338410384, -1.460765630702249, 0.0 ], [ 29.986028202604601, -1.460888366729716, 0.0 ], [ 29.98591455428436, -1.460923232717167, 0.0 ], [ 29.985888770972611, -1.461026321315896, 0.0 ], [ 29.98615779859627, -1.461093608045726, 0.0 ], [ 29.986365014883464, -1.461158297679207, 0.0 ], [ 29.986571431166102, -1.461252904817852, 0.0 ], [ 29.986725005892545, -1.461360995224012, 0.0 ], [ 29.986889693955931, -1.461459809604803, 0.0 ], [ 29.987082615371708, -1.461572738141593, 0.0 ], [ 29.987289652433077, -1.461718605147639, 0.0 ], [ 29.987539037987247, -1.461840945714193, 0.0 ], [ 29.987621950637362, -1.461861174289134, 0.0 ], [ 29.987640149213711, -1.461863093641363, 0.0 ], [ 29.98763974029395, -1.461865514862458, 0.0 ], [ 29.98788619107685, -1.46192564250631, 0.0 ], [ 29.988084862964488, -1.462109152768506, 0.0 ], [ 29.988168272539458, -1.462142516711188, 0.0 ], [ 29.988180655642445, -1.462147469566866, 0.0 ], [ 29.988122810013721, -1.462181203584601, 0.0 ], [ 29.98795311216562, -1.462316190623682, 0.0 ], [ 29.987848084936523, -1.462361263518535, 0.0 ], [ 29.9877941150738, -1.462450314858994, 0.0 ], [ 29.987719279097885, -1.462573792315304, 0.0 ], [ 29.987647262348442, -1.462692621795503, 0.0 ], [ 29.987553154543583, -1.462847899741057, 0.0 ], [ 29.987341412084312, -1.462970239516978, 0.0 ], [ 29.987266270023731, -1.463179887903838, 0.0 ], [ 29.98719083897219, -1.463318438063286, 0.0 ], [ 29.987097966729557, -1.463489027496706, 0.0 ], [ 29.986993213174443, -1.463596056353516, 0.0 ], [ 29.986880088202927, -1.46371163857718, 0.0 ], [ 29.986787373753675, -1.463939861613563, 0.0 ], [ 29.986743575147962, -1.464047671362273, 0.0 ], [ 29.986701479592671, -1.464151292593802, 0.0 ], [ 29.986640308021581, -1.46430186572449, 0.0 ], [ 29.98648503141472, -1.464419499879739, 0.0 ], [ 29.986282319246431, -1.464477431630507, 0.0 ], [ 29.986133155567629, -1.464591241767021, 0.0 ], [ 29.986016197723682, -1.464680478081588, 0.0 ], [ 29.985920384509452, -1.464753582682781, 0.0 ], [ 29.985731859480243, -1.464897423127401, 0.0 ], [ 29.985713347752078, -1.464955914046248, 0.0 ], [ 29.985672857949329, -1.46508383613612, 0.0 ], [ 29.985595712521775, -1.465144129252551, 0.0 ], [ 29.985503674707758, -1.465216061687259, 0.0 ], [ 29.98534632602053, -1.465266470398402, 0.0 ], [ 29.985200469887928, -1.46531319623826, 0.0 ], [ 29.985064003674442, -1.465308818674227, 0.0 ], [ 29.984826683009146, -1.465301205184986, 0.0 ], [ 29.984616990338154, -1.465257059157508, 0.0 ], [ 29.984438186744185, -1.465219416350375, 0.0 ], [ 29.984254675420296, -1.465233532681874, 0.0 ], [ 29.984152482217453, -1.465314972608271, 0.0 ], [ 29.984024111048388, -1.465369988720031, 0.0 ], [ 29.983918349362643, -1.465415315572599, 0.0 ], [ 29.983922535434935, -1.465423525331295, 0.0 ], [ 29.983909379167407, -1.465583280745756, 0.0 ], [ 29.983978391432668, -1.465777769593294, 0.0 ], [ 29.984042579598988, -1.465958662652224, 0.0 ], [ 29.984053677215492, -1.466141653662401, 0.0 ], [ 29.984154059485906, -1.466329869435924, 0.0 ], [ 29.984254830903886, -1.466518815101884, 0.0 ], [ 29.98435368723905, -1.46670417278087, 0.0 ], [ 29.984436854330294, -1.466860109363468, 0.0 ], [ 29.984531505742833, -1.467037580166558, 0.0 ], [ 29.984536764347371, -1.467252125721325, 0.0 ], [ 29.984542656357274, -1.467492514242302, 0.0 ], [ 29.984637145978827, -1.467678747388842, 0.0 ], [ 29.984694625030983, -1.467792036067075, 0.0 ], [ 29.984687335997588, -1.468011261178405, 0.0 ], [ 29.984697150507493, -1.468036543446702, 0.0 ], [ 29.984542574724557, -1.467994385779223, 0.0 ], [ 29.984401411952206, -1.467961447294129, 0.0 ], [ 29.98430259926694, -1.467952037564133, 0.0 ], [ 29.984086596765799, -1.46801178244545, 0.0 ], [ 29.984081445418298, -1.468013207827926, 0.0 ], [ 29.98386029259154, -1.468055555478926, 0.0 ], [ 29.983826547341941, -1.46806037687746, 0.0 ], [ 29.983574192586264, -1.468105439443201, 0.0 ], [ 29.983526209110387, -1.468130842485339, 0.0 ], [ 29.983385047412973, -1.468196717335779, 0.0 ], [ 29.983163893938727, -1.468201422449277, 0.0 ], [ 29.982763936557678, -1.468182601314483, 0.0 ], [ 29.982735733625201, -1.468180942327057, 0.0 ], [ 29.982523960896408, -1.46816848543663, 0.0 ], [ 29.982331039878417, -1.468192012375135, 0.0 ], [ 29.982156940441318, -1.468196717762071, 0.0 ], [ 29.982029895714611, -1.46822965514093, 0.0 ], [ 29.981924343278695, -1.468271605570679, 0.0 ], [ 29.98166287428575, -1.468375522469396, 0.0 ], [ 29.981484070350263, -1.468464924446642, 0.0 ], [ 29.981314676240601, -1.468606086576736, 0.0 ], [ 29.981184410250194, -1.468674180907426, 0.0 ], [ 29.981209947355502, -1.468710884767633, 0.0 ], [ 29.980693903328429, -1.468996226504317, 0.0 ], [ 29.980387835394311, -1.469820234685909, 0.0 ], [ 29.980484032247382, -1.470115239451384, 0.0 ], [ 29.980495561348832, -1.470150595559857, 0.0 ], [ 29.980491071256299, -1.470276327273662, 0.0 ], [ 29.980486527228322, -1.470403545004586, 0.0 ], [ 29.980458294228697, -1.470549412366003, 0.0 ], [ 29.980401830717621, -1.470657636106766, 0.0 ], [ 29.980378399356614, -1.470712308328197, 0.0 ], [ 29.980345365197817, -1.470789387404838, 0.0 ], [ 29.98031242769958, -1.470911727163104, 0.0 ], [ 29.980288900766798, -1.47100113041169, 0.0 ], [ 29.980291123719766, -1.471050021590595, 0.0 ], [ 29.980293606346592, -1.471104648818326, 0.0 ], [ 29.980359323249058, -1.471159990221105, 0.0 ], [ 29.980383008295529, -1.471179935447789, 0.0 ], [ 29.980444178467728, -1.471259926793974, 0.0 ], [ 29.98047111323109, -1.471381129278341, 0.0 ], [ 29.980472410902241, -1.471386972061841, 0.0 ], [ 29.980472293153195, -1.471389206061903, 0.0 ], [ 29.980467705433167, -1.471476374573224, 0.0 ], [ 29.98049632923809, -1.471553659504907, 0.0 ], [ 29.980532163652704, -1.471798838273197, 0.0 ], [ 29.980519464559325, -1.471852806020102, 0.0 ], [ 29.980434767756631, -1.471928092014852, 0.0 ], [ 29.980397124289674, -1.471989262611285, 0.0 ], [ 29.980364187022754, -1.472083370745505, 0.0 ], [ 29.980345365094017, -1.472238648124368, 0.0 ], [ 29.980340659980477, -1.472389220659067, 0.0 ], [ 29.980401830630182, -1.472520971187746, 0.0 ], [ 29.980472410920878, -1.472624490174484, 0.0 ], [ 29.980533581339628, -1.472784473227002, 0.0 ], [ 29.980557108367027, -1.472892697670442, 0.0 ], [ 29.980453589189711, -1.473066796893418, 0.0 ], [ 29.980472411070185, -1.473226780477385, 0.0 ], [ 29.980524170561306, -1.473358531823534, 0.0 ], [ 29.980557108538139, -1.473494987067753, 0.0 ], [ 29.980561813685302, -1.473650265557453, 0.0 ], [ 29.980510054345654, -1.473810248519482, 0.0 ], [ 29.980500643724792, -1.473951410168625, 0.0 ], [ 29.980547697474623, -1.474101982252529, 0.0 ], [ 29.980580915277944, -1.474201636174989, 0.0 ], [ 29.980622983257955, -1.474327841321929, 0.0 ], [ 29.980632394210648, -1.474459592293405, 0.0 ], [ 29.98063709948617, -1.474600754065905, 0.0 ], [ 29.980712386200814, -1.474930131493091, 0.0 ], [ 29.980712386127191, -1.475043060696831, 0.0 ], [ 29.980663702181527, -1.475091744309273, 0.0 ], [ 29.98063709950619, -1.475118347682145, 0.0 ], [ 29.980542991304581, -1.475203044437124, 0.0 ], [ 29.980425356942806, -1.475283035106411, 0.0 ], [ 29.980265373043604, -1.475367732169556, 0.0 ], [ 29.980185382137517, -1.475494778277241, 0.0 ], [ 29.980178108499143, -1.475545695345796, 0.0 ], [ 29.980004965334206, -1.475681461353355, 0.0 ], [ 29.979941344712906, -1.476257664803749, 0.0 ], [ 29.979946293732119, -1.476272085460678, 0.0 ], [ 29.980011744449499, -1.476462816374739, 0.0 ], [ 29.980032577604771, -1.476523526218075, 0.0 ], [ 29.980025482239302, -1.476536672390461, 0.0 ], [ 29.980100796188278, -1.476629967483419, 0.0 ], [ 29.980781460390062, -1.477228011049682, 0.0 ], [ 29.980789615148282, -1.477235176203933, 0.0 ], [ 29.980952766463083, -1.477751234554964, 0.0 ], [ 29.981071838033536, -1.478405747211412, 0.0 ], [ 29.981098228592899, -1.478492112829181, 0.0 ], [ 29.981201746675232, -1.478793257041843, 0.0 ], [ 29.981258210962316, -1.478934419248563, 0.0 ], [ 29.981314676463469, -1.479146161412306, 0.0 ], [ 29.981333496968276, -1.479268501613555, 0.0 ], [ 29.981338202490843, -1.479386136726348, 0.0 ], [ 29.981342908210372, -1.479480244281766, 0.0 ], [ 29.981404078248257, -1.479607289808821, 0.0 ], [ 29.981488774964742, -1.479790800583696, 0.0 ], [ 29.981545240076507, -1.479946078593074, 0.0 ], [ 29.981592294095442, -1.480087239807156, 0.0 ], [ 29.981648758361651, -1.480237812844913, 0.0 ], [ 29.981709928360139, -1.480374268300565, 0.0 ], [ 29.981804036464247, -1.480543662425716, 0.0 ], [ 29.981931082434585, -1.480666002607472, 0.0 ], [ 29.981982841545843, -1.480764816419397, 0.0 ], [ 29.982053421938431, -1.480896567877968, 0.0 ], [ 29.982109887380815, -1.481018907473266, 0.0 ], [ 29.982178528105173, -1.481185934419492, 0.0 ], [ 29.982251048467276, -1.481362400274686, 0.0 ], [ 29.982283986698903, -1.481494151421854, 0.0 ], [ 29.982260459054256, -1.48166825135484, 0.0 ], [ 29.982289889931977, -1.481764570495485, 0.0 ], [ 29.982349221526707, -1.481867710361763, 0.0 ], [ 29.9824627908779, -1.48195998545561, 0.0 ], [ 29.98259924703413, -1.482115263167869, 0.0 ], [ 29.982665123652939, -1.482251719537669, 0.0 ], [ 29.982768641664347, -1.482378765358666, 0.0 ], [ 29.982785576645789, -1.482403854135243, 0.0 ], [ 29.982786193149575, -1.482404767638431, 0.0 ], [ 29.982895687286039, -1.482566980472917, 0.0 ], [ 29.982975678082031, -1.482703437847383, 0.0 ], [ 29.983050965719034, -1.482872831772256, 0.0 ], [ 29.983098019137266, -1.482995171268731, 0.0 ], [ 29.983173305031357, -1.483159859316072, 0.0 ], [ 29.983135729163052, -1.483535618880802, 0.0 ], [ 29.98313566265384, -1.483536291793918, 0.0 ], [ 29.983126251465414, -1.483649220013732, 0.0 ], [ 29.98312625125887, -1.48379508760834, 0.0 ], [ 29.983206243767778, -1.483950365752569, 0.0 ], [ 29.983262707728638, -1.484049178664492, 0.0 ], [ 29.983309761693327, -1.484223278237119, 0.0 ], [ 29.983337994340111, -1.484364440172268, 0.0 ], [ 29.983358789065292, -1.484418161267147, 0.0 ], [ 29.983394457966114, -1.484510307289047, 0.0 ], [ 29.983419397293339, -1.484594477755868, 0.0 ], [ 29.983432101064363, -1.484637352579073, 0.0 ], [ 29.98344621870109, -1.484773808532925, 0.0 ], [ 29.983428119010973, -1.484864303520141, 0.0 ], [ 29.983422691530212, -1.484891443423954, 0.0 ], [ 29.983403869392834, -1.484966730014994, 0.0 ], [ 29.983392136318823, -1.485031261799451, 0.0 ], [ 29.983385047043328, -1.485070248226232, 0.0 ], [ 29.983347404488526, -1.485230231344306, 0.0 ], [ 29.983352110531953, -1.48541374233907, 0.0 ], [ 29.983408574044347, -1.485578430233112, 0.0 ], [ 29.983422691136962, -1.485667833787008, 0.0 ], [ 29.983446218432828, -1.485776057285956, 0.0 ], [ 29.983455628005007, -1.48587957570967, 0.0 ], [ 29.983446218548906, -1.486001915674535, 0.0 ], [ 29.9834226913643, -1.486119550564116, 0.0 ], [ 29.983380342007784, -1.486194836071727, 0.0 ], [ 29.983243886591172, -1.486378347800638, 0.0 ], [ 29.983215653332838, -1.48643481172949, 0.0 ], [ 29.98314507289129, -1.48651480379354, 0.0 ], [ 29.983107429390301, -1.486557152743046, 0.0 ], [ 29.983046259179247, -1.486651259781711, 0.0 ], [ 29.982961562647624, -1.486745367540409, 0.0 ], [ 29.982901000208262, -1.486805930198092, 0.0 ], [ 29.982454007931562, -1.486965570898849, 0.0 ], [ 29.982372232488014, -1.487017906460389, 0.0 ], [ 29.982186318979334, -1.487136891277864, 0.0 ], [ 29.981617398620038, -1.487362653617956, 0.0 ], [ 29.981511741917977, -1.487404580492676, 0.0 ], [ 29.980291078207873, -1.48791854469919, 0.0 ], [ 29.980023389072713, -1.488079157885697, 0.0 ], [ 29.979964612119673, -1.48815378473205, 0.0 ], [ 29.979917174742187, -1.488161690128136, 0.0 ], [ 29.979818361186886, -1.48825109266402, 0.0 ], [ 29.979639555881185, -1.488307557866352, 0.0 ], [ 29.979484279290308, -1.488396959861593, 0.0 ], [ 29.979244304552555, -1.488439308648458, 0.0 ], [ 29.979032561044402, -1.48846283509248, 0.0 ], [ 29.978816112939331, -1.488472246565565, 0.0 ], [ 29.978618487563804, -1.4884581297416, 0.0 ], [ 29.978472620345606, -1.488458129218186, 0.0 ], [ 29.978329987010255, -1.488423552355407, 0.0 ], [ 29.978157837941719, -1.48852373427281, 0.0 ], [ 29.978049614644291, -1.48854255577809, 0.0 ], [ 29.977979032958832, -1.488631958512027, 0.0 ], [ 29.977919670901645, -1.488793247338662, 0.0 ], [ 29.977922568212982, -1.488895460587706, 0.0 ], [ 29.977776701495159, -1.489111908455608, 0.0 ], [ 29.977683322695029, -1.48925047162521, 0.0 ], [ 29.977629860536162, -1.489329801620043, 0.0 ], [ 29.977466145335782, -1.489380115606733, 0.0 ], [ 29.977381448752759, -1.489445990620195, 0.0 ], [ 29.977254403404348, -1.489502455254413, 0.0 ], [ 29.977134469548343, -1.489555759794134, 0.0 ], [ 29.97700031133007, -1.489573036168665, 0.0 ], [ 29.976863855606688, -1.4896295015855, 0.0 ], [ 29.976769747640684, -1.489704787316147, 0.0 ], [ 29.976683970750408, -1.489773409116374, 0.0 ], [ 29.97660755037052, -1.489834545754216, 0.0 ], [ 29.976533820737522, -1.489893529818298, 0.0 ], [ 29.976515002084252, -1.489953082466401, 0.0 ], [ 29.976365084027591, -1.490147094312955, 0.0 ], [ 29.976285092415829, -1.490184737715492, 0.0 ], [ 29.97619056054776, -1.49022922314922, 0.0 ], [ 29.976134520278954, -1.49035883618106, 0.0 ], [ 29.976078560889146, -1.490488262894657, 0.0 ], [ 29.976066173700101, -1.490516914043506, 0.0 ], [ 29.976003285995343, -1.490662362171866, 0.0 ], [ 29.975914595749551, -1.490867495818042, 0.0 ], [ 29.975862423993, -1.490950392042057, 0.0 ], [ 29.975871018426922, -1.491271682126497, 0.0 ], [ 29.975767499195999, -1.491337557771223, 0.0 ], [ 29.975688104131546, -1.491388082386726, 0.0 ], [ 29.975591571490686, -1.491449512710642, 0.0 ], [ 29.97558869395683, -1.491601059320534, 0.0 ], [ 29.975649863883575, -1.491737516739014, 0.0 ], [ 29.97569813767878, -1.491845201531809, 0.0 ], [ 29.975742352115194, -1.491943835410466, 0.0 ], [ 29.975799063680299, -1.492070343784646, 0.0 ], [ 29.975871018676276, -1.492156295717976, 0.0 ], [ 29.975958598023453, -1.492379174872859, 0.0 ], [ 29.975851662618823, -1.492375061143271, 0.0 ], [ 29.975845572899193, -1.492381959344236, 0.0 ], [ 29.975883023724467, -1.492971147113841, 0.0 ], [ 29.976096419466817, -1.493867410592264, 0.0 ], [ 29.976194580883512, -1.494119218802117, 0.0 ], [ 29.976283664027068, -1.494579506192446, 0.0 ], [ 29.97638216349446, -1.494571063281011, 0.0 ], [ 29.976455547550866, -1.494571623026162, 0.0 ], [ 29.976467625553237, -1.494632041565877, 0.0 ], [ 29.976581299463373, -1.494817475688262, 0.0 ], [ 29.97660736696206, -1.494859999761406, 0.0 ], [ 29.9767070537129, -1.495185289397465, 0.0 ], [ 29.97672053137714, -1.495296660347678, 0.0 ], [ 29.976857349486302, -1.495426039377603, 0.0 ], [ 29.976953185979969, -1.495516664840375, 0.0 ], [ 29.977041394313055, -1.495600076296263, 0.0 ], [ 29.977064718283046, -1.49562213164421, 0.0 ], [ 29.977093366154506, -1.495649222141371, 0.0 ], [ 29.977131793684414, -1.495685559874955, 0.0 ], [ 29.977137158004162, -1.495692851636617, 0.0 ], [ 29.977175174322085, -1.495777903239419, 0.0 ], [ 29.97720729694538, -1.496120546800371, 0.0 ], [ 29.97749452237483, -1.49650177247924, 0.0 ], [ 29.978006493036236, -1.496852196517329, 0.0 ], [ 29.978509698515449, -1.49731840036728, 0.0 ], [ 29.978694700435867, -1.497525603472728, 0.0 ], [ 29.978798301657672, -1.49774020510713, 0.0 ], [ 29.978805701727275, -1.497917806412284, 0.0 ], [ 29.979049904572967, -1.498302610391276, 0.0 ], [ 29.979212705582864, -1.498435812650073, 0.0 ], [ 29.979316306476534, -1.498791015197213, 0.0 ], [ 29.979412507004731, -1.499094418703864, 0.0 ], [ 29.979455887340659, -1.499332818624087, 0.0 ], [ 29.9796231173707, -1.499263699135501, 0.0 ], [ 29.979689837547898, -1.49927489146872, 0.0 ], [ 29.979705678975122, -1.499290733122177, 0.0 ], [ 29.979912716736656, -1.499391114022682, 0.0 ], [ 29.980031918974419, -1.499397388410445, 0.0 ], [ 29.980201313421365, -1.499391114859036, 0.0 ], [ 29.980288225642276, -1.499424224078493, 0.0 ], [ 29.980291078717187, -1.499461309417384, 0.0 ], [ 29.980044804698554, -1.499793244374533, 0.0 ], [ 29.980022761729206, -1.499824930801232, 0.0 ], [ 29.980001974663153, -1.499911027361623, 0.0 ], [ 29.980387446748974, -1.500350038199823, 0.0 ], [ 29.980708673874837, -1.501078153389075, 0.0 ], [ 29.980690528877421, -1.501387050374388, 0.0 ], [ 29.980708390946447, -1.501469371189659, 0.0 ], [ 29.980875044394192, -1.501473122527739, 0.0 ], [ 29.981007097330043, -1.501490390610463, 0.0 ], [ 29.981092376875612, -1.501501541458714, 0.0 ], [ 29.981349570064378, -1.501512784231478, 0.0 ], [ 29.981560949730241, -1.501512618711754, 0.0 ], [ 29.98182390900995, -1.501529563153112, 0.0 ], [ 29.982069523346105, -1.501523653684959, 0.0 ], [ 29.982326435522662, -1.501500587699802, 0.0 ], [ 29.982560581441547, -1.501488958317932, 0.0 ], [ 29.982772070659671, -1.501500233115386, 0.0 ], [ 29.983091827931755, -1.501477121409874, 0.0 ], [ 29.983213182298314, -1.501419264450954, 0.0 ], [ 29.983309221510734, -1.50139317712974, 0.0 ], [ 29.983311989680249, -1.501374991301463, 0.0 ], [ 29.983344675754676, -1.501383546779329, 0.0 ], [ 29.983437799164033, -1.501407921612546, 0.0 ], [ 29.983474602509173, -1.501380253751145, 0.0 ], [ 29.983727935036363, -1.501121058239731, 0.0 ], [ 29.983940315740774, -1.501133348631323, 0.0 ], [ 29.984167961034302, -1.501024535482288, 0.0 ], [ 29.984413028481434, -1.500950000323254, 0.0 ], [ 29.984635940281176, -1.500961254218353, 0.0 ], [ 29.984915790100786, -1.500949610433218, 0.0 ], [ 29.985032717888451, -1.500943134448894, 0.0 ], [ 29.985200976493893, -1.500933815206052, 0.0 ], [ 29.985229875467798, -1.500932214519651, 0.0 ], [ 29.985487396382506, -1.500983471643416, 0.0 ], [ 29.98584212366141, -1.501046105590315, 0.0 ], [ 29.986093691720214, -1.501068791816895, 0.0 ], [ 29.986328071064783, -1.501085763568062, 0.0 ], [ 29.986556731912195, -1.501102736163061, 0.0 ], [ 29.986842489734403, -1.5011139540418, 0.0 ], [ 29.987122573062273, -1.50113087985647, 0.0 ], [ 29.987351577897638, -1.501187894342764, 0.0 ], [ 29.987647412919912, -1.501211221904579, 0.0 ], [ 29.987803709227403, -1.50128476120181, 0.0 ], [ 29.987922595451934, -1.501581436235583, 0.0 ], [ 29.987931993151104, -1.501604888771378, 0.0 ], [ 29.987830824040039, -1.501810818739761, 0.0 ], [ 29.987903470572125, -1.501962159568159, 0.0 ], [ 29.987929606610258, -1.502016608728515, 0.0 ], [ 29.988119578955811, -1.502193732554513, 0.0 ], [ 29.988153062229408, -1.502200397656458, 0.0 ], [ 29.988276655656151, -1.502225001275682, 0.0 ], [ 29.988434321915449, -1.502256388472099, 0.0 ], [ 29.988776750269746, -1.502210381615395, 0.0 ], [ 29.988993568286737, -1.502175895906834, 0.0 ], [ 29.98945991900538, -1.501962159538543, 0.0 ], [ 29.989568471046677, -1.501912408779635, 0.0 ], [ 29.989768070656471, -1.50186650689641, 0.0 ], [ 29.989918604047521, -1.501851887106699, 0.0 ], [ 29.990064920679181, -1.501837675195843, 0.0 ], [ 29.990372880744214, -1.501768822333398, 0.0 ], [ 29.990566290243486, -1.50166574259681, 0.0 ], [ 29.990736716144959, -1.501545529678946, 0.0 ], [ 29.990924423282561, -1.501442449885706, 0.0 ], [ 29.991152819224048, -1.50142512239969, 0.0 ], [ 29.991465977589876, -1.501293353795835, 0.0 ], [ 29.991837099732116, -1.501264470588909, 0.0 ], [ 29.992042542597297, -1.501235722386242, 0.0 ], [ 29.992333047882436, -1.501126846200849, 0.0 ], [ 29.99273088493981, -1.500869218458317, 0.0 ], [ 29.992889561039416, -1.500708982350317, 0.0 ], [ 29.993440400755258, -1.500782627414852, 0.0 ], [ 29.993598591881216, -1.50141606021574, 0.0 ], [ 29.993648390709854, -1.501616542469371, 0.0 ], [ 29.993660641414994, -1.50180137756363, 0.0 ], [ 29.99366479418163, -1.501864028177623, 0.0 ], [ 29.993763801383274, -1.501963122218032, 0.0 ], [ 29.993771085445264, -1.501962195173928, 0.0 ], [ 29.993781237242075, -1.501980574606192, 0.0 ], [ 29.994008115925546, -1.502391299416339, 0.0 ], [ 29.993986701670561, -1.50262686522093, 0.0 ], [ 29.994061654145998, -1.503001630328269, 0.0 ], [ 29.994158022621804, -1.503504886699668, 0.0 ], [ 29.994313685238996, -1.503764325124713, 0.0 ], [ 29.994333647082076, -1.503904056032305, 0.0 ], [ 29.994419209478256, -1.504076310358536, 0.0 ], [ 29.994452147590994, -1.504316285514972, 0.0 ], [ 29.99442391408672, -1.504490384631787, 0.0 ], [ 29.994420462975267, -1.504511668226386, 0.0 ], [ 29.994350758613031, -1.504586351497768, 0.0 ], [ 29.994468541894012, -1.505036070579179, 0.0 ], [ 29.994468726098152, -1.505048787198011, 0.0 ], [ 29.994473780481414, -1.505397493889728, 0.0 ], [ 29.994479249100749, -1.505774892564421, 0.0 ], [ 29.994554202217543, -1.505967628208418, 0.0 ], [ 29.994632798160737, -1.506026576170934, 0.0 ], [ 29.994646534031681, -1.506053637458007, 0.0 ], [ 29.994711363320882, -1.506181361847638, 0.0 ], [ 29.994725734581227, -1.506209674899554, 0.0 ], [ 29.994775227236975, -1.506377187069923, 0.0 ], [ 29.994816964961704, -1.506518454689059, 0.0 ], [ 29.994821892569515, -1.506535130112645, 0.0 ], [ 29.994939675472867, -1.506845650128299, 0.0 ], [ 29.995066780998151, -1.507054467059893, 0.0 ], [ 29.995068553070666, -1.507139519170613, 0.0 ], [ 29.995070630673162, -1.50723920353289, 0.0 ], [ 29.995118637965696, -1.507334064547925, 0.0 ], [ 29.995129723554534, -1.507355967726575, 0.0 ], [ 29.995129723261805, -1.507487718583079, 0.0 ], [ 29.995049731161814, -1.5076006475778, 0.0 ], [ 29.995026356382084, -1.507655189696077, 0.0 ], [ 29.995020316081686, -1.507673914585735, 0.0 ], [ 29.995002677666097, -1.507784158398277, 0.0 ], [ 29.995033306557669, -1.5078668562821, 0.0 ], [ 29.995049731359007, -1.507911203490169, 0.0 ], [ 29.995110901247113, -1.508000606157243, 0.0 ], [ 29.99516736632912, -1.50810883049206, 0.0 ], [ 29.995195598273245, -1.508231170570551, 0.0 ], [ 29.995195597994613, -1.508358215553772, 0.0 ], [ 29.995195598635323, -1.508475850601344, 0.0 ], [ 29.995209715385329, -1.5085934856801, 0.0 ], [ 29.995289706210013, -1.508668771671069, 0.0 ], [ 29.99541204636839, -1.508697003549539, 0.0 ], [ 29.99549646975121, -1.508730038895649, 0.0 ], [ 29.995520270390891, -1.508739352104048, 0.0 ], [ 29.995529681547719, -1.508828754650883, 0.0 ], [ 29.995506153923344, -1.50891345125718, 0.0 ], [ 29.99549646907024, -1.50906115213133, 0.0 ], [ 29.995487333347786, -1.509200480479201, 0.0 ], [ 29.995517626177403, -1.509273690636045, 0.0 ], [ 29.995528592071683, -1.509383345711103, 0.0 ], [ 29.99551391926185, -1.509574083190832, 0.0 ], [ 29.995506154300955, -1.509605144825269, 0.0 ], [ 29.995459100106153, -1.50968984138139, 0.0 ], [ 29.995402636331715, -1.509788654628423, 0.0 ], [ 29.995382808679832, -1.509883826622209, 0.0 ], [ 29.995379109531097, -1.509901583752126, 0.0 ], [ 29.995367100878415, -1.509911875504073, 0.0 ], [ 29.995343378351773, -1.509932209379236, 0.0 ], [ 29.995313233594803, -1.509958048649338, 0.0 ], [ 29.995195598016835, -1.50998628000605, 0.0 ], [ 29.995120312588718, -1.510014513261313, 0.0 ], [ 29.995030910013075, -1.510099210616076, 0.0 ], [ 29.994997971908802, -1.510183907194094, 0.0 ], [ 29.994960329060255, -1.510254488857501, 0.0 ], [ 29.994899159608465, -1.510339185367813, 0.0 ], [ 29.994852105197161, -1.510499168628396, 0.0 ], [ 29.994762702591302, -1.510583865067124, 0.0 ], [ 29.994720354020394, -1.510668562522082, 0.0 ], [ 29.994687416634171, -1.510819135877681, 0.0 ], [ 29.994588603349332, -1.510988529843487, 0.0 ], [ 29.994545147522654, -1.511082683354272, 0.0 ], [ 29.994536981748837, -1.511100375350562, 0.0 ], [ 29.994232975458669, -1.511278585384247, 0.0 ], [ 29.994093777394362, -1.511460614434993, 0.0 ], [ 29.994058961591939, -1.511627732039762, 0.0 ], [ 29.99398160808088, -1.511680221789986, 0.0 ], [ 29.993896910990287, -1.511793150723756, 0.0 ], [ 29.993835740475802, -1.511906080625844, 0.0 ], [ 29.993816919247887, -1.51201900974337, 0.0 ], [ 29.993819106681514, -1.512033500905138, 0.0 ], [ 29.993832825324041, -1.512124388581563, 0.0 ], [ 29.993854562162685, -1.512268395744655, 0.0 ], [ 29.993868677952374, -1.512390735795453, 0.0 ], [ 29.99384515104412, -1.512503664899322, 0.0 ], [ 29.993765160598553, -1.512578951386416, 0.0 ], [ 29.993675756884912, -1.512691880296764, 0.0 ], [ 29.993666346004336, -1.512837747830403, 0.0 ], [ 29.993647525617103, -1.512964793656997, 0.0 ], [ 29.993630745550902, -1.513010557150034, 0.0 ], [ 29.993595766331861, -1.513105954288325, 0.0 ], [ 29.993579636126089, -1.513120889482402, 0.0 ], [ 29.993429907182744, -1.513152411047635, 0.0 ], [ 29.993108680434649, -1.513259487400057, 0.0 ], [ 29.992906347507652, -1.513381828561988, 0.0 ], [ 29.992777590983373, -1.513414017637369, 0.0 ], [ 29.992645277086616, -1.513520029098554, 0.0 ], [ 29.992633923569567, -1.513529126053895, 0.0 ], [ 29.992610413192811, -1.513514759632769, 0.0 ], [ 29.992579528729582, -1.513534942408291, 0.0 ], [ 29.992422265945635, -1.513525248832135, 0.0 ], [ 29.992250251351816, -1.513593787712724, 0.0 ], [ 29.992041499513807, -1.513770424022237, 0.0 ], [ 29.992037922610436, -1.513773450310683, 0.0 ], [ 29.991878592323317, -1.513882085443976, 0.0 ], [ 29.991802356685671, -1.513934064102247, 0.0 ], [ 29.991631947084571, -1.514019268400581, 0.0 ], [ 29.991614795957528, -1.514023506603344, 0.0 ], [ 29.991553626561696, -1.514032916299416, 0.0 ], [ 29.991445402004839, -1.51407997006957, 0.0 ], [ 29.991252481453557, -1.514131730268437, 0.0 ], [ 29.99115366822895, -1.51418348902949, 0.0 ], [ 29.991040737878059, -1.514254070310541, 0.0 ], [ 29.990965452113262, -1.514315240904401, 0.0 ], [ 29.990952718897464, -1.514362253443028, 0.0 ], [ 29.990806551128173, -1.514469443234331, 0.0 ], [ 29.990656645140923, -1.514469443493793, 0.0 ], [ 29.990281880029986, -1.514501565312999, 0.0 ], [ 29.989864285655521, -1.514726424111259, 0.0 ], [ 29.989682256402205, -1.514812085852669, 0.0 ], [ 29.989660841669913, -1.514833500496931, 0.0 ], [ 29.989583561898186, -1.514830837413272, 0.0 ], [ 29.989572577768715, -1.514832747566038, 0.0 ], [ 29.989355299725059, -1.515140557373871, 0.0 ], [ 29.989266103216146, -1.515266918137508, 0.0 ], [ 29.988760387717669, -1.515983349495422, 0.0 ], [ 29.988608812765751, -1.516144397506027, 0.0 ], [ 29.988296804083099, -1.516475906093837, 0.0 ], [ 29.988280426598632, -1.516503895224028, 0.0 ], [ 29.988240591660386, -1.51653563228145, 0.0 ], [ 29.988183694489688, -1.516580964085674, 0.0 ], [ 29.988138891267781, -1.5166436895011, 0.0 ], [ 29.988108697712541, -1.516685961684014, 0.0 ], [ 29.988036921957868, -1.516786446074331, 0.0 ], [ 29.98796177687694, -1.516891649881811, 0.0 ], [ 29.987878563035821, -1.51700814845684, 0.0 ], [ 29.987791115291873, -1.517130574792868, 0.0 ], [ 29.987708711691756, -1.517155944245124, 0.0 ], [ 29.987658712885562, -1.517230941245876, 0.0 ], [ 29.987591576273783, -1.517331647238259, 0.0 ], [ 29.987536189597908, -1.517414726401634, 0.0 ], [ 29.987477232279627, -1.517503162620959, 0.0 ], [ 29.987427701693669, -1.517577459571667, 0.0 ], [ 29.987353783273367, -1.517688335191929, 0.0 ], [ 29.987278726597637, -1.517725924742177, 0.0 ], [ 29.98715283466732, -1.517788970735566, 0.0 ], [ 29.987119600088999, -1.517784797388078, 0.0 ], [ 29.987088733631765, -1.517780922523974, 0.0 ], [ 29.987003095727456, -1.517770170768768, 0.0 ], [ 29.98690549195242, -1.517815313260843, 0.0 ], [ 29.986758745157033, -1.51804091201366, 0.0 ], [ 29.986628749694688, -1.518095911027577, 0.0 ], [ 29.986498754070745, -1.51817590822446, 0.0 ], [ 29.986393758152296, -1.518245905029192, 0.0 ], [ 29.986168766006269, -1.518350901601923, 0.0 ], [ 29.986023771732516, -1.518415899215817, 0.0 ], [ 29.986018044170191, -1.518420399739271, 0.0 ], [ 29.985680835988941, -1.518555282289151, 0.0 ], [ 29.985610252624536, -1.51866115985944, 0.0 ], [ 29.985511412356168, -1.518809417215138, 0.0 ], [ 29.985207059054659, -1.519265948903455, 0.0 ], [ 29.983379633619336, -1.520450390649965, 0.0 ], [ 29.983047223496076, -1.52101133281515, 0.0 ], [ 29.983003878018071, -1.521040806802248, 0.0 ], [ 29.982950128136874, -1.521175179220731, 0.0 ], [ 29.982945944514579, -1.521185640096451, 0.0 ], [ 29.982943880114906, -1.521190801796045, 0.0 ], [ 29.982939434129534, -1.521193226600477, 0.0 ], [ 29.982778886148491, -1.521280797216701, 0.0 ], [ 29.982633890960535, -1.521310796769366, 0.0 ], [ 29.982553893998151, -1.52132579648101, 0.0 ], [ 29.982522001012907, -1.521340391387076, 0.0 ], [ 29.981484524085815, -1.521262580687868, 0.0 ], [ 29.981363112487525, -1.521257521027892, 0.0 ], [ 29.980924689310505, -1.52123925354403, 0.0 ], [ 29.980741194181, -1.521231608367764, 0.0 ], [ 29.979860146346713, -1.52119489755306, 0.0 ], [ 29.979496133588121, -1.521177140586711, 0.0 ], [ 29.979367426205972, -1.521170862445299, 0.0 ], [ 29.979297194891323, -1.521167436603212, 0.0 ], [ 29.979194842185159, -1.521002672229745, 0.0 ], [ 29.979167792881814, -1.520965219453688, 0.0 ], [ 29.979119016716258, -1.520960809768762, 0.0 ], [ 29.979069018314501, -1.520860812906436, 0.0 ], [ 29.97905278858282, -1.520835453681773, 0.0 ], [ 29.978989020902187, -1.520735817559996, 0.0 ], [ 29.978879024997205, -1.520625821371686, 0.0 ], [ 29.978794245758845, -1.520568292772736, 0.0 ], [ 29.978708380278952, -1.520479565037372, 0.0 ], [ 29.978465675326905, -1.520065538187667, 0.0 ], [ 29.978422756348053, -1.520039787061914, 0.0 ], [ 29.978326882456457, -1.519982262855378, 0.0 ], [ 29.978251524407536, -1.519937047559817, 0.0 ], [ 29.977723283269128, -1.519594405322522, 0.0 ], [ 29.977437748665416, -1.519237486009115, 0.0 ], [ 29.977023722694593, -1.518866290298201, 0.0 ], [ 29.976900345117649, -1.518751138481504, 0.0 ], [ 29.976869987601454, -1.51872280434101, 0.0 ], [ 29.976809570044317, -1.518666415538071, 0.0 ], [ 29.976686404754023, -1.518619612355733, 0.0 ], [ 29.976383066010399, -1.518504344588012, 0.0 ], [ 29.976380658353342, -1.518503429254647, 0.0 ], [ 29.976095732510441, -1.518395157596652, 0.0 ], [ 29.976050034893849, -1.518356831776549, 0.0 ], [ 29.975653151952628, -1.518023961306974, 0.0 ], [ 29.975533548155127, -1.517994060525973, 0.0 ], [ 29.975520964336408, -1.517990914693517, 0.0 ], [ 29.975082080989498, -1.517881193113402, 0.0 ], [ 29.974739439181743, -1.517809809646403, 0.0 ], [ 29.974689856065492, -1.517803926497794, 0.0 ], [ 29.974466865505395, -1.517777470405597, 0.0 ], [ 29.97389711041054, -1.517709872850655, 0.0 ], [ 29.97316899520019, -1.517838363205158, 0.0 ], [ 29.973074231619918, -1.517840922527825, 0.0 ], [ 29.972799240699153, -1.517785922868932, 0.0 ], [ 29.972674245421747, -1.517765922008841, 0.0 ], [ 29.972579248209929, -1.517765922607958, 0.0 ], [ 29.972509251289008, -1.517785922797395, 0.0 ], [ 29.972399255569414, -1.517840920297323, 0.0 ], [ 29.972339301096248, -1.517847230802712, 0.0 ], [ 29.972328130912185, -1.517848406448416, 0.0 ], [ 29.972304258227346, -1.517850919617048, 0.0 ], [ 29.972286222536265, -1.517867666244554, 0.0 ], [ 29.972009454751692, -1.517751810312106, 0.0 ], [ 29.971760503204912, -1.517775902599962, 0.0 ], [ 29.971318815503132, -1.517848178861433, 0.0 ], [ 29.971098135605526, -1.517955952385494, 0.0 ], [ 29.970973496048561, -1.518016822230685, 0.0 ], [ 29.97067636154339, -1.518169405821688, 0.0 ], [ 29.970663748908759, -1.518170966736148, 0.0 ], [ 29.970584319193495, -1.518110910847129, 0.0 ], [ 29.970474323122268, -1.518120910784649, 0.0 ], [ 29.970364327268072, -1.51818090709305, 0.0 ], [ 29.970204333349621, -1.518215906323654, 0.0 ], [ 29.969944342555973, -1.518255905773304, 0.0 ], [ 29.969920086047775, -1.518263039762479, 0.0 ], [ 29.969833139386797, -1.518273804252632, 0.0 ], [ 29.969736771051242, -1.518313958820473, 0.0 ], [ 29.969391452209923, -1.518233651127945, 0.0 ], [ 29.969198714955095, -1.518354111619823, 0.0 ], [ 29.969287053107202, -1.518578970856741, 0.0 ], [ 29.969190685272721, -1.51883595272929, 0.0 ], [ 29.968644598736169, -1.519205363393437, 0.0 ], [ 29.968411709621595, -1.519550683906109, 0.0 ], [ 29.968304963501826, -1.519912430226396, 0.0 ], [ 29.968289401086711, -1.519925846658184, 0.0 ], [ 29.968204403946942, -1.520040841222944, 0.0 ], [ 29.968169405607714, -1.520130838338895, 0.0 ], [ 29.968144405975618, -1.520250834512635, 0.0 ], [ 29.968099407507928, -1.520345831297012, 0.0 ], [ 29.96799441145054, -1.520500825006037, 0.0 ], [ 29.967989411006034, -1.520620821475526, 0.0 ], [ 29.967924413924354, -1.520735817230316, 0.0 ], [ 29.967901442367207, -1.520816218270258, 0.0 ], [ 29.967884415246488, -1.520875812448781, 0.0 ], [ 29.967860720442534, -1.520940974342254, 0.0 ], [ 29.967835831684752, -1.521097416366001, 0.0 ], [ 29.967831814933195, -1.521122662312967, 0.0 ], [ 29.967817438574762, -1.521213033270041, 0.0 ], [ 29.967764043227714, -1.521436323013517, 0.0 ], [ 29.967729101530718, -1.521582445070859, 0.0 ], [ 29.967615150683901, -1.521968889145173, 0.0 ], [ 29.967614329212381, -1.521971672135791, 0.0 ], [ 29.967584426430619, -1.522250763382244, 0.0 ], [ 29.967506993476945, -1.522379817756113, 0.0 ], [ 29.967479429043621, -1.522425757237795, 0.0 ], [ 29.967444431681479, -1.522565752520467, 0.0 ], [ 29.967446068461957, -1.522611592050729, 0.0 ], [ 29.967449430959224, -1.522705747505865, 0.0 ], [ 29.96740943221192, -1.522845742711457, 0.0 ], [ 29.967376370181317, -1.522899468546786, 0.0 ], [ 29.967351658937154, -1.523140397360706, 0.0 ], [ 29.9672813837457, -1.523302573819851, 0.0 ], [ 29.967274437185946, -1.523325725006268, 0.0 ], [ 29.967184440255892, -1.523560716890831, 0.0 ], [ 29.967131886389456, -1.523697942460792, 0.0 ], [ 29.967076683881412, -1.523842079820897, 0.0 ], [ 29.967052035045192, -1.523935620720472, 0.0 ], [ 29.967051074257338, -1.523939265652693, 0.0 ], [ 29.966960686712298, -1.523854485324963, 0.0 ], [ 29.96689734360401, -1.523702463827569, 0.0 ], [ 29.966822955368439, -1.523835017550027, 0.0 ], [ 29.966789206511475, -1.523958763429252, 0.0 ], [ 29.966804205566408, -1.524056259210357, 0.0 ], [ 29.96682018143499, -1.524160101555563, 0.0 ], [ 29.966695459500528, -1.524228753054065, 0.0 ], [ 29.966680460551967, -1.524300001132739, 0.0 ], [ 29.966658004370224, -1.524406667487898, 0.0 ], [ 29.966669210071434, -1.524611240536894, 0.0 ], [ 29.966676620642364, -1.524746500744764, 0.0 ], [ 29.966680499332213, -1.524817320406036, 0.0 ], [ 29.966650460946166, -1.52490372960101, 0.0 ], [ 29.966586713353529, -1.524929978555535, 0.0 ], [ 29.966579213036209, -1.525019975163131, 0.0 ], [ 29.966574144209005, -1.525080808615271, 0.0 ], [ 29.966568204359419, -1.525152087585302, 0.0 ], [ 29.966562669907962, -1.525218488844782, 0.0 ], [ 29.966555783528388, -1.525301143109436, 0.0 ], [ 29.966527498189528, -1.525351786626879, 0.0 ], [ 29.966554342495332, -1.525384144769266, 0.0 ], [ 29.96682438146301, -1.525607600502418, 0.0 ], [ 29.966846246580996, -1.525599456239261, 0.0 ], [ 29.966799941662195, -1.525722936012046, 0.0 ], [ 29.96677601034974, -1.525733192141117, 0.0 ], [ 29.966391339491881, -1.525797304634811, 0.0 ], [ 29.96619653110135, -1.525894709378052, 0.0 ], [ 29.96617842447553, -1.525900034512866, 0.0 ], [ 29.966152332529873, -1.525916808091295, 0.0 ], [ 29.965849878892577, -1.526068034207962, 0.0 ], [ 29.965003849463447, -1.526338763197428, 0.0 ], [ 29.964868263474941, -1.526415030807237, 0.0 ], [ 29.964519311023981, -1.526492575582471, 0.0 ], [ 29.964278094484339, -1.526741773773157, 0.0 ], [ 29.964248443940757, -1.526790843486534, 0.0 ], [ 29.964173001361463, -1.52691569928724, 0.0 ], [ 29.964142239962264, -1.526966607733874, 0.0 ], [ 29.964033571459623, -1.52704692769102, 0.0 ], [ 29.963887088259522, -1.527184794653074, 0.0 ], [ 29.963691991175263, -1.527119762058932, 0.0 ], [ 29.963603567035495, -1.527106662261742, 0.0 ], [ 29.963000253592448, -1.526923513674722, 0.0 ], [ 29.962580088083595, -1.526740364516829, 0.0 ], [ 29.962192243712447, -1.526589536487747, 0.0 ], [ 29.962116357689297, -1.526524117847129, 0.0 ], [ 29.961894390266764, -1.526332765052191, 0.0 ], [ 29.961721250530509, -1.526237240838976, 0.0 ], [ 29.96167259165097, -1.526253804124363, 0.0 ], [ 29.961610732267602, -1.526274861399886, 0.0 ], [ 29.96161043658638, -1.526274962693341, 0.0 ], [ 29.961598493402363, -1.526279028900733, 0.0 ], [ 29.961320495538573, -1.526373661356336, 0.0 ], [ 29.961175337179814, -1.52654785190192, 0.0 ], [ 29.961083641719146, -1.526635546022915, 0.0 ], [ 29.960898388406456, -1.52682296525557, 0.0 ], [ 29.960614010488779, -1.527061787246863, 0.0 ], [ 29.960550658536658, -1.527118904110099, 0.0 ], [ 29.960151102169757, -1.52745250789401, 0.0 ], [ 29.959994712539913, -1.527565846529221, 0.0 ], [ 29.959227813323558, -1.527795158857848, 0.0 ], [ 29.959208520344298, -1.527800927092116, 0.0 ], [ 29.959116662322788, -1.527828394484583, 0.0 ], [ 29.958648327892668, -1.527660061293427, 0.0 ], [ 29.957768328040771, -1.52673172865781, 0.0 ], [ 29.957729794698803, -1.52671875441881, 0.0 ], [ 29.95761867207808, -1.526681339510001, 0.0 ], [ 29.956816917895225, -1.526411390299618, 0.0 ], [ 29.955958328628792, -1.526060061445524, 0.0 ], [ 29.955956909975512, -1.525994841295085, 0.0 ], [ 29.955956866877571, -1.525992841548152, 0.0 ], [ 29.955956836349984, -1.525991418842613, 0.0 ], [ 29.955944995091937, -1.525446728834104, 0.0 ], [ 29.955789995338865, -1.525138394820404, 0.0 ], [ 29.955777181444539, -1.525134908792831, 0.0 ], [ 29.95561883471801, -1.524923208288811, 0.0 ], [ 29.955410036631282, -1.524706380281915, 0.0 ], [ 29.955313667994243, -1.524473490612516, 0.0 ], [ 29.95516911598979, -1.524079987127504, 0.0 ], [ 29.955008502234577, -1.523766790601336, 0.0 ], [ 29.954896072941526, -1.523606176337443, 0.0 ], [ 29.955016533705066, -1.523525870660986, 0.0 ], [ 29.95496031815815, -1.523164489767135, 0.0 ], [ 29.954958710581302, -1.523153233812953, 0.0 ], [ 29.954947574359881, -1.523075282373059, 0.0 ], [ 29.954896073501462, -1.52271477165983, 0.0 ], [ 29.954743489875167, -1.52188761159446, 0.0 ], [ 29.954663183404762, -1.521694874531411, 0.0 ], [ 29.954791674734246, -1.52154229146156, 0.0 ], [ 29.954687274983822, -1.520723162137563, 0.0 ], [ 29.954727428512275, -1.520265413771503, 0.0 ], [ 29.954711367364837, -1.519711296531985, 0.0 ], [ 29.954871980981196, -1.519365977852934, 0.0 ], [ 29.955145024685642, -1.519173241871097, 0.0 ], [ 29.955337760633764, -1.519068842134611, 0.0 ], [ 29.955337759948723, -1.518795798547231, 0.0 ], [ 29.955233361752384, -1.518595031264711, 0.0 ], [ 29.955221613010213, -1.518585152581268, 0.0 ], [ 29.955098876271819, -1.51848194104842, 0.0 ], [ 29.95488001161614, -1.518297896504029, 0.0 ], [ 29.954679243977139, -1.518008792837595, 0.0 ], [ 29.954603782548936, -1.517863258383478, 0.0 ], [ 29.95459319607582, -1.517842842840748, 0.0 ], [ 29.954594623315536, -1.517839226866753, 0.0 ], [ 29.954589679533512, -1.517836060271418, 0.0 ], [ 29.954578342356609, -1.517828799081052, 0.0 ], [ 29.95446414198485, -1.517755659860391, 0.0 ], [ 29.954186289974967, -1.517577707299274, 0.0 ], [ 29.954080602555564, -1.517278701840378, 0.0 ], [ 29.953855743005509, -1.516786153486446, 0.0 ], [ 29.953691575565308, -1.516470935333296, 0.0 ], [ 29.95365379096561, -1.516377978430839, 0.0 ], [ 29.953669860148196, -1.516288053510955, 0.0 ], [ 29.953636816634337, -1.516009766095627, 0.0 ], [ 29.953572570741279, -1.515174575375345, 0.0 ], [ 29.953390541359671, -1.514864055449164, 0.0 ], [ 29.953294172908436, -1.514735564015837, 0.0 ], [ 29.953069314192415, -1.513889666488756, 0.0 ], [ 29.953058015653067, -1.513674982498844, 0.0 ], [ 29.953050177556158, -1.513526052337508, 0.0 ], [ 29.953026484498004, -1.513075890046529, 0.0 ], [ 29.952994361113412, -1.512893862696004, 0.0 ], [ 29.952962238199291, -1.512272822762873, 0.0 ], [ 29.952873729075591, -1.511272563321969, 0.0 ], [ 29.952873732358395, -1.511120256099871, 0.0 ], [ 29.952873754328255, -1.51010055826111, 0.0 ], [ 29.952873756005463, -1.510022684831282, 0.0 ], [ 29.952895868742104, -1.509904016517052, 0.0 ], [ 29.953003724248138, -1.50932518231173, 0.0 ], [ 29.953010098665953, -1.509290973312526, 0.0 ], [ 29.953025841009573, -1.509269538111095, 0.0 ], [ 29.953458550423292, -1.5086803965244, 0.0 ], [ 29.953629155577524, -1.508448114867462, 0.0 ], [ 29.953646161537456, -1.508424959417816, 0.0 ], [ 29.953734005060198, -1.508316066021847, 0.0 ], [ 29.953782633182893, -1.508249857459557, 0.0 ], [ 29.954373395727313, -1.507472423612534, 0.0 ], [ 29.954509738703486, -1.506649248211309, 0.0 ], [ 29.954509759615384, -1.505597408747515, 0.0 ], [ 29.954509775677739, -1.504865693309519, 0.0 ], [ 29.954520237515958, -1.504869396361124, 0.0 ], [ 29.954483225441372, -1.504801407824306, 0.0 ], [ 29.954459744629439, -1.504765069108045, 0.0 ], [ 29.953873611955643, -1.503711668819507, 0.0 ], [ 29.953600962497273, -1.503665930225312, 0.0 ], [ 29.953412472273776, -1.503652377474593, 0.0 ], [ 29.952964777672875, -1.503620185555609, 0.0 ], [ 29.952783012482875, -1.503482984172736, 0.0 ], [ 29.952391972233116, -1.503017873150891, 0.0 ], [ 29.952380006191799, -1.503003640410318, 0.0 ], [ 29.952283164391485, -1.502888455243707, 0.0 ], [ 29.951374343680957, -1.502202452431562, 0.0 ], [ 29.951364117971497, -1.502006855120115, 0.0 ], [ 29.951329560959259, -1.501345788482445, 0.0 ], [ 29.951285926166474, -1.501249462317345, 0.0 ], [ 29.951242432141182, -1.501046491154288, 0.0 ], [ 29.951270086904895, -1.500738633034234, 0.0 ], [ 29.951251818569858, -1.500708722351879, 0.0 ], [ 29.951382260902363, -1.500594583258201, 0.0 ], [ 29.951511543369215, -1.500422208186637, 0.0 ], [ 29.951651598047231, -1.500195965007507, 0.0 ], [ 29.951716239093471, -1.500055910029574, 0.0 ], [ 29.951727012403303, -1.499829667587543, 0.0 ], [ 29.951787121101031, -1.499654704223291, 0.0 ], [ 29.951744291447863, -1.499440552228832, 0.0 ], [ 29.951669338532881, -1.499215693505432, 0.0 ], [ 29.951551554704615, -1.498958711260104, 0.0 ], [ 29.951571038898575, -1.498910747626368, 0.0 ], [ 29.951648865118052, -1.498719178893983, 0.0 ], [ 29.951690753562985, -1.498616069424499, 0.0 ], [ 29.951787121579844, -1.498359087410259, 0.0 ], [ 29.951797827903061, -1.498112813128621, 0.0 ], [ 29.951829951537842, -1.497941492277427, 0.0 ], [ 29.95179782804119, -1.497695218855957, 0.0 ], [ 29.951733583027689, -1.497523896775355, 0.0 ], [ 29.951647922357783, -1.497448943727236, 0.0 ], [ 29.951645758401867, -1.497442693906241, 0.0 ], [ 29.951661121374492, -1.497300005870212, 0.0 ], [ 29.951605092090251, -1.497224084808217, 0.0 ], [ 29.951588404233775, -1.496965416192064, 0.0 ], [ 29.951547257198403, -1.496825381471025, 0.0 ], [ 29.951519431579257, -1.496774366062644, 0.0 ], [ 29.951176789604354, -1.496206865460488, 0.0 ], [ 29.950909099200402, -1.49584280700795, 0.0 ], [ 29.950813833506768, -1.495755037608093, 0.0 ], [ 29.950564597719069, -1.49553306102045, 0.0 ], [ 29.950486226477274, -1.495463262574279, 0.0 ], [ 29.950473042681729, -1.495451520660998, 0.0 ], [ 29.949659883051943, -1.495363346785435, 0.0 ], [ 29.948910352706484, -1.495481129891551, 0.0 ], [ 29.947946671587221, -1.495449006250593, 0.0 ], [ 29.947582613737268, -1.495331223234967, 0.0 ], [ 29.947486244911229, -1.495192025545813, 0.0 ], [ 29.94755049170481, -1.494817260510276, 0.0 ], [ 29.947223498159918, -1.49456384017207, 0.0 ], [ 29.947401400483116, -1.493644686498095, 0.0 ], [ 29.947568005913848, -1.493179739062726, 0.0 ], [ 29.947824987986408, -1.492601530881344, 0.0 ], [ 29.947820723768377, -1.492557049762128, 0.0 ], [ 29.947806382123165, -1.492407492625859, 0.0 ], [ 29.947750035340615, -1.491819877863318, 0.0 ], [ 29.947214656569525, -1.491327328635683, 0.0 ], [ 29.94721721237023, -1.491294739432958, 0.0 ], [ 29.947219205409315, -1.491269324340913, 0.0 ], [ 29.947222864258283, -1.491222678150237, 0.0 ], [ 29.947225179132047, -1.491193160465366, 0.0 ], [ 29.947257486670082, -1.490781242419741, 0.0 ], [ 29.94626168246614, -1.490267278840614, 0.0 ], [ 29.945790549685622, -1.489282182733069, 0.0 ], [ 29.945747718384496, -1.488982370752324, 0.0 ], [ 29.946143899509803, -1.488982370577678, 0.0 ], [ 29.946679277402506, -1.488543359279244, 0.0 ], [ 29.947408796243479, -1.489202924230104, 0.0 ], [ 29.947444801731617, -1.489252663700351, 0.0 ], [ 29.947475537427316, -1.48921719810611, 0.0 ], [ 29.947657566334986, -1.489045877280304, 0.0 ], [ 29.947861010446573, -1.488799603084352, 0.0 ], [ 29.947903840220263, -1.488564036497141, 0.0 ], [ 29.948053747302357, -1.488285639343314, 0.0 ], [ 29.948044134521378, -1.48821834868527, 0.0 ], [ 29.948196548312868, -1.488044327313161, 0.0 ], [ 29.947889564596245, -1.487822834770224, 0.0 ], [ 29.947597043480222, -1.487539178543553, 0.0 ], [ 29.947595463607289, -1.487536996059692, 0.0 ], [ 29.947421763876871, -1.487297006040457, 0.0 ], [ 29.947417646142956, -1.487291317834175, 0.0 ], [ 29.947125293951895, -1.48682560864516, 0.0 ], [ 29.947018217943917, -1.486664995032721, 0.0 ], [ 29.946857801501785, -1.48641255187311, 0.0 ], [ 29.946795678273048, -1.486234706787484, 0.0 ], [ 29.946754955012697, -1.486169612287325, 0.0 ], [ 29.94674000936708, -1.486102138795075, 0.0 ], [ 29.946738467356095, -1.486095176275223, 0.0 ], [ 29.946733675080683, -1.48607354072864, 0.0 ], [ 29.946711530230274, -1.485992739035876, 0.0 ], [ 29.94670599548212, -1.48586457332928, 0.0 ], [ 29.946804405074772, -1.48565550407095, 0.0 ], [ 29.946805666920447, -1.485652823301547, 0.0 ], [ 29.946847474099194, -1.485413392880238, 0.0 ], [ 29.946861036510192, -1.485335719652376, 0.0 ], [ 29.946969467449716, -1.484714727258854, 0.0 ], [ 29.946969819749111, -1.484714422466541, 0.0 ], [ 29.947485747710665, -1.48426938859079, 0.0 ], [ 29.947899883591685, -1.484138290682811, 0.0 ], [ 29.947900045364289, -1.484138041057478, 0.0 ], [ 29.947900234992265, -1.484137981368039, 0.0 ], [ 29.94798884052193, -1.484001884023636, 0.0 ], [ 29.948055038746766, -1.483900205122159, 0.0 ], [ 29.948158131884945, -1.48374185222585, 0.0 ], [ 29.948293873624429, -1.483291080337376, 0.0 ], [ 29.948293874167241, -1.483228976040045, 0.0 ], [ 29.948293524433005, -1.483157499787598, 0.0 ], [ 29.948293525003571, -1.483132916742338, 0.0 ], [ 29.948256908621968, -1.483115402044324, 0.0 ], [ 29.948293525925276, -1.483093203095011, 0.0 ], [ 29.948293525927866, -1.483093091847237, 0.0 ], [ 29.948293878224334, -1.483092894684662, 0.0 ], [ 29.948293886621748, -1.482731025564736, 0.0 ], [ 29.948324507658054, -1.482248403579108, 0.0 ], [ 29.948334619968573, -1.48208901378917, 0.0 ], [ 29.948293915503182, -1.481446999193161, 0.0 ], [ 29.948443225483473, -1.481160146226443, 0.0 ], [ 29.94859254108901, -1.480627414852386, 0.0 ], [ 29.948931887358018, -1.479698552615152, 0.0 ], [ 29.949176210430203, -1.479302421190009, 0.0 ], [ 29.949196574979933, -1.479264848851405, 0.0 ], [ 29.949271910955801, -1.479125856882828, 0.0 ], [ 29.949339092656214, -1.479001909403693, 0.0 ], [ 29.949420868159201, -1.477894600590274, 0.0 ], [ 29.949436510358982, -1.47768279963916, 0.0 ], [ 29.949436259645157, -1.477681741422787, 0.0 ], [ 29.949440352686899, -1.477626317508672, 0.0 ], [ 29.949402642668872, -1.477529175622323, 0.0 ], [ 29.94939591807691, -1.47751185427867, 0.0 ], [ 29.94931163467615, -1.477294735562173, 0.0 ], [ 29.949230204516031, -1.476925916535075, 0.0 ], [ 29.949433808273575, -1.476516125065714, 0.0 ], [ 29.949366634276323, -1.476104706605714, 0.0 ], [ 29.949284537430628, -1.475095497369629, 0.0 ], [ 29.94924954462066, -1.474901777088045, 0.0 ], [ 29.94922616246798, -1.474772333872762, 0.0 ], [ 29.949208112536827, -1.474672412143523, 0.0 ], [ 29.949203110099337, -1.474644720374292, 0.0 ], [ 29.949299501658537, -1.474064383580034, 0.0 ], [ 29.949310167087084, -1.474000167621768, 0.0 ], [ 29.949313341728153, -1.473981057495258, 0.0 ], [ 29.94939900246635, -1.473691953588196, 0.0 ], [ 29.949488169934757, -1.473401679393405, 0.0 ], [ 29.949585915409088, -1.473194019082148, 0.0 ], [ 29.949651446334478, -1.473054798035117, 0.0 ], [ 29.949854657398657, -1.472623076203073, 0.0 ], [ 29.9500414564279, -1.472267845426416, 0.0 ], [ 29.950031140958586, -1.471024876336319, 0.0 ], [ 29.950221171538136, -1.470669724294147, 0.0 ], [ 29.950384053556697, -1.470382870534892, 0.0 ], [ 29.950451920306559, -1.470232614269957, 0.0 ], [ 29.950438354484717, -1.469945756557132, 0.0 ], [ 29.950418377044784, -1.469876500289368, 0.0 ], [ 29.950469759132904, -1.469473169394271, 0.0 ], [ 29.950544712015219, -1.468712931675, 0.0 ], [ 29.950491174425018, -1.46795269380085, 0.0 ], [ 29.950525306152691, -1.467662565736102, 0.0 ], [ 29.950547420453027, -1.467373984018204, 0.0 ], [ 29.950555418975238, -1.46724599315411, 0.0 ], [ 29.950534004719255, -1.466881936524518, 0.0 ], [ 29.95057683398975, -1.466592831585917, 0.0 ], [ 29.950664431312717, -1.466122747369693, 0.0 ], [ 29.950871990203911, -1.466231817313499, 0.0 ], [ 29.950898392761928, -1.466161411606955, 0.0 ], [ 29.951091127949589, -1.465925844568328, 0.0 ], [ 29.951219619231672, -1.46579735346739, 0.0 ], [ 29.951305279968118, -1.465647447577088, 0.0 ], [ 29.951530139006277, -1.465369050795917, 0.0 ], [ 29.951754998587809, -1.465272682524754, 0.0 ], [ 29.951904904380772, -1.46516560659432, 0.0 ], [ 29.952258254178947, -1.465069238329175, 0.0 ], [ 29.952954246400925, -1.464930040536928, 0.0 ], [ 29.954014296249909, -1.464426784846665, 0.0 ], [ 29.954592505105776, -1.464105556457712, 0.0 ], [ 29.954838780661206, -1.464309000236046, 0.0 ], [ 29.955566895213703, -1.464458906373719, 0.0 ], [ 29.955888121916551, -1.46463022805049, 0.0 ], [ 29.956477038459465, -1.465058530130755, 0.0 ], [ 29.956776851611618, -1.465347635559732, 0.0 ], [ 29.956969486646422, -1.465286155431453, 0.0 ], [ 29.95718793343887, -1.465256304529623, 0.0 ], [ 29.957184995325278, -1.465223394115207, 0.0 ], [ 29.957266662612607, -1.465175061676736, 0.0 ], [ 29.957334995570641, -1.465098394253108, 0.0 ], [ 29.95741499530984, -1.465026728679505, 0.0 ], [ 29.957461662542375, -1.464946728829626, 0.0 ], [ 29.95753666272876, -1.464880061167126, 0.0 ], [ 29.95760666243757, -1.464820061039704, 0.0 ], [ 29.957703328384849, -1.464801728695926, 0.0 ], [ 29.957784995770869, -1.464746728604499, 0.0 ], [ 29.95785166257723, -1.464666728220205, 0.0 ], [ 29.957941661892143, -1.464653394655474, 0.0 ], [ 29.958004995362852, -1.464576728019842, 0.0 ], [ 29.958049995545071, -1.464493394308483, 0.0 ], [ 29.958084995091824, -1.464406728400305, 0.0 ], [ 29.958116662331442, -1.464316728612283, 0.0 ], [ 29.958163327881234, -1.464228394204699, 0.0 ], [ 29.958196662104111, -1.464143394266851, 0.0 ], [ 29.958193327964899, -1.464045061087942, 0.0 ], [ 29.958188328479938, -1.463950061694218, 0.0 ], [ 29.95824832853441, -1.463880061716463, 0.0 ], [ 29.958223328594393, -1.463783394135133, 0.0 ], [ 29.958174995468458, -1.463705061202271, 0.0 ], [ 29.958154994948941, -1.463610061526704, 0.0 ], [ 29.958101662320772, -1.463535061410525, 0.0 ], [ 29.958048328766441, -1.463461728201405, 0.0 ], [ 29.957981662192221, -1.463386728735959, 0.0 ], [ 29.957939994959542, -1.463295061562111, 0.0 ], [ 29.957886662470138, -1.463213394712394, 0.0 ], [ 29.957879927962338, -1.463196252473139, 0.0 ], [ 29.957879798556288, -1.463195921440633, 0.0 ], [ 29.957849995619579, -1.463120061627566, 0.0 ], [ 29.957853328015169, -1.463118394782294, 0.0 ], [ 29.958948328681739, -1.463075061124935, 0.0 ], [ 29.960398327901647, -1.462096728832525, 0.0 ], [ 29.96049166221896, -1.462080061403729, 0.0 ], [ 29.960574995272204, -1.462045061420327, 0.0 ], [ 29.960661662338246, -1.462018394225329, 0.0 ], [ 29.960751662403467, -1.462006728356217, 0.0 ], [ 29.960846662141968, -1.461981728208828, 0.0 ], [ 29.960923328052711, -1.461930061724975, 0.0 ], [ 29.961006661992808, -1.461895061725084, 0.0 ], [ 29.961101662421967, -1.461881728116213, 0.0 ], [ 29.96119332871854, -1.461866728441388, 0.0 ], [ 29.961276661982115, -1.461818394068783, 0.0 ], [ 29.961359995099702, -1.461778394234737, 0.0 ], [ 29.961456662687503, -1.46176006172323, 0.0 ], [ 29.961529995401058, -1.461703394435185, 0.0 ], [ 29.961611662498704, -1.461653394016987, 0.0 ], [ 29.961708328140844, -1.461643394227299, 0.0 ], [ 29.961798327905154, -1.461648394685776, 0.0 ], [ 29.961891662419458, -1.461671728476365, 0.0 ], [ 29.961971662456413, -1.461620061107896, 0.0 ], [ 29.962068328714967, -1.461626728577434, 0.0 ], [ 29.962163328625618, -1.461643394751479, 0.0 ], [ 29.962249995416613, -1.461685061692973, 0.0 ], [ 29.962348327888137, -1.461690061365817, 0.0 ], [ 29.962433328669345, -1.46172172863079, 0.0 ], [ 29.962521661981512, -1.461743394498248, 0.0 ], [ 29.962621662628099, -1.46173672854178, 0.0 ], [ 29.962704995381422, -1.461771728680938, 0.0 ], [ 29.962789995299797, -1.461801728119645, 0.0 ], [ 29.962878328509326, -1.461830061606688, 0.0 ], [ 29.962971662144717, -1.461853394448086, 0.0 ], [ 29.9630599954132, -1.461878394111249, 0.0 ], [ 29.96315832827614, -1.461860061553367, 0.0 ], [ 29.963248328297674, -1.461850061586983, 0.0 ], [ 29.963346662577095, -1.461855061216099, 0.0 ], [ 29.963433926706124, -1.461861294334561, 0.0 ], [ 29.963638632423592, -1.461751970013904, 0.0 ], [ 29.963699470133335, -1.461719479404871, 0.0 ], [ 29.963697030897652, -1.461730456721339, 0.0 ], [ 29.963756689349076, -1.461708479462871, 0.0 ], [ 29.963883207169594, -1.461741128679392, 0.0 ], [ 29.96396332836936, -1.461696979060693, 0.0 ], [ 29.964048328437887, -1.461661979877058, 0.0 ], [ 29.964129995480651, -1.461611979365228, 0.0 ], [ 29.964189995449601, -1.461531979577912, 0.0 ], [ 29.964248328387146, -1.461448646849726, 0.0 ], [ 29.964343328040886, -1.461425313460192, 0.0 ], [ 29.964439995435356, -1.461416979555632, 0.0 ], [ 29.964536662139633, -1.461395313092752, 0.0 ], [ 29.964631662765335, -1.461366979869984, 0.0 ], [ 29.964724995124293, -1.461356979896151, 0.0 ], [ 29.964823328669951, -1.461350313814088, 0.0 ], [ 29.964916662566356, -1.461356979298792, 0.0 ], [ 29.965011662055268, -1.461343646426698, 0.0 ], [ 29.965118328328249, -1.461335313553747, 0.0 ], [ 29.965208328219529, -1.461331979332427, 0.0 ], [ 29.965301662193404, -1.46133364678907, 0.0 ], [ 29.965396662450619, -1.461328646633851, 0.0 ], [ 29.965486662468678, -1.461316979667963, 0.0 ], [ 29.965581662079973, -1.461295313133705, 0.0 ], [ 29.965673328327554, -1.461280313273453, 0.0 ], [ 29.965768328683009, -1.461268646373006, 0.0 ], [ 29.965868328378704, -1.461263646274266, 0.0 ], [ 29.965959995396641, -1.461256979135573, 0.0 ], [ 29.966056662329244, -1.46127864679956, 0.0 ], [ 29.966154995119947, -1.46126197920788, 0.0 ], [ 29.966246662361112, -1.461240313499039, 0.0 ], [ 29.966338328701941, -1.461218646881917, 0.0 ], [ 29.966438328567925, -1.461201979302764, 0.0 ], [ 29.966507600187853, -1.461189151569453, 0.0 ], [ 29.966677945475936, -1.461168785817384, 0.0 ], [ 29.966711662750519, -1.461166979221534, 0.0 ], [ 29.966806662149231, -1.461158646093564, 0.0 ], [ 29.966901662470423, -1.461148646053095, 0.0 ], [ 29.966946778917851, -1.4611384318195, 0.0 ], [ 29.967072717146273, -1.461106085887792, 0.0 ], [ 29.967081661895282, -1.461103646707605, 0.0 ], [ 29.96717999547376, -1.461093646704334, 0.0 ], [ 29.967269995667863, -1.46106864620715, 0.0 ], [ 29.967363328101573, -1.461051979392939, 0.0 ], [ 29.967453328220188, -1.461031979613724, 0.0 ], [ 29.967546662424667, -1.461016979700299, 0.0 ], [ 29.967636662349619, -1.461010313372619, 0.0 ], [ 29.967723328400428, -1.460983646804584, 0.0 ], [ 29.967818327907253, -1.460966979090833, 0.0 ], [ 29.967913328453303, -1.460940313539876, 0.0 ], [ 29.967999995397079, -1.460913646056518, 0.0 ], [ 29.968046061937216, -1.460890612084806, 0.0 ], [ 29.968225146592996, -1.460835366074974, 0.0 ], [ 29.968259995434781, -1.460825313565667, 0.0 ], [ 29.968353328038567, -1.460795313250549, 0.0 ], [ 29.968446662576852, -1.460755313289353, 0.0 ], [ 29.968539995384045, -1.460710313503084, 0.0 ], [ 29.968624995463905, -1.460666979599822, 0.0 ], [ 29.968704995339692, -1.460613646885462, 0.0 ], [ 29.968783328017491, -1.460568646878499, 0.0 ], [ 29.968869994937425, -1.460541979360745, 0.0 ], [ 29.968953327902753, -1.460500313234399, 0.0 ], [ 29.969031662392034, -1.460453646309994, 0.0 ], [ 29.969118328770072, -1.460400313672779, 0.0 ], [ 29.969203327951544, -1.460355313742805, 0.0 ], [ 29.969283328746915, -1.460298646285571, 0.0 ], [ 29.969369995068092, -1.460248646550859, 0.0 ], [ 29.969454995160202, -1.460201979702527, 0.0 ], [ 29.969539995293708, -1.460151979033793, 0.0 ], [ 29.969613327943897, -1.460215313512102, 0.0 ], [ 29.96970666216912, -1.460195313686108, 0.0 ], [ 29.969793328388302, -1.460151979759902, 0.0 ], [ 29.969873328085843, -1.460108646644808, 0.0 ], [ 29.969964995203522, -1.460090313693925, 0.0 ], [ 29.970048328176855, -1.46004531370871, 0.0 ], [ 29.970141662677431, -1.460003646766573, 0.0 ], [ 29.97023166198673, -1.459971979418409, 0.0 ], [ 29.970316661985649, -1.459930313262215, 0.0 ], [ 29.970409995512661, -1.459893646129831, 0.0 ], [ 29.970508328258457, -1.459873646336066, 0.0 ], [ 29.970535609273298, -1.459855459032301, 0.0 ], [ 29.970570468493481, -1.459805609610047, 0.0 ], [ 29.9709708660729, -1.459710778332135, 0.0 ], [ 29.971431292442826, -1.459646533667947, 0.0 ], [ 29.971656151228125, -1.459432381740775, 0.0 ], [ 29.97190242503244, -1.459357428231161, 0.0 ], [ 29.97191895927363, -1.459352704476071, 0.0 ], [ 29.972179174501957, -1.459278357094793, 0.0 ], [ 29.972202236882012, -1.459271768434843, 0.0 ], [ 29.972651956480441, -1.459100446891475, 0.0 ], [ 29.972951768656483, -1.459057616504829, 0.0 ], [ 29.973476439395622, -1.458875587868624, 0.0 ], [ 29.97406535574855, -1.458629313776344, 0.0 ], [ 29.974279506996449, -1.458586483119376, 0.0 ], [ 29.974729225716896, -1.458629313235947, 0.0 ], [ 29.974783641540053, -1.458639778382355, 0.0 ], [ 29.974930185915692, -1.458667959197113, 0.0 ], [ 29.975007622645581, -1.45868285189812, 0.0 ], [ 29.975393095138884, -1.458597190816325, 0.0 ], [ 29.975874936299558, -1.458350916870497, 0.0 ], [ 29.976217578739082, -1.458350916017335, 0.0 ], [ 29.97674224906433, -1.458168887510848, 0.0 ], [ 29.977087072965595, -1.458044750239407, 0.0 ], [ 29.97764461412601, -1.457919270126311, 0.0 ], [ 29.978048441172046, -1.457199507838202, 0.0 ], [ 29.978819386317792, -1.456353608389725, 0.0 ], [ 29.979686700265439, -1.455828937229811, 0.0 ], [ 29.980864533188726, -1.455379219597999, 0.0 ], [ 29.981911395179406, -1.454636899460816, 0.0 ], [ 29.982119576721303, -1.454489280666338, 0.0 ], [ 29.982631283436195, -1.454126433105748, 0.0 ], [ 29.982873927890541, -1.454224524820014, 0.0 ], [ 29.98313453897542, -1.454329877600323, 0.0 ], [ 29.983316568102936, -1.45459756660394, 0.0 ], [ 29.984012560045851, -1.455839645730725, 0.0 ], [ 29.98455864652481, -1.457156676616087, 0.0 ], [ 29.984785869006831, -1.457641019628502, 0.0 ], [ 29.984965534261804, -1.458023990187682, 0.0 ], [ 29.98528676112705, -1.458248849539496, 0.0 ], [ 29.985421797605042, -1.458592576412277, 0.0 ] ] ] } },
{ "type": "Feature", "properties": { "sector": "Butaro", "district": "Burera", "province": "North", "Area_m2_gis": 58619260.535185248, "Perimeter_m_gis": 42195.073636712325 }, "geometry": { "type": "Polygon", "coordinates": [ [ [ 29.851824222580337, -1.343686032564646, 0.0 ], [ 29.851931298713062, -1.344274949429899, 0.0 ], [ 29.851717145886976, -1.344746082520298, 0.0 ], [ 29.851567240271613, -1.345227923702188, 0.0 ], [ 29.851599363239306, -1.345720471160345, 0.0 ], [ 29.851792098878178, -1.346095236253142, 0.0 ], [ 29.852188279096474, -1.346523539219516, 0.0 ], [ 29.852777196530095, -1.346587785739048, 0.0 ], [ 29.853184084369406, -1.346641323235629, 0.0 ], [ 29.853665925258063, -1.346930427893698, 0.0 ], [ 29.853880076459667, -1.34720882480168, 0.0 ], [ 29.85408352072767, -1.347283777245827, 0.0 ], [ 29.854736682066306, -1.347315900146389, 0.0 ], [ 29.855293476249759, -1.347433683190404, 0.0 ], [ 29.855460843885194, -1.347531314311577, 0.0 ], [ 29.855580014143339, -1.347600830370026, 0.0 ], [ 29.855678949321405, -1.347658542118118, 0.0 ], [ 29.855989468559436, -1.347979769513695, 0.0 ], [ 29.856396356293832, -1.348547271322169, 0.0 ], [ 29.856685461485078, -1.348996989260863, 0.0 ], [ 29.85696385866618, -1.349243263618706, 0.0 ], [ 29.857263670495897, -1.349971378814775, 0.0 ], [ 29.857439122948509, -1.350279750346299, 0.0 ], [ 29.857499235937873, -1.350410389331528, 0.0 ], [ 29.8575610635957, -1.350494069265593, 0.0 ], [ 29.857617020420076, -1.350592418160482, 0.0 ], [ 29.858130983487275, -1.351138504116594, 0.0 ], [ 29.858248767085573, -1.351352655442698, 0.0 ], [ 29.858655654185373, -1.351855911024904, 0.0 ], [ 29.85874131574429, -1.352145016015635, 0.0 ], [ 29.858760354284829, -1.352274211781907, 0.0 ], [ 29.858843570886204, -1.352838917654247, 0.0 ], [ 29.858811448401003, -1.353106606461064, 0.0 ], [ 29.85867225019863, -1.353320757184291, 0.0 ], [ 29.858040503329811, -1.353620570340151, 0.0 ], [ 29.858051210684081, -1.353791891376166, 0.0 ], [ 29.858179701328975, -1.353952504304586, 0.0 ], [ 29.85810474805179, -1.355719254729644, 0.0 ], [ 29.858575882497178, -1.356372416246592, 0.0 ], [ 29.85884357119426, -1.35612614243741, 0.0 ], [ 29.859389657106529, -1.355954821448999, 0.0 ], [ 29.859743006987927, -1.355911991847996, 0.0 ], [ 29.860374753888035, -1.356811427555128, 0.0 ], [ 29.861766739053365, -1.356907795067255, 0.0 ], [ 29.862152211407274, -1.357325390117884, 0.0 ], [ 29.862548392083525, -1.357475296820482, 0.0 ], [ 29.862998109873811, -1.357325390551907, 0.0 ], [ 29.863211197097648, -1.357173986532009, 0.0 ], [ 29.863308566435453, -1.357104804188382, 0.0 ], [ 29.863404998435673, -1.357036286559365, 0.0 ], [ 29.863383582883664, -1.357368221124232, 0.0 ], [ 29.863897546532716, -1.357550249597121, 0.0 ], [ 29.864411510467587, -1.357325390212072, 0.0 ], [ 29.864630600655822, -1.35725412086886, 0.0 ], [ 29.864759161587642, -1.357212299901196, 0.0 ], [ 29.865300238639406, -1.357036286782751, 0.0 ], [ 29.865803494618486, -1.357175484820028, 0.0 ], [ 29.866231796949222, -1.357261145861201, 0.0 ], [ 29.867166104202013, -1.35740811511708, 0.0 ], [ 29.867167592629038, -1.357419867653606, 0.0 ], [ 29.867172428599577, -1.357364637536173, 0.0 ], [ 29.867273652717209, -1.357318426516253, 0.0 ], [ 29.867704591714457, -1.357124503121308, 0.0 ], [ 29.867995474178965, -1.357005995146945, 0.0 ], [ 29.868210943719582, -1.356865940753743, 0.0 ], [ 29.868480280029051, -1.356747432438336, 0.0 ], [ 29.868620334937482, -1.356650471035938, 0.0 ], [ 29.868868124638528, -1.356607377453974, 0.0 ], [ 29.869115913952786, -1.356521190303696, 0.0 ], [ 29.869255969403856, -1.356413455022607, 0.0 ], [ 29.869374476879962, -1.356273400666145, 0.0 ], [ 29.869529507622907, -1.356095424591268, 0.0 ], [ 29.869861665702974, -1.355879868141927, 0.0 ], [ 29.870140062241298, -1.355622886624082, 0.0 ], [ 29.870482703878316, -1.355644301723973, 0.0 ], [ 29.87085747004004, -1.355590763805518, 0.0 ], [ 29.871125159732387, -1.355472980449036, 0.0 ], [ 29.871478509760706, -1.355323074576761, 0.0 ], [ 29.871714075373653, -1.355237413779505, 0.0 ], [ 29.871917519193076, -1.355226706850912, 0.0 ], [ 29.872163794479757, -1.355269536728221, 0.0 ], [ 29.872399359973805, -1.355323074732002, 0.0 ], [ 29.872549266013703, -1.355323074534635, 0.0 ], [ 29.872560072141951, -1.35532631666493, 0.0 ], [ 29.87265536017803, -1.35535490241047, 0.0 ], [ 29.872870494253501, -1.355419442859119, 0.0 ], [ 29.873116768345216, -1.355451565732231, 0.0 ], [ 29.87376993000353, -1.355430150081333, 0.0 ], [ 29.874016204324846, -1.35544085723396, 0.0 ], [ 29.87432672416849, -1.355505103174334, 0.0 ], [ 29.874829980748835, -1.355430150276349, 0.0 ], [ 29.874916220014367, -1.355481608168258, 0.0 ], [ 29.875268990105784, -1.355580056254845, 0.0 ], [ 29.875643755498061, -1.355804915355818, 0.0 ], [ 29.876007813024035, -1.355933406225466, 0.0 ], [ 29.876221964509025, -1.356008359300715, 0.0 ], [ 29.876553899020568, -1.356168972791801, 0.0 ], [ 29.876950079397528, -1.356147557561876, 0.0 ], [ 29.877282014346854, -1.355997651527115, 0.0 ], [ 29.877453335543287, -1.356083312840997, 0.0 ], [ 29.877988714055899, -1.356126142379038, 0.0 ], [ 29.878406309993583, -1.355965528187187, 0.0 ], [ 29.87882390528458, -1.355997651905612, 0.0 ], [ 29.879145132383925, -1.355944113604832, 0.0 ], [ 29.879230793304064, -1.356008359381234, 0.0 ], [ 29.879369991513212, -1.355890575856578, 0.0 ], [ 29.879509190274092, -1.355997651053159, 0.0 ], [ 29.879605558238421, -1.3559976513557, 0.0 ], [ 29.879905370128011, -1.356168972422518, 0.0 ], [ 29.880612070409434, -1.355869160676715, 0.0 ], [ 29.88079409955705, -1.355837037205649, 0.0 ], [ 29.880826954916373, -1.355824716567374, 0.0 ], [ 29.880968940211016, -1.355771472124115, 0.0 ], [ 29.881051080402152, -1.355740669616818, 0.0 ], [ 29.881318769989701, -1.355783500539645, 0.0 ], [ 29.881479383089466, -1.355719254314364, 0.0 ], [ 29.881757780067339, -1.356115434662094, 0.0 ], [ 29.881714949884277, -1.356308171468737, 0.0 ], [ 29.881768488734487, -1.356682936872383, 0.0 ], [ 29.881811318287713, -1.356929210648141, 0.0 ], [ 29.8818327335375, -1.357014871530152, 0.0 ], [ 29.881629289957463, -1.357164777300272, 0.0 ], [ 29.881597167718095, -1.357346805905846, 0.0 ], [ 29.881404430309146, -1.357614495460626, 0.0 ], [ 29.881340184984065, -1.358160581035118, 0.0 ], [ 29.88135089293112, -1.358353317757318, 0.0 ], [ 29.881282564546346, -1.35844792648149, 0.0 ], [ 29.88129719395446, -1.358572345549883, 0.0 ], [ 29.881211694029723, -1.358888696321217, 0.0 ], [ 29.881308062134693, -1.359606104052812, 0.0 ], [ 29.881372308354614, -1.360055822898465, 0.0 ], [ 29.881254524028666, -1.360302096868314, 0.0 ], [ 29.881115326530164, -1.360805352859116, 0.0 ], [ 29.880970220644301, -1.361210122671954, 0.0 ], [ 29.880917631874556, -1.361437540201814, 0.0 ], [ 29.88095471238864, -1.361854694683741, 0.0 ], [ 29.881179571298354, -1.362036723364062, 0.0 ], [ 29.881265232705832, -1.362518564007748, 0.0 ], [ 29.881286646994415, -1.362807668895992, 0.0 ], [ 29.881104618651808, -1.363032528540895, 0.0 ], [ 29.881133955674084, -1.363134229387338, 0.0 ], [ 29.881160057188612, -1.363224716666719, 0.0 ], [ 29.881265232382916, -1.363589321294101, 0.0 ], [ 29.881083203736619, -1.363910549473944, 0.0 ], [ 29.88096542010047, -1.3643388526711, 0.0 ], [ 29.88078339172295, -1.364670786825464, 0.0 ], [ 29.880965420067948, -1.365216873750344, 0.0 ], [ 29.881061788111477, -1.365570223840533, 0.0 ], [ 29.880976127316806, -1.36624480026806, 0.0 ], [ 29.881211693927057, -1.367015745861298, 0.0 ], [ 29.881093911509677, -1.367251312865625, 0.0 ], [ 29.881211694661243, -1.367476171124737, 0.0 ], [ 29.881262319350636, -1.367609821017129, 0.0 ], [ 29.881312460630024, -1.367742194701834, 0.0 ], [ 29.881479383512545, -1.368182871400893, 0.0 ], [ 29.881725658247522, -1.368525513869204, 0.0 ], [ 29.881522213874266, -1.369146553513613, 0.0 ], [ 29.881308062087548, -1.369799715139623, 0.0 ], [ 29.881136741576945, -1.37002457435701, 0.0 ], [ 29.881179570927578, -1.370367216670316, 0.0 ], [ 29.880890467459174, -1.370741981217503, 0.0 ], [ 29.880933297683022, -1.370902595177704, 0.0 ], [ 29.880858344759837, -1.371363021190767, 0.0 ], [ 29.880830412870417, -1.371921630613475, 0.0 ], [ 29.880820762995643, -1.372032085517325, 0.0 ], [ 29.880740561672404, -1.372423070085931, 0.0 ], [ 29.880743504251289, -1.372433772622874, 0.0 ], [ 29.88074925373634, -1.372454677527597, 0.0 ], [ 29.880858343916909, -1.37285137325898, 0.0 ], [ 29.881083203431452, -1.373440290892241, 0.0 ], [ 29.881029665554333, -1.374189820860602, 0.0 ], [ 29.880826723070737, -1.374768205488467, 0.0 ], [ 29.880806474235644, -1.374899592510097, 0.0 ], [ 29.880794099223422, -1.375035719259164, 0.0 ], [ 29.880944005327176, -1.3755496820494, 0.0 ], [ 29.880961279240264, -1.376042000050251, 0.0 ], [ 29.880982996937416, -1.376155495486176, 0.0 ], [ 29.881035264963124, -1.376171100823844, 0.0 ], [ 29.88112362753175, -1.376335201019481, 0.0 ], [ 29.880973720961471, -1.376699259231361, 0.0 ], [ 29.881059381363603, -1.376988363704547, 0.0 ], [ 29.88129494808005, -1.377191807740341, 0.0 ], [ 29.881359192988612, -1.377181100429904, 0.0 ], [ 29.881391316115891, -1.377716478358597, 0.0 ], [ 29.881412731712853, -1.378069828307904, 0.0 ], [ 29.881369901330913, -1.378273272852195, 0.0 ], [ 29.881312105095351, -1.378521793663049, 0.0 ], [ 29.881306837400853, -1.378498406060538, 0.0 ], [ 29.881252117026957, -1.378733698497356, 0.0 ], [ 29.881187599300937, -1.378826605162936, 0.0 ], [ 29.881162516761883, -1.378862724126523, 0.0 ], [ 29.880984427926084, -1.379119171833012, 0.0 ], [ 29.880963013764223, -1.379461813615517, 0.0 ], [ 29.881327070126897, -1.379890116499189, 0.0 ], [ 29.881348485458293, -1.380157805727902, 0.0 ], [ 29.881209287052773, -1.380468325385352, 0.0 ], [ 29.881327070183911, -1.380650354218262, 0.0 ], [ 29.881252117651535, -1.38095016657213, 0.0 ], [ 29.881412731097907, -1.380950166500591, 0.0 ], [ 29.881562637557991, -1.380992996239155, 0.0 ], [ 29.88170183492106, -1.38112148705284, 0.0 ], [ 29.881851741184086, -1.381314223480267, 0.0 ], [ 29.88200164720336, -1.381421299183255, 0.0 ], [ 29.88210872357072, -1.381753234156616, 0.0 ], [ 29.882140845915519, -1.381924555385243, 0.0 ], [ 29.882162261750874, -1.382074461352103, 0.0 ], [ 29.882140846098643, -1.382267198251865, 0.0 ], [ 29.882087308575056, -1.382406396276562, 0.0 ], [ 29.882033769987547, -1.382567010834974, 0.0 ], [ 29.882001646904637, -1.38273833156478, 0.0 ], [ 29.882055185186481, -1.382984605860564, 0.0 ], [ 29.881948110402821, -1.3832201724457, 0.0 ], [ 29.881990940741414, -1.383455738390741, 0.0 ], [ 29.882065893121791, -1.383905457730322, 0.0 ], [ 29.882133183702436, -1.384114805718068, 0.0 ], [ 29.882219581971707, -1.384300071797566, 0.0 ], [ 29.882344289959427, -1.384601449808281, 0.0 ], [ 29.882419243308021, -1.384869138085838, 0.0 ], [ 29.882408535271022, -1.385115412786371, 0.0 ], [ 29.88248348809223, -1.385211781440813, 0.0 ], [ 29.882483488168713, -1.385447347051409, 0.0 ], [ 29.882665517432841, -1.385586546878712, 0.0 ], [ 29.882579857367972, -1.385811405829866, 0.0 ], [ 29.882772593506164, -1.385929188745366, 0.0 ], [ 29.882911790966254, -1.386593058535195, 0.0 ], [ 29.883008158953153, -1.387203389824758, 0.0 ], [ 29.883083113028391, -1.387513909350971, 0.0 ], [ 29.883040282022375, -1.387728061722513, 0.0 ], [ 29.883018866983932, -1.388145656417014, 0.0 ], [ 29.88311523552926, -1.388434761377525, 0.0 ], [ 29.883147358636471, -1.388830941295068, 0.0 ], [ 29.883130814309769, -1.388920279595852, 0.0 ], [ 29.883101490547428, -1.388999675516244, 0.0 ], [ 29.88311171729725, -1.38900097843713, 0.0 ], [ 29.883107126245584, -1.389106014108812, 0.0 ], [ 29.88310452841251, -1.389120045658572, 0.0 ], [ 29.883093821608611, -1.389634009411432, 0.0 ], [ 29.882879669164872, -1.391282975147083, 0.0 ], [ 29.882740471120609, -1.392011090569307, 0.0 ], [ 29.88262268749553, -1.392953357011653, 0.0 ], [ 29.882740471534941, -1.39322104652745, 0.0 ], [ 29.882654810611079, -1.393456613258692, 0.0 ], [ 29.882729763660564, -1.393735010252386, 0.0 ], [ 29.882804716502292, -1.39416331303475, 0.0 ], [ 29.882686933109124, -1.394281096713033, 0.0 ], [ 29.882686932968188, -1.394538078841209, 0.0 ], [ 29.882836839362746, -1.394944966132615, 0.0 ], [ 29.883104528181594, -1.395073457027361, 0.0 ], [ 29.88316435330961, -1.3951845602673, 0.0 ], [ 29.883225209120564, -1.39529757918827, 0.0 ], [ 29.883254434720545, -1.395351854137997, 0.0 ], [ 29.883191532219097, -1.395666368072584, 0.0 ], [ 29.883194717067262, -1.395667005870851, 0.0 ], [ 29.883191208618804, -1.395667985217736, 0.0 ], [ 29.883132566124296, -1.395684363732592, 0.0 ], [ 29.882468423244827, -1.395869851751932, 0.0 ], [ 29.882463331330733, -1.395871070697986, 0.0 ], [ 29.882363794120547, -1.395885745860133, 0.0 ], [ 29.882342042161543, -1.395897731475606, 0.0 ], [ 29.881843441083205, -1.39617247087867, 0.0 ], [ 29.881522214480658, -1.396215301244454, 0.0 ], [ 29.881275940043668, -1.396300961204588, 0.0 ], [ 29.880976127071566, -1.396429452379173, 0.0 ], [ 29.880687023314856, -1.396632896042692, 0.0 ], [ 29.880558532204248, -1.396996954238279, 0.0 ], [ 29.88035044058622, -1.397236526731948, 0.0 ], [ 29.880352634709347, -1.397244937348557, 0.0 ], [ 29.880363407609597, -1.397535821595117, 0.0 ], [ 29.880363407561553, -1.397714361430449, 0.0 ], [ 29.880359105513204, -1.397876558492099, 0.0 ], [ 29.880212579373936, -1.398106814640418, 0.0 ], [ 29.880158711378389, -1.398354604732766, 0.0 ], [ 29.879997109594203, -1.398451565493395, 0.0 ], [ 29.879630812700675, -1.398386924393579, 0.0 ], [ 29.879221420105317, -1.398376151102188, 0.0 ], [ 29.87886589602088, -1.398408471366646, 0.0 ], [ 29.878650427414385, -1.398516206686649, 0.0 ], [ 29.878359543149969, -1.398785542905583, 0.0 ], [ 29.87816562128749, -1.399044105790389, 0.0 ], [ 29.877993246472812, -1.399378083027352, 0.0 ], [ 29.877928605679418, -1.39973360723549, 0.0 ], [ 29.877845068939578, -1.399942446352592, 0.0 ], [ 29.877842417521347, -1.399949076754389, 0.0 ], [ 29.877761509708328, -1.400012646472922, 0.0 ], [ 29.877540760510023, -1.400186092576404, 0.0 ], [ 29.87730374441109, -1.400412335208731, 0.0 ], [ 29.877012861439397, -1.400476976457932, 0.0 ], [ 29.876943133441962, -1.400446659148597, 0.0 ], [ 29.876765071481351, -1.400369241272358, 0.0 ], [ 29.876463414164387, -1.400283053593473, 0.0 ], [ 29.876064796751269, -1.400401562713461, 0.0 ], [ 29.875709272453175, -1.400466202165634, 0.0 ], [ 29.875579834940876, -1.400489435158578, 0.0 ], [ 29.875414925700639, -1.400519034496054, 0.0 ], [ 29.875289107161027, -1.400541617364656, 0.0 ], [ 29.875095185620378, -1.400649351666989, 0.0 ], [ 29.874750433949522, -1.400843273055172, 0.0 ], [ 29.874394910519698, -1.40105874328651, 0.0 ], [ 29.873974745745407, -1.401155704097222, 0.0 ], [ 29.873597673892107, -1.401069516486915, 0.0 ], [ 29.873220602989388, -1.400832500548911, 0.0 ], [ 29.872995943073079, -1.400659685466993, 0.0 ], [ 29.872924031435748, -1.400594699362911, 0.0 ], [ 29.872592097504381, -1.400219933197092, 0.0 ], [ 29.872397835202506, -1.400080041789894, 0.0 ], [ 29.872364335909953, -1.400055918213681, 0.0 ], [ 29.872337179434801, -1.400164545058128, 0.0 ], [ 29.872333053169225, -1.400173312592084, 0.0 ], [ 29.872250991616593, -1.400347694625634, 0.0 ], [ 29.872207897194532, -1.400606257067141, 0.0 ], [ 29.872110936679743, -1.400994102568135, 0.0 ], [ 29.871981655623628, -1.401047969160522, 0.0 ], [ 29.871949334322164, -1.401241891888447, 0.0 ], [ 29.871830826079155, -1.401435814393321, 0.0 ], [ 29.8716799980498, -1.401629736012771, 0.0 ], [ 29.871675149285561, -1.401637817025919, 0.0 ], [ 29.871646542693419, -1.401755744258284, 0.0 ], [ 29.871647677562624, -1.402039062165161, 0.0 ], [ 29.871626130131109, -1.402286852841761, 0.0 ], [ 29.871669224358595, -1.402545415492615, 0.0 ], [ 29.871698444872841, -1.402623338375197, 0.0 ], [ 29.871698759361937, -1.402624174106387, 0.0 ], [ 29.871693400620455, -1.402673128190574, 0.0 ], [ 29.871669224173758, -1.402911712302122, 0.0 ], [ 29.871798505957692, -1.403127182559296, 0.0 ], [ 29.871809279134901, -1.403310331106098, 0.0 ], [ 29.871820053748419, -1.403698175274231, 0.0 ], [ 29.871766185570891, -1.403913644470979, 0.0 ], [ 29.871690771229584, -1.404204528412189, 0.0 ], [ 29.871658451252184, -1.404603146743221, 0.0 ], [ 29.871690771712782, -1.404937123829215, 0.0 ], [ 29.871701545566584, -1.405206460335432, 0.0 ], [ 29.871776959368812, -1.405486570629669, 0.0 ], [ 29.871755074062438, -1.40568353739851, 0.0 ], [ 29.871733864884273, -1.405874414527324, 0.0 ], [ 29.871744638182747, -1.406186845464805, 0.0 ], [ 29.871615357445954, -1.406574689110684, 0.0 ], [ 29.871610112991512, -1.406653345407529, 0.0 ], [ 29.871604583422993, -1.406736291505081, 0.0 ], [ 29.871518396307305, -1.407081042188566, 0.0 ], [ 29.871453755361287, -1.407350378126453, 0.0 ], [ 29.871486075627061, -1.407490433430572, 0.0 ], [ 29.871453755128979, -1.407781317017545, 0.0 ], [ 29.871324473259957, -1.408072200645972, 0.0 ], [ 29.871329147912441, -1.408240487793959, 0.0 ], [ 29.87133002328919, -1.408271990815211, 0.0 ], [ 29.871335247743268, -1.408460045699554, 0.0 ], [ 29.871389113912965, -1.408890983054937, 0.0 ], [ 29.871389113999381, -1.409397336062927, 0.0 ], [ 29.871464528342788, -1.409537391048153, 0.0 ], [ 29.871432208332834, -1.409752860503336, 0.0 ], [ 29.871475301984919, -1.409989876388621, 0.0 ], [ 29.871421435093144, -1.410226892312671, 0.0 ], [ 29.871518396766103, -1.41051777674224, 0.0 ], [ 29.871626130550865, -1.410797886124593, 0.0 ], [ 29.871697438078247, -1.410985880458995, 0.0 ], [ 29.871767613566313, -1.41115236776178, 0.0 ], [ 29.871339310454065, -1.411377227843513, 0.0 ], [ 29.87137353909883, -1.411508764220549, 0.0 ], [ 29.871375004526396, -1.41151439270764, 0.0 ], [ 29.871574994891862, -1.412080061755469, 0.0 ], [ 29.872429995273652, -1.412521728692992, 0.0 ], [ 29.872986662013442, -1.412933394550269, 0.0 ], [ 29.872960121666342, -1.412946227266267, 0.0 ], [ 29.873004485594496, -1.41294675248031, 0.0 ], [ 29.873082902068511, -1.412947680238021, 0.0 ], [ 29.873136474108353, -1.41292621601006, 0.0 ], [ 29.873099995165727, -1.412975061658148, 0.0 ], [ 29.873071662604421, -1.413373394402009, 0.0 ], [ 29.872898328335321, -1.414525061779695, 0.0 ], [ 29.873450093916897, -1.415025588819666, 0.0 ], [ 29.874498328541712, -1.415206728306864, 0.0 ], [ 29.875509995114299, -1.415763394828647, 0.0 ], [ 29.875509989717081, -1.415763491604751, 0.0 ], [ 29.875502556401191, -1.415888368018273, 0.0 ], [ 29.875498148041444, -1.415962422519782, 0.0 ], [ 29.875493513011705, -1.416040286561769, 0.0 ], [ 29.875493328617381, -1.416043394249657, 0.0 ], [ 29.875776661874379, -1.417095061381582, 0.0 ], [ 29.875939043931588, -1.417410547600408, 0.0 ], [ 29.875974921665584, -1.417480250241131, 0.0 ], [ 29.875978513302886, -1.417487230092584, 0.0 ], [ 29.875982870533296, -1.417495695095863, 0.0 ], [ 29.875992047193989, -1.417490465143079, 0.0 ], [ 29.876011254983059, -1.417550842886993, 0.0 ], [ 29.876126662747261, -1.41777506190758, 0.0 ], [ 29.876243378141822, -1.417964771618994, 0.0 ], [ 29.876343360743949, -1.418127282643054, 0.0 ], [ 29.877163328213367, -1.419460061407819, 0.0 ], [ 29.877354995293331, -1.419785061241145, 0.0 ], [ 29.877838328623362, -1.420785061184417, 0.0 ], [ 29.877945929171883, -1.420817544883602, 0.0 ], [ 29.87794492339102, -1.420854852582053, 0.0 ], [ 29.877948531494212, -1.420976369554827, 0.0 ], [ 29.877960166430473, -1.421220694388407, 0.0 ], [ 29.878039116701014, -1.421518787060929, 0.0 ], [ 29.878041705489402, -1.421575933206487, 0.0 ], [ 29.87804362553716, -1.421618321368751, 0.0 ], [ 29.878169129094545, -1.42272275832344, 0.0 ], [ 29.878181420934077, -1.422830927849994, 0.0 ], [ 29.877978372997017, -1.42344006926659, 0.0 ], [ 29.877301549753621, -1.424827559623963, 0.0 ], [ 29.877403073714561, -1.425639749591638, 0.0 ], [ 29.87740538142814, -1.42567552622726, 0.0 ], [ 29.877353830891085, -1.425769694125125, 0.0 ], [ 29.877369892236082, -1.42581787877341, 0.0 ], [ 29.877418362992486, -1.425876751261314, 0.0 ], [ 29.877418474337308, -1.425878479675462, 0.0 ], [ 29.87747075529262, -1.42668882734401, 0.0 ], [ 29.877813656492524, -1.427420350370517, 0.0 ], [ 29.877849379497658, -1.427496557806429, 0.0 ], [ 29.877869703680073, -1.427537577609804, 0.0 ], [ 29.877916508249179, -1.427632044718575, 0.0 ], [ 29.87796092545161, -1.427701446614715, 0.0 ], [ 29.878144074448308, -1.427927689738458, 0.0 ], [ 29.878348770436936, -1.428218572485414, 0.0 ], [ 29.878467278286028, -1.428531003729206, 0.0 ], [ 29.878715068464448, -1.428811113099449, 0.0 ], [ 29.879102911903477, -1.429209731202794, 0.0 ], [ 29.879447663162704, -1.429532934649355, 0.0 ], [ 29.879706226731795, -1.429834591264423, 0.0 ], [ 29.879986336351433, -1.43008238162049, 0.0 ], [ 29.880157968545117, -1.43028521949353, 0.0 ], [ 29.880223352588121, -1.430362491190595, 0.0 ], [ 29.880481915424987, -1.430890391043657, 0.0 ], [ 29.880708158619974, -1.431148954146215, 0.0 ], [ 29.880855710902711, -1.431401584432734, 0.0 ], [ 29.880991259190257, -1.431521234273281, 0.0 ], [ 29.881096002341195, -1.431730721746042, 0.0 ], [ 29.88113104347962, -1.43182310161852, 0.0 ], [ 29.881214511612782, -1.432043151075616, 0.0 ], [ 29.881300698433737, -1.432312487895735, 0.0 ], [ 29.881397659019513, -1.432592597301672, 0.0 ], [ 29.88143928814825, -1.432812633720213, 0.0 ], [ 29.881439578888127, -1.432821059612966, 0.0 ], [ 29.881439977310386, -1.432832587782689, 0.0 ], [ 29.881442497055243, -1.432905626054712, 0.0 ], [ 29.881466102934542, -1.432954370027107, 0.0 ], [ 29.88147307391699, -1.432991215063299, 0.0 ], [ 29.881466690584602, -1.433358125702602, 0.0 ], [ 29.881516167562296, -1.433637623031441, 0.0 ], [ 29.881516167404399, -1.433885413112679, 0.0 ], [ 29.881519251579171, -1.433974833757991, 0.0 ], [ 29.881526940924715, -1.434197843150768, 0.0 ], [ 29.881537713890353, -1.434521047023809, 0.0 ], [ 29.881537713996543, -1.434833477403696, 0.0 ], [ 29.881548488756685, -1.435156681275353, 0.0 ], [ 29.881645449464507, -1.435436791580732, 0.0 ], [ 29.881817824247833, -1.435889276323721, 0.0 ], [ 29.881990200399223, -1.43615861308698, 0.0 ], [ 29.882173348906367, -1.436449496261297, 0.0 ], [ 29.882077190324424, -1.436438218176947, 0.0 ], [ 29.881823328759985, -1.4366750611354, 0.0 ], [ 29.882443328490844, -1.437158394639614, 0.0 ], [ 29.882286662733311, -1.437666728502789, 0.0 ], [ 29.882561662433833, -1.438078394264882, 0.0 ], [ 29.883089400916429, -1.438634659693717, 0.0 ], [ 29.883039553294317, -1.438640198702412, 0.0 ], [ 29.882861502266287, -1.438676142394868, 0.0 ], [ 29.882817280172357, -1.438598247773742, 0.0 ], [ 29.882197976924662, -1.438141127211287, 0.0 ], [ 29.881372212484642, -1.438057977676889, 0.0 ], [ 29.880711598620145, -1.438057943034623, 0.0 ], [ 29.879638099551741, -1.438057886330554, 0.0 ], [ 29.878729752233635, -1.438099391199147, 0.0 ], [ 29.878107028162908, -1.438381375045527, 0.0 ], [ 29.877946418619313, -1.438454104257556, 0.0 ], [ 29.877903964645824, -1.43847332881582, 0.0 ], [ 29.877724101676741, -1.438579796656411, 0.0 ], [ 29.877533300457944, -1.438692738863196, 0.0 ], [ 29.877202038476121, -1.438888824253706, 0.0 ], [ 29.876417826201969, -1.439163297319871, 0.0 ], [ 29.876340559437381, -1.439190340745327, 0.0 ], [ 29.876252386927519, -1.439221200360354, 0.0 ], [ 29.875509188662605, -1.439345819384771, 0.0 ], [ 29.874609370684727, -1.43985761183775, 0.0 ], [ 29.874589118384293, -1.43984918212852, 0.0 ], [ 29.874530561414257, -1.439824809331565, 0.0 ], [ 29.874298392387381, -1.439728176568803, 0.0 ], [ 29.873495335341556, -1.439931886815965, 0.0 ], [ 29.872715380514219, -1.439619904889661, 0.0 ], [ 29.871818431608567, -1.439580906821325, 0.0 ], [ 29.871003487422133, -1.439227568103283, 0.0 ], [ 29.870820824297891, -1.439277592882964, 0.0 ], [ 29.870812713545661, -1.439279813754511, 0.0 ], [ 29.870812458315356, -1.439279883382762, 0.0 ], [ 29.870783941229853, -1.439360250446809, 0.0 ], [ 29.870783034099667, -1.439366602360631, 0.0 ], [ 29.870498405305248, -1.441358997694423, 0.0 ], [ 29.870328826123288, -1.442517785253124, 0.0 ], [ 29.870303221128022, -1.442590818270658, 0.0 ], [ 29.870293348369195, -1.44261897781234, 0.0 ], [ 29.870309782912084, -1.442629965131408, 0.0 ], [ 29.870311186185422, -1.442638333200289, 0.0 ], [ 29.87026997717518, -1.442919923775016, 0.0 ], [ 29.870194855873681, -1.44325546385617, 0.0 ], [ 29.870174822682962, -1.443344949169365, 0.0 ], [ 29.869991985349824, -1.444161624280836, 0.0 ], [ 29.86951821919525, -1.444166631142882, 0.0 ], [ 29.869282124911106, -1.444582531455534, 0.0 ], [ 29.868845578610674, -1.445434837067065, 0.0 ], [ 29.868406552567645, -1.445817577298543, 0.0 ], [ 29.868385675920571, -1.445835777267732, 0.0 ], [ 29.868246727441541, -1.445956913232699, 0.0 ], [ 29.868239483660265, -1.445963228596134, 0.0 ], [ 29.867224118136033, -1.446848417444261, 0.0 ], [ 29.865852114088689, -1.448220421017702, 0.0 ], [ 29.864882441733993, -1.449190094349156, 0.0 ], [ 29.864864535210238, -1.449208000511175, 0.0 ], [ 29.864687860609482, -1.449384675418107, 0.0 ], [ 29.864064351296953, -1.4500081848355, 0.0 ], [ 29.863407136310371, -1.450527038816473, 0.0 ], [ 29.863273127400351, -1.450632834315971, 0.0 ], [ 29.862484467161359, -1.451255461276532, 0.0 ], [ 29.862448974443183, -1.451283560412319, 0.0 ], [ 29.862351886234784, -1.451360421086424, 0.0 ], [ 29.861486646206028, -1.452045403068962, 0.0 ], [ 29.861190275263525, -1.452227786399819, 0.0 ], [ 29.861062527304021, -1.452319181457847, 0.0 ], [ 29.861057460272782, -1.452322806185713, 0.0 ], [ 29.861052847998167, -1.452326105339171, 0.0 ], [ 29.861051470247364, -1.452327091105982, 0.0 ], [ 29.861045629126384, -1.452321212714905, 0.0 ], [ 29.860917667248515, -1.452192414532359, 0.0 ], [ 29.860816641034482, -1.452090728039165, 0.0 ], [ 29.860384595435558, -1.451547139510387, 0.0 ], [ 29.860125365321881, -1.451264471479729, 0.0 ], [ 29.859455686966481, -1.450546926632412, 0.0 ], [ 29.859106691388877, -1.450093192199833, 0.0 ], [ 29.858971761505401, -1.449917767214372, 0.0 ], [ 29.858937233088632, -1.449872877129239, 0.0 ], [ 29.858656401127138, -1.449568465501311, 0.0 ], [ 29.858536005156168, -1.449301853719399, 0.0 ], [ 29.858440391614632, -1.449090117458852, 0.0 ], [ 29.858159562070981, -1.448720477657529, 0.0 ], [ 29.857857115960773, -1.448590003241162, 0.0 ], [ 29.857489862872864, -1.448372554458881, 0.0 ], [ 29.857079415947052, -1.447915936114213, 0.0 ], [ 29.856928247033501, -1.446981000645177, 0.0 ], [ 29.856781605719469, -1.446663600382652, 0.0 ], [ 29.856453007620356, -1.446241725322049, 0.0 ], [ 29.856406118643818, -1.445912822246324, 0.0 ], [ 29.856150595260527, -1.445567688164672, 0.0 ], [ 29.855999393934432, -1.445154572211743, 0.0 ], [ 29.856150654079258, -1.444632762306303, 0.0 ], [ 29.856042652975368, -1.444328360536225, 0.0 ], [ 29.855977865712145, -1.443958733396365, 0.0 ], [ 29.855792275046586, -1.443422742826013, 0.0 ], [ 29.855749667562549, -1.44334992363898, 0.0 ], [ 29.855709710917644, -1.443281635017047, 0.0 ], [ 29.855660889698356, -1.443198195365243, 0.0 ], [ 29.855329832659027, -1.442632400138929, 0.0 ], [ 29.854897829061322, -1.441458278056412, 0.0 ], [ 29.854677172006191, -1.441108614801892, 0.0 ], [ 29.85437939313114, -1.440566803141599, 0.0 ], [ 29.854314596104917, -1.440327631313612, 0.0 ], [ 29.854012162879169, -1.440001475769519, 0.0 ], [ 29.853499338895162, -1.439716630071856, 0.0 ], [ 29.853422146300467, -1.439592093905275, 0.0 ], [ 29.8534173514171, -1.439584357823882, 0.0 ], [ 29.852867242988722, -1.438696852048348, 0.0 ], [ 29.85254323513443, -1.437914102661541, 0.0 ], [ 29.852283999072281, -1.437761887465818, 0.0 ], [ 29.852178530210761, -1.437696762825462, 0.0 ], [ 29.851816266592387, -1.437473073849757, 0.0 ], [ 29.851398300214395, -1.436870387201722, 0.0 ], [ 29.851300186028258, -1.436752944127055, 0.0 ], [ 29.851281394229673, -1.436730450100615, 0.0 ], [ 29.851183777886785, -1.436613604896827, 0.0 ], [ 29.85073480125218, -1.436145333842623, 0.0 ], [ 29.850440660548522, -1.43607831456486, 0.0 ], [ 29.850201155984465, -1.436096820133432, 0.0 ], [ 29.850145884646533, -1.436091795879794, 0.0 ], [ 29.849888902010534, -1.435952597455138, 0.0 ], [ 29.849779857132162, -1.43583726007045, 0.0 ], [ 29.849723098480482, -1.43577722880237, 0.0 ], [ 29.849332108894398, -1.435363680639774, 0.0 ], [ 29.849257156365955, -1.435085283818942, 0.0 ], [ 29.848886290415617, -1.434518685722886, 0.0 ], [ 29.848239936511849, -1.43399311140179, 0.0 ], [ 29.847865171195544, -1.433650468561828, 0.0 ], [ 29.847763940636412, -1.433574789087215, 0.0 ], [ 29.847762232299164, -1.433573941502317, 0.0 ], [ 29.847739032703071, -1.433562416339582, 0.0 ], [ 29.847657424333363, -1.433521876096088, 0.0 ], [ 29.84744256026292, -1.433361246577207, 0.0 ], [ 29.847225837355445, -1.433179458189381, 0.0 ], [ 29.847019273240448, -1.433050845854715, 0.0 ], [ 29.846933162323396, -1.432918366032961, 0.0 ], [ 29.846880074568865, -1.432836693251368, 0.0 ], [ 29.846828526227107, -1.432579580594959, 0.0 ], [ 29.846505309300003, -1.432215654786273, 0.0 ], [ 29.846239409998613, -1.431924025577242, 0.0 ], [ 29.846178730126557, -1.431857473787201, 0.0 ], [ 29.84592552563673, -1.431579766715772, 0.0 ], [ 29.845693516989876, -1.431107740673137, 0.0 ], [ 29.845294120511966, -1.430699267172852, 0.0 ], [ 29.845004466588367, -1.430543597826969, 0.0 ], [ 29.844986817450625, -1.430368917304885, 0.0 ], [ 29.844694599875016, -1.430062945192638, 0.0 ], [ 29.844365777988084, -1.429640802878693, 0.0 ], [ 29.844151625941631, -1.429351697714476, 0.0 ], [ 29.843912943176964, -1.428975573637046, 0.0 ], [ 29.843691200732334, -1.428677120422139, 0.0 ], [ 29.843626955373775, -1.428366601752093, 0.0 ], [ 29.843402096289296, -1.42810961918673, 0.0 ], [ 29.842952377881396, -1.428131034650968, 0.0 ], [ 29.842559913225024, -1.428062804804618, 0.0 ], [ 29.842052942495375, -1.427863345635404, 0.0 ], [ 29.841978615591369, -1.427637703530374, 0.0 ], [ 29.842152026144259, -1.427404943335721, 0.0 ], [ 29.842384876202875, -1.427092400186922, 0.0 ], [ 29.842384780059483, -1.427092176780945, 0.0 ], [ 29.842224262940064, -1.426717635326605, 0.0 ], [ 29.841597472735771, -1.426293440734053, 0.0 ], [ 29.84148325867563, -1.426045976886579, 0.0 ], [ 29.841311937420841, -1.425874655693788, 0.0 ], [ 29.840893151887109, -1.425570084458779, 0.0 ], [ 29.840553881623194, -1.425015130544406, 0.0 ], [ 29.839884260376305, -1.424694442447004, 0.0 ], [ 29.83966515215171, -1.424458336526939, 0.0 ], [ 29.838877123139035, -1.424243293285124, 0.0 ], [ 29.838796487249997, -1.424221288656671, 0.0 ], [ 29.838646941196206, -1.424180479259948, 0.0 ], [ 29.838347946908403, -1.423972089018744, 0.0 ], [ 29.838214076572559, -1.423878785479985, 0.0 ], [ 29.838090251172314, -1.423792483092728, 0.0 ], [ 29.83763804899343, -1.423361944333468, 0.0 ], [ 29.837138165463028, -1.42280937001659, 0.0 ], [ 29.836625564763189, -1.422822307892094, 0.0 ], [ 29.836419765025283, -1.422657623512024, 0.0 ], [ 29.836115194519394, -1.422581481392396, 0.0 ], [ 29.835696408991055, -1.422486302318438, 0.0 ], [ 29.835161621133114, -1.422344939018315, 0.0 ], [ 29.83499144842688, -1.422247057091216, 0.0 ], [ 29.834795088033221, -1.422153032557673, 0.0 ], [ 29.834725589122204, -1.422124624186276, 0.0 ], [ 29.833964161017956, -1.421953303354401, 0.0 ], [ 29.833393091562961, -1.421743910607818, 0.0 ], [ 29.833296380649319, -1.421717231338694, 0.0 ], [ 29.83318761244001, -1.421687226429265, 0.0 ], [ 29.832841056569603, -1.421591625215299, 0.0 ], [ 29.832841234518327, -1.421603970072614, 0.0 ], [ 29.832780068234204, -1.421587269460652, 0.0 ], [ 29.832594544713256, -1.421574016588169, 0.0 ], [ 29.832594437761756, -1.421574142298978, 0.0 ], [ 29.832587787605224, -1.421573504176257, 0.0 ], [ 29.832580772579593, -1.421572958280842, 0.0 ], [ 29.832574525917916, -1.42157246851741, 0.0 ], [ 29.832555783131049, -1.421572468054311, 0.0 ], [ 29.832554567222346, -1.421572468870034, 0.0 ], [ 29.832117670492586, -1.421572468604513, 0.0 ], [ 29.83184549514116, -1.421505474122956, 0.0 ], [ 29.831759653346385, -1.42148434439198, 0.0 ], [ 29.831758207402526, -1.421483988836959, 0.0 ], [ 29.831739566499682, -1.421479400097825, 0.0 ], [ 29.83160109648755, -1.421445316581029, 0.0 ], [ 29.831003464206837, -1.421621436068342, 0.0 ], [ 29.831001556276885, -1.421621998495968, 0.0 ], [ 29.830574969005774, -1.421747711867684, 0.0 ], [ 29.830246051909349, -1.421844641015448, 0.0 ], [ 29.830240023460835, -1.421846418718762, 0.0 ], [ 29.829598744069592, -1.422035399485583, 0.0 ], [ 29.829219451167308, -1.422126257680746, 0.0 ], [ 29.829075476014488, -1.422102608244572, 0.0 ], [ 29.828926746028237, -1.422078177904547, 0.0 ], [ 29.828464999344153, -1.422038303293671, 0.0 ], [ 29.828208037066446, -1.421908054083406, 0.0 ], [ 29.827863619715323, -1.421941765165384, 0.0 ], [ 29.827849288016296, -1.421948702127681, 0.0 ], [ 29.827849309575196, -1.421948827847878, 0.0 ], [ 29.827557848616472, -1.422089900191394, 0.0 ], [ 29.827323043441016, -1.42219894655996, 0.0 ], [ 29.827124361427785, -1.422307994720239, 0.0 ], [ 29.827052092955455, -1.422617003721556, 0.0 ], [ 29.827214622961705, -1.422907853690084, 0.0 ], [ 29.827503579694653, -1.423235066640469, 0.0 ], [ 29.827503571665247, -1.423343130349555, 0.0 ], [ 29.827503571284399, -1.423348255868796, 0.0 ], [ 29.82750356348657, -1.423453194702358, 0.0 ], [ 29.827485478465743, -1.423780384530212, 0.0 ], [ 29.827284092433224, -1.424236360579797, 0.0 ], [ 29.827249924873531, -1.424307000084299, 0.0 ], [ 29.827214514249697, -1.424380214463831, 0.0 ], [ 29.826893019415639, -1.424565993191593, 0.0 ], [ 29.826796870064712, -1.424661051772469, 0.0 ], [ 29.826732657691057, -1.424626426371579, 0.0 ], [ 29.826546225628697, -1.424671001649113, 0.0 ], [ 29.826311435116683, -1.424580096562173, 0.0 ], [ 29.826155384953349, -1.424524354312876, 0.0 ], [ 29.826126897659901, -1.424514178895123, 0.0 ], [ 29.82575155108557, -1.42438010362455, 0.0 ], [ 29.825139672197647, -1.424373954664617, 0.0 ], [ 29.824812361938513, -1.424416386345879, 0.0 ], [ 29.82423553796913, -1.424490459115843, 0.0 ], [ 29.824270547084364, -1.42410733134127, 0.0 ], [ 29.823964799450156, -1.42370301508754, 0.0 ], [ 29.823856364352004, -1.423559623388235, 0.0 ], [ 29.823807235051831, -1.423494655679887, 0.0 ], [ 29.823443177702593, -1.423612438604388, 0.0 ], [ 29.823025582158465, -1.423558900034555, 0.0 ], [ 29.822929213094117, -1.423740929427436, 0.0 ], [ 29.822864968508711, -1.423976495691751, 0.0 ], [ 29.822464424375106, -1.424052660071978, 0.0 ], [ 29.822340296936932, -1.424222770247032, 0.0 ], [ 29.822276051647812, -1.424372676031141, 0.0 ], [ 29.821901286661841, -1.424404798304361, 0.0 ], [ 29.821558644718852, -1.424543997223935, 0.0 ], [ 29.82143015320398, -1.424597535163847, 0.0 ], [ 29.821295450720726, -1.424828723752988, 0.0 ], [ 29.821290955754673, -1.425175744541981, 0.0 ], [ 29.821040910110035, -1.425147168810523, 0.0 ], [ 29.820916189244077, -1.425132914875332, 0.0 ], [ 29.820911471740796, -1.425137427711063, 0.0 ], [ 29.820669915598085, -1.425368480360472, 0.0 ], [ 29.82024517230305, -1.425609688228807, 0.0 ], [ 29.820242387180325, -1.425611270797228, 0.0 ], [ 29.82017052040996, -1.425652083875425, 0.0 ], [ 29.81991765722633, -1.425706596885765, 0.0 ], [ 29.819718979764719, -1.425761112327796, 0.0 ], [ 29.819637531910544, -1.425782375854623, 0.0 ], [ 29.81962795990713, -1.425784874094818, 0.0 ], [ 29.819474227292375, -1.425825009591787, 0.0 ], [ 29.819433867697636, -1.425871263586646, 0.0 ], [ 29.819414423981971, -1.425893545885731, 0.0 ], [ 29.819339675231515, -1.425979209467292, 0.0 ], [ 29.819173971629954, -1.425911771454055, 0.0 ], [ 29.819172962447677, -1.425911360754104, 0.0 ], [ 29.819152182998241, -1.425902904315148, 0.0 ], [ 29.819154000732613, -1.42591812634845, 0.0 ], [ 29.819189141056299, -1.426018529381645, 0.0 ], [ 29.819189176995319, -1.42601863249175, 0.0 ], [ 29.819217783598504, -1.426100361738369, 0.0 ], [ 29.819304507412816, -1.426196722338456, 0.0 ], [ 29.819305501263624, -1.42619782675014, 0.0 ], [ 29.819463800324662, -1.426373714032276, 0.0 ], [ 29.819354459435232, -1.426473943758096, 0.0 ], [ 29.819333021101247, -1.426490434706162, 0.0 ], [ 29.819322858248718, -1.426498252871545, 0.0 ], [ 29.819117552976387, -1.42665617979922, 0.0 ], [ 29.81889887131884, -1.426865749725818, 0.0 ], [ 29.818166219186381, -1.426865749457661, 0.0 ], [ 29.818165842640564, -1.426865749427705, 0.0 ], [ 29.818160819034098, -1.426865749028154, 0.0 ], [ 29.817723454686302, -1.42683841429079, 0.0 ], [ 29.81722230853627, -1.426765520861208, 0.0 ], [ 29.81686694927668, -1.426637955076693, 0.0 ], [ 29.816393138349632, -1.42638282610838, 0.0 ], [ 29.815928438445578, -1.425899903110566, 0.0 ], [ 29.815491074397396, -1.425307638812698, 0.0 ], [ 29.815317950670781, -1.425262080386664, 0.0 ], [ 29.815026374110069, -1.42530763838593, 0.0 ], [ 29.814497892211527, -1.425653885825498, 0.0 ], [ 29.814310345867309, -1.425706279845782, 0.0 ], [ 29.814328007267704, -1.425665070036352, 0.0 ], [ 29.814151477472194, -1.424533123562527, 0.0 ], [ 29.814136952958858, -1.424545681569817, 0.0 ], [ 29.814057512243281, -1.424360456521014, 0.0 ], [ 29.813990740593415, -1.424091558256716, 0.0 ], [ 29.813807384410541, -1.423466796667648, 0.0 ], [ 29.813806576721813, -1.423464043457702, 0.0 ], [ 29.813454143333182, -1.42226317086048, 0.0 ], [ 29.812992868530252, -1.420498486316685, 0.0 ], [ 29.812844805127401, -1.420057428504737, 0.0 ], [ 29.812782821330345, -1.419872786421605, 0.0 ], [ 29.812564164294379, -1.419221438342849, 0.0 ], [ 29.81255499732082, -1.419194130456468, 0.0 ], [ 29.812266741328578, -1.418335457875207, 0.0 ], [ 29.812092057686126, -1.417068898695506, 0.0 ], [ 29.812000020558614, -1.416549938874605, 0.0 ], [ 29.811995529234569, -1.416524612113688, 0.0 ], [ 29.811885710987713, -1.415905389902661, 0.0 ], [ 29.811638054154393, -1.415032751396303, 0.0 ], [ 29.811603189964021, -1.414879183881032, 0.0 ], [ 29.811603060601538, -1.414878609545047, 0.0 ], [ 29.811460815386347, -1.414252053213245, 0.0 ], [ 29.811456253550674, -1.414231959591016, 0.0 ], [ 29.811307869051724, -1.413578358811907, 0.0 ], [ 29.811005285339068, -1.412321729063325, 0.0 ], [ 29.810950372607895, -1.412114300844605, 0.0 ], [ 29.81072792720656, -1.411358497537595, 0.0 ], [ 29.810719433504065, -1.411329638573427, 0.0 ], [ 29.810647464340981, -1.411085108439326, 0.0 ], [ 29.810644510961559, -1.411044944310739, 0.0 ], [ 29.810642106964899, -1.411012247361802, 0.0 ], [ 29.81060031530933, -1.410443799268461, 0.0 ], [ 29.810588514362411, -1.410283282040084, 0.0 ], [ 29.810564978896668, -1.409963162891433, 0.0 ], [ 29.810326207163673, -1.40900159870435, 0.0 ], [ 29.810219766407045, -1.40868539988283, 0.0 ], [ 29.810231953115217, -1.408587341377005, 0.0 ], [ 29.81022814298959, -1.408506676836428, 0.0 ], [ 29.810228128636918, -1.408506354851263, 0.0 ], [ 29.810193299220174, -1.407768989635601, 0.0 ], [ 29.810193351881097, -1.407106516593151, 0.0 ], [ 29.810232116028285, -1.406560954043167, 0.0 ], [ 29.810227659732721, -1.406525046130426, 0.0 ], [ 29.810225619284246, -1.406508609403392, 0.0 ], [ 29.810193421155944, -1.406249199809562, 0.0 ], [ 29.810193453348301, -1.405850622499996, 0.0 ], [ 29.810186402350549, -1.405717601826905, 0.0 ], [ 29.810173880478512, -1.405604097821316, 0.0 ], [ 29.810173145007138, -1.405597431064155, 0.0 ], [ 29.810164053539811, -1.405515015076203, 0.0 ], [ 29.810162552962421, -1.405501416555729, 0.0 ], [ 29.810154767203084, -1.405430847153703, 0.0 ], [ 29.81007620750901, -1.40520677241669, 0.0 ], [ 29.810047788270076, -1.405125712426116, 0.0 ], [ 29.810046861956113, -1.405123071357899, 0.0 ], [ 29.809938192142251, -1.404813111252096, 0.0 ], [ 29.809938073545428, -1.404812772073837, 0.0 ], [ 29.809937273872077, -1.404811020089782, 0.0 ], [ 29.809873099651011, -1.404670279787349, 0.0 ], [ 29.80988527531067, -1.404664090732022, 0.0 ], [ 29.80986939599622, -1.404662159336892, 0.0 ], [ 29.81053861959408, -1.404019704865457, 0.0 ], [ 29.81166291410425, -1.403082792859073, 0.0 ], [ 29.811877372913802, -1.40292772244391, 0.0 ], [ 29.811966076550078, -1.402863583341096, 0.0 ], [ 29.812532905259253, -1.402453722593942, 0.0 ], [ 29.813670585760768, -1.402493875701682, 0.0 ], [ 29.813757664392089, -1.402420341872508, 0.0 ], [ 29.813826512274677, -1.402351492534107, 0.0 ], [ 29.813934247484326, -1.402200664270635, 0.0 ], [ 29.81397734156652, -1.402060609159822, 0.0 ], [ 29.814074302723821, -1.401931328539118, 0.0 ], [ 29.814181773126574, -1.401810423051801, 0.0 ], [ 29.814220763477156, -1.401766559449617, 0.0 ], [ 29.814246677055003, -1.401737405677395, 0.0 ], [ 29.814462147039347, -1.401371108066446, 0.0 ], [ 29.814602201262293, -1.401101771382037, 0.0 ], [ 29.814669817189824, -1.401030596571058, 0.0 ], [ 29.814714573090214, -1.400727125589719, 0.0 ], [ 29.815357028223072, -1.399857135725155, 0.0 ], [ 29.81571840811969, -1.39896037612311, 0.0 ], [ 29.816012865933967, -1.397969925519068, 0.0 ], [ 29.816186865389781, -1.396979474402164, 0.0 ], [ 29.816198268353915, -1.396866476049361, 0.0 ], [ 29.816206939065495, -1.396780563040803, 0.0 ], [ 29.816211110287927, -1.396739234533257, 0.0 ], [ 29.816274976374324, -1.39610636886215, 0.0 ], [ 29.816285889174491, -1.395998233695288, 0.0 ], [ 29.816334094700064, -1.395520567665852, 0.0 ], [ 29.816508092059049, -1.395038726615611, 0.0 ], [ 29.816584203143549, -1.394800879452674, 0.0 ], [ 29.816608074764165, -1.394726284107181, 0.0 ], [ 29.816615168743994, -1.394704115692293, 0.0 ], [ 29.816882857161975, -1.39422227470109, 0.0 ], [ 29.817659156160676, -1.393579819515507, 0.0 ], [ 29.818448839905514, -1.393271977177796, 0.0 ], [ 29.818930681154264, -1.393097978410661, 0.0 ], [ 29.819209589413699, -1.393043557496009, 0.0 ], [ 29.819110555586182, -1.392974249078419, 0.0 ], [ 29.819109178937214, -1.3929728733036, 0.0 ], [ 29.819113010445076, -1.392872015664036, 0.0 ], [ 29.819194995139032, -1.392913394252413, 0.0 ], [ 29.819972313221967, -1.393110484059476, 0.0 ], [ 29.819974407968637, -1.393111015132707, 0.0 ], [ 29.82001666236118, -1.393121728878592, 0.0 ], [ 29.820414994885372, -1.392915061865619, 0.0 ], [ 29.820508328111263, -1.392906728182006, 0.0 ], [ 29.820596662411955, -1.392870061307872, 0.0 ], [ 29.820681662287218, -1.392838394879369, 0.0 ], [ 29.820826869626828, -1.392882823537447, 0.0 ], [ 29.820829280687843, -1.392883561753185, 0.0 ], [ 29.820896477670182, -1.392904121426313, 0.0 ], [ 29.821005636579038, -1.392905033317483, 0.0 ], [ 29.821313116233494, -1.392883827544282, 0.0 ], [ 29.82160757476511, -1.392843674316504, 0.0 ], [ 29.82198235493297, -1.392924509124472, 0.0 ], [ 29.82198529801169, -1.392925144272199, 0.0 ], [ 29.822290182108848, -1.392990903770952, 0.0 ], [ 29.823156482094486, -1.393028567346305, 0.0 ], [ 29.823159945536727, -1.393028718651035, 0.0 ], [ 29.823213710670686, -1.393031056192161, 0.0 ], [ 29.823521123976672, -1.393189421483323, 0.0 ], [ 29.823633057269504, -1.393236302146663, 0.0 ], [ 29.823633488615172, -1.393236482164768, 0.0 ], [ 29.823634775463002, -1.393237021314038, 0.0 ], [ 29.823635036966238, -1.393237131676665, 0.0 ], [ 29.8236351052626, -1.393237160624218, 0.0 ], [ 29.823636098286325, -1.39323717155242, 0.0 ], [ 29.823636269037333, -1.39323710825377, 0.0 ], [ 29.823636322079807, -1.393236822451484, 0.0 ], [ 29.823672131913391, -1.393226875291394, 0.0 ], [ 29.82367221728828, -1.393226851782105, 0.0 ], [ 29.823696662372686, -1.393220061201525, 0.0 ], [ 29.823789995184157, -1.3932417289065, 0.0 ], [ 29.823804260988378, -1.393248441905414, 0.0 ], [ 29.823804298731016, -1.39324845909281, 0.0 ], [ 29.823874995115361, -1.393281728283411, 0.0 ], [ 29.823944995377047, -1.393346728248229, 0.0 ], [ 29.824014995033494, -1.39328672866277, 0.0 ], [ 29.824063328216933, -1.393210061141737, 0.0 ], [ 29.824133328113486, -1.393146728652546, 0.0 ], [ 29.824145643713528, -1.393142702060449, 0.0 ], [ 29.824146312336325, -1.393142483233697, 0.0 ], [ 29.824219995643077, -1.393118394210942, 0.0 ], [ 29.824309995207173, -1.393105061228181, 0.0 ], [ 29.824386662323029, -1.393053394830086, 0.0 ], [ 29.824468328619417, -1.393015061305445, 0.0 ], [ 29.824561662543452, -1.393021728671557, 0.0 ], [ 29.824646662324362, -1.393051728418691, 0.0 ], [ 29.824714995302511, -1.392986728882741, 0.0 ], [ 29.824804995021346, -1.392983394578072, 0.0 ], [ 29.824899995648888, -1.392970061041201, 0.0 ], [ 29.824978703664179, -1.392929936464525, 0.0 ], [ 29.824978963388091, -1.392929803529729, 0.0 ], [ 29.824984995452333, -1.392926728849459, 0.0 ], [ 29.825069994884409, -1.392888394646639, 0.0 ], [ 29.825161662354205, -1.392911728170036, 0.0 ], [ 29.825251662479193, -1.392915061455597, 0.0 ], [ 29.825341661991288, -1.392926728343038, 0.0 ], [ 29.825396662439616, -1.392885061704069, 0.0 ], [ 29.82541602461092, -1.392879076590733, 0.0 ], [ 29.825417301642538, -1.392878681441134, 0.0 ], [ 29.825488328322919, -1.392856728489388, 0.0 ], [ 29.82561999560793, -1.392840061136703, 0.0 ], [ 29.825568328556503, -1.392841728713446, 0.0 ], [ 29.825595991024244, -1.392795942070422, 0.0 ], [ 29.825656945619013, -1.392710781754929, 0.0 ], [ 29.82566478360177, -1.39270086865807, 0.0 ], [ 29.825665086479916, -1.39270048519366, 0.0 ], [ 29.825673328000565, -1.392690061112339, 0.0 ], [ 29.825679297141548, -1.392687196257879, 0.0 ], [ 29.825659485127829, -1.392663461101777, 0.0 ], [ 29.825682517273883, -1.392684243467137, 0.0 ], [ 29.825683152587715, -1.392684816031491, 0.0 ], [ 29.825683415878832, -1.392685055730421, 0.0 ], [ 29.825683535393392, -1.39268516246447, 0.0 ], [ 29.825734664923036, -1.392660619486449, 0.0 ], [ 29.825735955450931, -1.392660000033962, 0.0 ], [ 29.825756662312429, -1.392650061665021, 0.0 ], [ 29.825819995081471, -1.392585061719307, 0.0 ], [ 29.825791662672028, -1.392526728895672, 0.0 ], [ 29.82580699016426, -1.392504027427076, 0.0 ], [ 29.82580735775797, -1.392503483879742, 0.0 ], [ 29.826186662310086, -1.391941728077394, 0.0 ], [ 29.8262165866545, -1.391908734137788, 0.0 ], [ 29.826216703490282, -1.3919086057145, 0.0 ], [ 29.82625166255777, -1.391870061535642, 0.0 ], [ 29.826286662234427, -1.391780061367847, 0.0 ], [ 29.826251661885088, -1.391695061239827, 0.0 ], [ 29.826293328138785, -1.391613394266991, 0.0 ], [ 29.826304995012936, -1.391521728180285, 0.0 ], [ 29.826336662434038, -1.391431728668112, 0.0 ], [ 29.826416661991839, -1.391388394234279, 0.0 ], [ 29.826478328705452, -1.391321728142561, 0.0 ], [ 29.826511672155213, -1.391292830706408, 0.0 ], [ 29.826513478584499, -1.391291265236428, 0.0 ], [ 29.826553327874951, -1.391256728128237, 0.0 ], [ 29.826641661971959, -1.391233394413734, 0.0 ], [ 29.826734995700836, -1.391205061263257, 0.0 ], [ 29.826824995237061, -1.391203394678597, 0.0 ], [ 29.826914994992006, -1.391223394200275, 0.0 ], [ 29.826993399543703, -1.391178161185276, 0.0 ], [ 29.82708499525716, -1.391125061325746, 0.0 ], [ 29.827133328539066, -1.391045061726432, 0.0 ], [ 29.827159995583781, -1.390945061321009, 0.0 ], [ 29.827176661928895, -1.390850061788934, 0.0 ], [ 29.827181662472825, -1.390758394296868, 0.0 ], [ 29.827216408977186, -1.390688900693944, 0.0 ], [ 29.827217169357453, -1.390687380368769, 0.0 ], [ 29.82722332789865, -1.390675061302971, 0.0 ], [ 29.827273327944493, -1.39059839472137, 0.0 ], [ 29.82732832863725, -1.3905150618021, 0.0 ], [ 29.827389995009252, -1.390440061168943, 0.0 ], [ 29.82744832799105, -1.390368394092839, 0.0 ], [ 29.827488328417466, -1.390281728069574, 0.0 ], [ 29.827505820963282, -1.390243826550391, 0.0 ], [ 29.827523670333925, -1.390205154465413, 0.0 ], [ 29.827528327942048, -1.390195061140669, 0.0 ], [ 29.827598328679755, -1.390130061621283, 0.0 ], [ 29.827602953629551, -1.390124186650863, 0.0 ], [ 29.827605546513372, -1.390120892832774, 0.0 ], [ 29.82765999527426, -1.39005172807851, 0.0 ], [ 29.827729995521068, -1.389993394354044, 0.0 ], [ 29.827794995304661, -1.389926728462384, 0.0 ], [ 29.827871662273122, -1.389825061190697, 0.0 ], [ 29.827834995641123, -1.389741728765878, 0.0 ], [ 29.827869994978098, -1.389655061461292, 0.0 ], [ 29.827918130316696, -1.389602341858617, 0.0 ], [ 29.827928876057449, -1.389584113446864, 0.0 ], [ 29.827931716182945, -1.389579295647326, 0.0 ], [ 29.827965209889587, -1.389522482331654, 0.0 ], [ 29.827978327988209, -1.389493394356455, 0.0 ], [ 29.827995234007904, -1.389438700760994, 0.0 ], [ 29.828028328002954, -1.38936672882446, 0.0 ], [ 29.828101253219561, -1.38917369186967, 0.0 ], [ 29.828124800967476, -1.389135408203935, 0.0 ], [ 29.828125071496856, -1.389134969565251, 0.0 ], [ 29.828134915713445, -1.389118966034244, 0.0 ], [ 29.828136388624443, -1.389118942626336, 0.0 ], [ 29.828176762732543, -1.389046268461152, 0.0 ], [ 29.828280028326951, -1.388856947390648, 0.0 ], [ 29.828280572988909, -1.388855949821557, 0.0 ], [ 29.828306044477038, -1.388809252190757, 0.0 ], [ 29.82835991161409, -1.388442954576187, 0.0 ], [ 29.828334333343825, -1.388400323241618, 0.0 ], [ 29.828333830152875, -1.388399485683671, 0.0 ], [ 29.828230630206505, -1.388227485119921, 0.0 ], [ 29.828295270454888, -1.387936602280167, 0.0 ], [ 29.828299946987013, -1.387900744776844, 0.0 ], [ 29.828300921676156, -1.38789327770462, 0.0 ], [ 29.828327591660244, -1.387688812334104, 0.0 ], [ 29.828273723662605, -1.387419476603681, 0.0 ], [ 29.828316817291547, -1.387107045459743, 0.0 ], [ 29.828295270065428, -1.386870029010614, 0.0 ], [ 29.828352985036396, -1.386655662169154, 0.0 ], [ 29.828354492496572, -1.386650064634859, 0.0 ], [ 29.828370685334303, -1.386589919856401, 0.0 ], [ 29.828379593385272, -1.386483026212012, 0.0 ], [ 29.828392232310307, -1.386331356207237, 0.0 ], [ 29.828370685591487, -1.38582500343406, 0.0 ], [ 29.828418524480242, -1.385482150526538, 0.0 ], [ 29.828376935893765, -1.385423941581352, 0.0 ], [ 29.828373691152088, -1.385419399194266, 0.0 ], [ 29.828335725607925, -1.385366260862347, 0.0 ], [ 29.828196526989966, -1.38518423185068, 0.0 ], [ 29.828158093905845, -1.385009710795353, 0.0 ], [ 29.828158051682742, -1.385009516335394, 0.0 ], [ 29.828157892671712, -1.385008792763373, 0.0 ], [ 29.828157954552051, -1.384998084073655, 0.0 ], [ 29.828158040108718, -1.384983055729954, 0.0 ], [ 29.828158041926702, -1.38498276901926, 0.0 ], [ 29.82815825850702, -1.384945299458636, 0.0 ], [ 29.828161661883062, -1.384893394195617, 0.0 ], [ 29.828146662211999, -1.384795061239971, 0.0 ], [ 29.828148179571382, -1.384751819570932, 0.0 ], [ 29.828148401097621, -1.384745495669016, 0.0 ], [ 29.82814999500096, -1.384700061617431, 0.0 ], [ 29.828158328417182, -1.384648394584392, 0.0 ], [ 29.828130323003311, -1.38461677747327, 0.0 ], [ 29.828138014022631, -1.38461299381333, 0.0 ], [ 29.828161220985965, -1.384601575009252, 0.0 ], [ 29.828165471729704, -1.384513181560064, 0.0 ], [ 29.828165483430727, -1.384512925601414, 0.0 ], [ 29.828165495131753, -1.384512669642749, 0.0 ], [ 29.828165843434391, -1.384505439490612, 0.0 ], [ 29.828188491264022, -1.384034355368424, 0.0 ], [ 29.828194679722241, -1.383905646177051, 0.0 ], [ 29.82819652744049, -1.383867200832757, 0.0 ], [ 29.82823935763308, -1.383267576760695, 0.0 ], [ 29.82824982059315, -1.383219698624278, 0.0 ], [ 29.827825863664518, -1.381560974175592, 0.0 ], [ 29.828585298967184, -1.381539612041188, 0.0 ], [ 29.82858199903815, -1.381490118457346, 0.0 ], [ 29.82851775390121, -1.380033888671292, 0.0 ], [ 29.828464547485119, -1.379925909691725, 0.0 ], [ 29.828454444421553, -1.379905405063935, 0.0 ], [ 29.828328534419761, -1.379649882305342, 0.0 ], [ 29.828281957366347, -1.37955536022037, 0.0 ], [ 29.828153695947723, -1.379295065404395, 0.0 ], [ 29.827908161434788, -1.378832326122096, 0.0 ], [ 29.827883938436631, -1.378777136595663, 0.0 ], [ 29.827884995040503, -1.378655061171321, 0.0 ], [ 29.827638328544804, -1.378226728899012, 0.0 ], [ 29.827976662569277, -1.376365061388317, 0.0 ], [ 29.827863328709174, -1.376308394757621, 0.0 ], [ 29.827857678325561, -1.376227872016658, 0.0 ], [ 29.827879688694587, -1.376146739875719, 0.0 ], [ 29.827888328392966, -1.376121728826668, 0.0 ], [ 29.827939994948462, -1.376046728299326, 0.0 ], [ 29.82797666240705, -1.37595339437319, 0.0 ], [ 29.828013328065005, -1.375860061350353, 0.0 ], [ 29.828061662742883, -1.375780061678903, 0.0 ], [ 29.828123328179156, -1.37571172857612, 0.0 ], [ 29.828159995266542, -1.375623394448195, 0.0 ], [ 29.828226662270328, -1.375560061507097, 0.0 ], [ 29.828279995509991, -1.375476728386454, 0.0 ], [ 29.828336581132643, -1.37540397485825, 0.0 ], [ 29.828403091135936, -1.375349366229962, 0.0 ], [ 29.828416662557544, -1.375338394416942, 0.0 ], [ 29.828483328701143, -1.375261728055584, 0.0 ], [ 29.828554994921848, -1.375198394559754, 0.0 ], [ 29.828639995376491, -1.375148394531146, 0.0 ], [ 29.828716662384934, -1.375088394291199, 0.0 ], [ 29.828811661896832, -1.37503006136927, 0.0 ], [ 29.828839995384037, -1.375021728901009, 0.0 ], [ 29.828843692069686, -1.375002024806175, 0.0 ], [ 29.828845633009241, -1.374991681648737, 0.0 ], [ 29.828926355937661, -1.374561513561471, 0.0 ], [ 29.828927158743539, -1.374557237376704, 0.0 ], [ 29.82906375527854, -1.373829319105613, 0.0 ], [ 29.829083165546848, -1.373725886621394, 0.0 ], [ 29.829093328719711, -1.373671728847523, 0.0 ], [ 29.829153328587662, -1.37370839416796, 0.0 ], [ 29.829191662490842, -1.373621728845378, 0.0 ], [ 29.829176662009569, -1.37352172808342, 0.0 ], [ 29.829236662494313, -1.373448394111607, 0.0 ], [ 29.829326662647336, -1.373403394210866, 0.0 ], [ 29.829356662625013, -1.373313394479976, 0.0 ], [ 29.829336661888586, -1.373215061165995, 0.0 ], [ 29.82933666233567, -1.373120061285161, 0.0 ], [ 29.829366403217772, -1.373033968761765, 0.0 ], [ 29.829359111306061, -1.372884772767981, 0.0 ], [ 29.829369324059389, -1.372891650039906, 0.0 ], [ 29.829396662607291, -1.37291006119208, 0.0 ], [ 29.829359995324943, -1.372825061902278, 0.0 ], [ 29.829413328764158, -1.372750061445767, 0.0 ], [ 29.829428461290711, -1.372660778778644, 0.0 ], [ 29.829428962052436, -1.372657820356419, 0.0 ], [ 29.829429995041345, -1.372651728050777, 0.0 ], [ 29.829504995290741, -1.372586728753057, 0.0 ], [ 29.829549995325848, -1.372488394675429, 0.0 ], [ 29.829594995075844, -1.372406728718185, 0.0 ], [ 29.829722227575502, -1.37183884047812, 0.0 ], [ 29.829723388108153, -1.371833656249817, 0.0 ], [ 29.829868328751605, -1.371186728406829, 0.0 ], [ 29.829804995434955, -1.371231728439673, 0.0 ], [ 29.829839995131376, -1.371146728856605, 0.0 ], [ 29.829834444406043, -1.371130074808636, 0.0 ], [ 29.829828212643193, -1.371111378462246, 0.0 ], [ 29.829808328683775, -1.371051728515572, 0.0 ], [ 29.829818328336714, -1.370958394439619, 0.0 ], [ 29.829804995149967, -1.370866728310761, 0.0 ], [ 29.82978166261195, -1.370775061466658, 0.0 ], [ 29.829741662692157, -1.370683394334606, 0.0 ], [ 29.829761662240958, -1.370595061682062, 0.0 ], [ 29.829796662044519, -1.370508394291112, 0.0 ], [ 29.82977832873441, -1.370416728709089, 0.0 ], [ 29.829821662438473, -1.370333394814039, 0.0 ], [ 29.829843328088952, -1.370245061374451, 0.0 ], [ 29.82987166254879, -1.370158394409198, 0.0 ], [ 29.829858328033612, -1.370060061573971, 0.0 ], [ 29.829879995635693, -1.369956728722735, 0.0 ], [ 29.829891662283437, -1.369863394763805, 0.0 ], [ 29.829916662292156, -1.369770061756908, 0.0 ], [ 29.829938327931647, -1.369681728314988, 0.0 ], [ 29.829933328684795, -1.369580061365071, 0.0 ], [ 29.829936661971164, -1.369488394617264, 0.0 ], [ 29.829919711420992, -1.369451545179891, 0.0 ], [ 29.829919467922345, -1.369451017867733, 0.0 ], [ 29.82989832847997, -1.369405061216786, 0.0 ], [ 29.829893328452744, -1.36930172826852, 0.0 ], [ 29.829933328231878, -1.369216728131348, 0.0 ], [ 29.829929995403422, -1.369123394004704, 0.0 ], [ 29.829943328736405, -1.369021728362923, 0.0 ], [ 29.829971662391735, -1.368933394490568, 0.0 ], [ 29.829948327942013, -1.368843394550748, 0.0 ], [ 29.829949994921119, -1.368741728075941, 0.0 ], [ 29.829928328261012, -1.368653394253374, 0.0 ], [ 29.829918328303549, -1.368560061459561, 0.0 ], [ 29.829868328005219, -1.368483394838208, 0.0 ], [ 29.829843328352727, -1.368393394779206, 0.0 ], [ 29.829908328557647, -1.368323394026494, 0.0 ], [ 29.829939995668656, -1.368230061491726, 0.0 ], [ 29.829851662591807, -1.36817506187134, 0.0 ], [ 29.829878328020122, -1.368078394270506, 0.0 ], [ 29.829908327927356, -1.367975061104936, 0.0 ], [ 29.829926662578806, -1.367881728522977, 0.0 ], [ 29.829951662438912, -1.367790061509673, 0.0 ], [ 29.829945559295922, -1.367782602069235, 0.0 ], [ 29.829948609970216, -1.367760777890353, 0.0 ], [ 29.829913840555687, -1.367703122102939, 0.0 ], [ 29.829905817359762, -1.36770312243523, 0.0 ], [ 29.829862185005794, -1.36747249614236, 0.0 ], [ 29.829861454671047, -1.367468632276698, 0.0 ], [ 29.829830864146171, -1.367306941435957, 0.0 ], [ 29.829520344162376, -1.367274819406596, 0.0 ], [ 29.829274070574442, -1.367424725355549, 0.0 ], [ 29.829189395370321, -1.367340050045408, 0.0 ], [ 29.829119053514841, -1.367258324268912, 0.0 ], [ 29.828695861674138, -1.36710349809048, 0.0 ], [ 29.828310388168859, -1.367253404790707, 0.0 ], [ 29.827518028723368, -1.367692414102323, 0.0 ], [ 29.82725470944504, -1.367903069631451, 0.0 ], [ 29.827250336337936, -1.367906564111843, 0.0 ], [ 29.827243469320031, -1.36791204458509, 0.0 ], [ 29.826404440148814, -1.368581143218556, 0.0 ], [ 29.826126043690614, -1.368720341382376, 0.0 ], [ 29.825687032406336, -1.368334869578949, 0.0 ], [ 29.825685895747931, -1.368320469738873, 0.0 ], [ 29.824674325954909, -1.367912937901902, 0.0 ], [ 29.824701936627854, -1.367820905763118, 0.0 ], [ 29.824700778370957, -1.367807009700639, 0.0 ], [ 29.824568766155114, -1.367741838858352, 0.0 ], [ 29.824529118972251, -1.367721390838571, 0.0 ], [ 29.824444006932939, -1.367677496115711, 0.0 ], [ 29.824416661880516, -1.36766339462432, 0.0 ], [ 29.824392154949965, -1.36767170200664, 0.0 ], [ 29.824391131356485, -1.367672049240259, 0.0 ], [ 29.824374920116227, -1.367677544392178, 0.0 ], [ 29.824289265353137, -1.367719332739868, 0.0 ], [ 29.824318328607209, -1.367696728141248, 0.0 ], [ 29.824221662202344, -1.367398394362686, 0.0 ], [ 29.824255757503149, -1.367282679672255, 0.0 ], [ 29.824257293683701, -1.367277466532894, 0.0 ], [ 29.824327314386355, -1.36703982280437, 0.0 ], [ 29.824282005238132, -1.366765980806106, 0.0 ], [ 29.824274515026971, -1.366703103761834, 0.0 ], [ 29.824270353904744, -1.366695561242914, 0.0 ], [ 29.824272737673983, -1.366688177484721, 0.0 ], [ 29.824402609441066, -1.366441091169991, 0.0 ], [ 29.824680348390149, -1.366046882411656, 0.0 ], [ 29.824859533913184, -1.365760184747703, 0.0 ], [ 29.824984964434694, -1.365500364300606, 0.0 ], [ 29.825262702454509, -1.365240544132731, 0.0 ], [ 29.825613327921385, -1.364913394708956, 0.0 ], [ 29.825840577911265, -1.364949366807751, 0.0 ], [ 29.826064560668286, -1.364994163372297, 0.0 ], [ 29.826566661913166, -1.364910061537425, 0.0 ], [ 29.826602119729756, -1.364626831785196, 0.0 ], [ 29.826664834595871, -1.364268459536706, 0.0 ], [ 29.826637956334096, -1.363847372516186, 0.0 ], [ 29.82657097008196, -1.363629666397619, 0.0 ], [ 29.826638152359266, -1.363569391442577, 0.0 ], [ 29.826329487417347, -1.363366554147145, 0.0 ], [ 29.825933307294299, -1.362948959515624, 0.0 ], [ 29.826018966891741, -1.362649147608076, 0.0 ], [ 29.826340194258808, -1.362220844829659, 0.0 ], [ 29.826565053136893, -1.361471313044994, 0.0 ], [ 29.826136749968644, -1.360978765232759, 0.0 ], [ 29.825890476128638, -1.360550462862343, 0.0 ], [ 29.826079497639942, -1.360138817693206, 0.0 ], [ 29.826124412101663, -1.360041002806595, 0.0 ], [ 29.826372316992483, -1.359501120718074, 0.0 ], [ 29.826543638623601, -1.359276261354408, 0.0 ], [ 29.827143262869477, -1.358955033790666, 0.0 ], [ 29.828331803591755, -1.358387532835133, 0.0 ], [ 29.828492417710407, -1.35837682476123, 0.0 ], [ 29.829113456543638, -1.35806630505882, 0.0 ], [ 29.829413268283751, -1.357670124464934, 0.0 ], [ 29.82961671196276, -1.357455973090224, 0.0 ], [ 29.829689121976511, -1.357375208052661, 0.0 ], [ 29.829665881985395, -1.357310443205498, 0.0 ], [ 29.829652611610463, -1.357258884046656, 0.0 ], [ 29.829647587076863, -1.357248508735316, 0.0 ], [ 29.829649584875742, -1.357247130493878, 0.0 ], [ 29.829732346588774, -1.3571900600855, 0.0 ], [ 29.829899016113245, -1.357148392079555, 0.0 ], [ 29.829722546391729, -1.35691309846342, 0.0 ], [ 29.830814371517508, -1.356208258301343, 0.0 ], [ 29.831836578979583, -1.355313373085678, 0.0 ], [ 29.831925927203613, -1.355276406277106, 0.0 ], [ 29.831925927436163, -1.355312140228867, 0.0 ], [ 29.831925927462002, -1.355389976371346, 0.0 ], [ 29.831862145918731, -1.355634468516874, 0.0 ], [ 29.831883856157877, -1.355768700499845, 0.0 ], [ 29.831929548226181, -1.355753469120633, 0.0 ], [ 29.832090162183821, -1.355742761686528, 0.0 ], [ 29.832422097440585, -1.355774884696395, 0.0 ], [ 29.832614832871499, -1.355592855650317, 0.0 ], [ 29.832903938651715, -1.355582147145548, 0.0 ], [ 29.833064551515719, -1.355442949720315, 0.0 ], [ 29.833278703226995, -1.35535728863635, 0.0 ], [ 29.83379266636403, -1.355378703597546, 0.0 ], [ 29.834531489065665, -1.35545365662007, 0.0 ], [ 29.834702810131812, -1.355367996075881, 0.0 ], [ 29.834991914920444, -1.355185967098375, 0.0 ], [ 29.835270312525807, -1.355185967173232, 0.0 ], [ 29.835527293113003, -1.355218090046608, 0.0 ], [ 29.835761446666574, -1.355282931663508, 0.0 ], [ 29.835804372966521, -1.355530031539051, 0.0 ], [ 29.835793599072481, -1.355756274725435, 0.0 ], [ 29.836073709612009, -1.355702407532642, 0.0 ], [ 29.836192217577256, -1.355820915884876, 0.0 ], [ 29.836418460243301, -1.355820915902109, 0.0 ], [ 29.836601608967545, -1.355874782081651, 0.0 ], [ 29.836827851264136, -1.355960970828789, 0.0 ], [ 29.837054094113668, -1.356079478309815, 0.0 ], [ 29.837226469297299, -1.356208759567423, 0.0 ], [ 29.837344977890368, -1.356197986526459, 0.0 ], [ 29.837499893931092, -1.356343220200697, 0.0 ], [ 29.837596875993096, -1.356349494598182, 0.0 ], [ 29.837621932089025, -1.356351115257623, 0.0 ], [ 29.837597854926237, -1.356318009814244, 0.0 ], [ 29.837390808425393, -1.356033320722411, 0.0 ], [ 29.837144533900336, -1.355508648222015, 0.0 ], [ 29.836759061330493, -1.355155298263204, 0.0 ], [ 29.836512787044814, -1.354898317031133, 0.0 ], [ 29.836289225963323, -1.354725385254466, 0.0 ], [ 29.836258499281172, -1.354538100277966, 0.0 ], [ 29.83615943719477, -1.354367221015203, 0.0 ], [ 29.836277220099912, -1.353906795561598, 0.0 ], [ 29.836170144377771, -1.35258976452084, 0.0 ], [ 29.836084483939651, -1.352097215410587, 0.0 ], [ 29.836073776687012, -1.351840233883823, 0.0 ], [ 29.836362880910304, -1.351497591330992, 0.0 ], [ 29.836434139080737, -1.351394047356041, 0.0 ], [ 29.836518377703193, -1.35127164373698, 0.0 ], [ 29.836558701373441, -1.351320032796191, 0.0 ], [ 29.836686583164486, -1.351745390367913, 0.0 ], [ 29.836946360166582, -1.351802414588075, 0.0 ], [ 29.837581994135899, -1.35185628134588, 0.0 ], [ 29.837910897351552, -1.351882948594889, 0.0 ], [ 29.837980612444319, -1.351888601574882, 0.0 ], [ 29.838260722667535, -1.351791640582147, 0.0 ], [ 29.838519285345274, -1.351608491143228, 0.0 ], [ 29.838777848362398, -1.351446889318717, 0.0 ], [ 29.839036411298576, -1.351231420152645, 0.0 ], [ 29.839284200931754, -1.35095131000622, 0.0 ], [ 29.839353283720783, -1.35091037280635, 0.0 ], [ 29.839509722246298, -1.350817668809865, 0.0 ], [ 29.839575084474255, -1.350778935503281, 0.0 ], [ 29.839887514125355, -1.350563466187317, 0.0 ], [ 29.840372319907026, -1.350541919876371, 0.0 ], [ 29.840684749949283, -1.350401864503968, 0.0 ], [ 29.841007954067241, -1.350272582716156, 0.0 ], [ 29.841244969981943, -1.350164848295794, 0.0 ], [ 29.841557400929133, -1.349981699306859, 0.0 ], [ 29.841736406154443, -1.349959323151928, 0.0 ], [ 29.841902152597157, -1.349938605784284, 0.0 ], [ 29.842160715161501, -1.34982009704041, 0.0 ], [ 29.842379560734251, -1.349663779605627, 0.0 ], [ 29.84250092917377, -1.349503079157547, 0.0 ], [ 29.842505465054675, -1.349496893005168, 0.0 ], [ 29.842796349473254, -1.349389158306369, 0.0 ], [ 29.843108779179524, -1.349152142673476, 0.0 ], [ 29.843270380876675, -1.348936673014387, 0.0 ], [ 29.843453530503904, -1.348775071153314, 0.0 ], [ 29.84378750766508, -1.348527282078366, 0.0 ], [ 29.84402452319226, -1.348322586528356, 0.0 ], [ 29.844132258325558, -1.348171757185692, 0.0 ], [ 29.844315407707946, -1.347913194422144, 0.0 ], [ 29.844358501361146, -1.347589990530708, 0.0 ], [ 29.844358500987902, -1.34752508166116, 0.0 ], [ 29.844378258615052, -1.347271157255321, 0.0 ], [ 29.844374605097279, -1.347222566265552, 0.0 ], [ 29.844383472332176, -1.347204151297492, 0.0 ], [ 29.844498556734095, -1.346965130234458, 0.0 ], [ 29.844627837064049, -1.346555738532617, 0.0 ], [ 29.844648002393789, -1.346532692591117, 0.0 ], [ 29.844854080035066, -1.346297175754309, 0.0 ], [ 29.845123416419622, -1.346200214068358, 0.0 ], [ 29.845425073398552, -1.34596319827234, 0.0 ], [ 29.845594587968325, -1.345793683190543, 0.0 ], [ 29.845684995527396, -1.345708394638476, 0.0 ], [ 29.845618328017164, -1.345643394691693, 0.0 ], [ 29.845843328386984, -1.345478394525171, 0.0 ], [ 29.845953328565418, -1.345345061831166, 0.0 ], [ 29.846198328283489, -1.345295061208603, 0.0 ], [ 29.84627166271159, -1.345233394014856, 0.0 ], [ 29.846493328528915, -1.345220061064444, 0.0 ], [ 29.846598328204724, -1.34523672861307, 0.0 ], [ 29.846636662055896, -1.34514672814874, 0.0 ], [ 29.846398328595185, -1.344865061393717, 0.0 ], [ 29.846523328169464, -1.344643394536133, 0.0 ], [ 29.846661662491002, -1.34452672811463, 0.0 ], [ 29.847164995246317, -1.344263394396078, 0.0 ], [ 29.847458328399803, -1.344028394696215, 0.0 ], [ 29.847476662432012, -1.343828394443054, 0.0 ], [ 29.847733328600057, -1.343888394698999, 0.0 ], [ 29.847981662748705, -1.343726728664917, 0.0 ], [ 29.848158328360192, -1.343500061505242, 0.0 ], [ 29.848328327994974, -1.34348839475418, 0.0 ], [ 29.848874995396166, -1.343393394476343, 0.0 ], [ 29.84911166224877, -1.343261728251139, 0.0 ], [ 29.849119995167534, -1.34272339454693, 0.0 ], [ 29.849064995482383, -1.342573394133854, 0.0 ], [ 29.849303328633233, -1.342290061365806, 0.0 ], [ 29.849394994874434, -1.341926728862929, 0.0 ], [ 29.849846661985055, -1.341808394812528, 0.0 ], [ 29.8502133284005, -1.341755061104684, 0.0 ], [ 29.850207612701499, -1.341730533827661, 0.0 ], [ 29.850262193389085, -1.341693132679707, 0.0 ], [ 29.850485774964117, -1.341855037893177, 0.0 ], [ 29.851149644954344, -1.342315463628974, 0.0 ], [ 29.851524410701192, -1.342936502211279, 0.0 ], [ 29.851824222580337, -1.343686032564646, 0.0 ] ] ] } },
{ "type": "Feature", "properties": { "sector": "Cyanika", "district": "Burera", "province": "North", "Area_m2_gis": 39901057.90354725, "Perimeter_m_gis": 30864.648563627863 }, "geometry": { "type": "Polygon", "coordinates": [ [ [ 29.731019995529216, -1.340581728292, 0.0 ], [ 29.731488328554544, -1.340871728792604, 0.0 ], [ 29.731718328334818, -1.340721728452218, 0.0 ], [ 29.732053328291556, -1.340865061112796, 0.0 ], [ 29.73228832844708, -1.341150061330415, 0.0 ], [ 29.732321662448715, -1.341325061544068, 0.0 ], [ 29.732584995429772, -1.341258394023827, 0.0 ], [ 29.732839995228414, -1.341333394213089, 0.0 ], [ 29.733301483308132, -1.341486130573591, 0.0 ], [ 29.733328327864157, -1.341698394118779, 0.0 ], [ 29.733419995195938, -1.341858394178351, 0.0 ], [ 29.73351166225503, -1.341821728075401, 0.0 ], [ 29.73358832810306, -1.34187006188494, 0.0 ], [ 29.733844995549724, -1.341865061285133, 0.0 ], [ 29.734126662095228, -1.341836728707432, 0.0 ], [ 29.734333328480037, -1.342005061310843, 0.0 ], [ 29.734556662155196, -1.342121728387218, 0.0 ], [ 29.734709995348229, -1.342038394173042, 0.0 ], [ 29.73490666202629, -1.341853394178629, 0.0 ], [ 29.735108328525232, -1.341653394482839, 0.0 ], [ 29.735371661921434, -1.341675061106481, 0.0 ], [ 29.735698328010681, -1.341570061601909, 0.0 ], [ 29.735793327942609, -1.341576728643743, 0.0 ], [ 29.736336662223124, -1.341868394357879, 0.0 ], [ 29.736593328564339, -1.341773394825078, 0.0 ], [ 29.736903328269552, -1.341653394023477, 0.0 ], [ 29.737183328558633, -1.341618394232552, 0.0 ], [ 29.737294995327911, -1.3418633943256, 0.0 ], [ 29.737624995169156, -1.341743394684159, 0.0 ], [ 29.737886662486986, -1.341833394427096, 0.0 ], [ 29.738148328679806, -1.341756728365709, 0.0 ], [ 29.738283328036765, -1.34165339463354, 0.0 ], [ 29.738848327994582, -1.341606728114131, 0.0 ], [ 29.739299995269885, -1.341506728628842, 0.0 ], [ 29.739851662554944, -1.341506728018895, 0.0 ], [ 29.740304995483985, -1.341538394086437, 0.0 ], [ 29.74035636942083, -1.341593742599366, 0.0 ], [ 29.740696662032505, -1.341893394617338, 0.0 ], [ 29.740809995421913, -1.341778394683505, 0.0 ], [ 29.740839994876197, -1.341691728473875, 0.0 ], [ 29.741298327982793, -1.341551728396311, 0.0 ], [ 29.741366662112849, -1.341383394809344, 0.0 ], [ 29.741801662420318, -1.34122172885445, 0.0 ], [ 29.741989656639415, -1.341191964502824, 0.0 ], [ 29.742553773102369, -1.34132703542174, 0.0 ], [ 29.743912337364176, -1.341826089286156, 0.0 ], [ 29.74452396688789, -1.34234425552354, 0.0 ], [ 29.74489873247709, -1.342258594120387, 0.0 ], [ 29.745584016882734, -1.342697605345252, 0.0 ], [ 29.74682609594549, -1.342536991520402, 0.0 ], [ 29.747693409089674, -1.342719020118974, 0.0 ], [ 29.748389401738073, -1.34305095530621, 0.0 ], [ 29.748496477030731, -1.343179445688074, 0.0 ], [ 29.74858213808135, -1.343532795449111, 0.0 ], [ 29.748881662397874, -1.343666728801486, 0.0 ], [ 29.748961662435345, -1.343708394058296, 0.0 ], [ 29.749049995270227, -1.343665061224528, 0.0 ], [ 29.749109994990295, -1.343743394276487, 0.0 ], [ 29.749381662703048, -1.343680061357871, 0.0 ], [ 29.749471662521234, -1.343698394727947, 0.0 ], [ 29.749568328437171, -1.343681728522001, 0.0 ], [ 29.749693327982147, -1.343811728428278, 0.0 ], [ 29.749849995534117, -1.343916728177605, 0.0 ], [ 29.749958328432321, -1.344060061512911, 0.0 ], [ 29.74996332853021, -1.344156728340399, 0.0 ], [ 29.750058328443242, -1.344325061908541, 0.0 ], [ 29.750034995421718, -1.344420061636562, 0.0 ], [ 29.749933327986128, -1.344583394155053, 0.0 ], [ 29.749921662537922, -1.344673394399766, 0.0 ], [ 29.750109995592929, -1.344716728643598, 0.0 ], [ 29.750269995429306, -1.344945061730697, 0.0 ], [ 29.750384995249142, -1.345090061735449, 0.0 ], [ 29.75057666255859, -1.345086728673476, 0.0 ], [ 29.750646662180451, -1.34515006158433, 0.0 ], [ 29.750738328384159, -1.34514839416473, 0.0 ], [ 29.750896662213183, -1.34523506181852, 0.0 ], [ 29.75098499507957, -1.345218394709848, 0.0 ], [ 29.750989995073891, -1.345405061187381, 0.0 ], [ 29.750946662330069, -1.345486728239575, 0.0 ], [ 29.750988328180053, -1.345670061076158, 0.0 ], [ 29.751073327981558, -1.345706728824817, 0.0 ], [ 29.751342172101133, -1.345894560179839, 0.0 ], [ 29.751521969001899, -1.34609849690434, 0.0 ], [ 29.751548328565907, -1.346128394272523, 0.0 ], [ 29.751506662635613, -1.346211728400868, 0.0 ], [ 29.75147999544685, -1.346300061132448, 0.0 ], [ 29.751628328195547, -1.346521728107943, 0.0 ], [ 29.751593328535581, -1.346790061091719, 0.0 ], [ 29.751751662273769, -1.346896728736469, 0.0 ], [ 29.751868327956174, -1.347036728188781, 0.0 ], [ 29.751833328351875, -1.347393394837593, 0.0 ], [ 29.751271661878938, -1.347880061372325, 0.0 ], [ 29.751181662210001, -1.347460061617587, 0.0 ], [ 29.751084995632763, -1.347198394455792, 0.0 ], [ 29.750966661981394, -1.346838394566718, 0.0 ], [ 29.750968328722205, -1.346743394410568, 0.0 ], [ 29.750850568726449, -1.346557529437487, 0.0 ], [ 29.750596662591374, -1.346671728545644, 0.0 ], [ 29.750123831274461, -1.347125292172962, 0.0 ], [ 29.750063456868144, -1.347415887235029, 0.0 ], [ 29.749904173188945, -1.347469200553352, 0.0 ], [ 29.749821883210867, -1.347481023111798, 0.0 ], [ 29.749821857149659, -1.347481028535775, 0.0 ], [ 29.749654783420699, -1.347505032451067, 0.0 ], [ 29.749385255749552, -1.347525250591105, 0.0 ], [ 29.749169786325069, -1.347568344128517, 0.0 ], [ 29.748835809204685, -1.34761143801395, 0.0 ], [ 29.748577246229324, -1.347654531545615, 0.0 ], [ 29.748264815250181, -1.347729946159271, 0.0 ], [ 29.747672275239147, -1.347902321625846, 0.0 ], [ 29.747090508059745, -1.348031603012583, 0.0 ], [ 29.746702663123369, -1.348139337136726, 0.0 ], [ 29.746304045226545, -1.348247072775842, 0.0 ], [ 29.745948521314375, -1.348376353153103, 0.0 ], [ 29.745420622065371, -1.348516408088963, 0.0 ], [ 29.744784987337869, -1.348688784567799, 0.0 ], [ 29.744465382674178, -1.34879531805851, 0.0 ], [ 29.744472901932415, -1.34893020338409, 0.0 ], [ 29.744515651310785, -1.348990441281016, 0.0 ], [ 29.744774214445428, -1.349378285023017, 0.0 ], [ 29.745118965267991, -1.349960052849407, 0.0 ], [ 29.745355981126718, -1.350380217377807, 0.0 ], [ 29.745646396755358, -1.350942898351276, 0.0 ], [ 29.745700731325982, -1.351048172534352, 0.0 ], [ 29.745702339565085, -1.351051388008959, 0.0 ], [ 29.74595929487467, -1.351565298626104, 0.0 ], [ 29.746228630864888, -1.352244026816571, 0.0 ], [ 29.746350797219982, -1.352563537006333, 0.0 ], [ 29.7463790573231, -1.352637448588205, 0.0 ], [ 29.746508741530963, -1.352976621317883, 0.0 ], [ 29.746698760158857, -1.35377244249413, 0.0 ], [ 29.746842718354923, -1.354312530351618, 0.0 ], [ 29.746896586353714, -1.354818883759829, 0.0 ], [ 29.746961225924526, -1.355217501601621, 0.0 ], [ 29.747015094331896, -1.355616119216404, 0.0 ], [ 29.747079734618843, -1.356068604053497, 0.0 ], [ 29.747155149286169, -1.356628824011528, 0.0 ], [ 29.747156634448292, -1.356770219824853, 0.0 ], [ 29.747156806182975, -1.356786633728462, 0.0 ], [ 29.747195842967251, -1.357162917206323, 0.0 ], [ 29.747199897198293, -1.357201995125523, 0.0 ], [ 29.74721978950318, -1.35739374066898, 0.0 ], [ 29.747219789441708, -1.357792358047236, 0.0 ], [ 29.747305976883357, -1.358363352903049, 0.0 ], [ 29.747316750905924, -1.359408377139888, 0.0 ], [ 29.747359844404333, -1.360076332208447, 0.0 ], [ 29.747370618691079, -1.360755060344936, 0.0 ], [ 29.747392165260596, -1.361379921717629, 0.0 ], [ 29.747435259139124, -1.361897047759081, 0.0 ], [ 29.747434271983092, -1.3619444370053, 0.0 ], [ 29.747430239367379, -1.362137981683238, 0.0 ], [ 29.747424485317051, -1.362414173545786, 0.0 ], [ 29.747446032685481, -1.362565001225728, 0.0 ], [ 29.747445948682, -1.362569121872635, 0.0 ], [ 29.747442248035359, -1.362750419481973, 0.0 ], [ 29.747435259511033, -1.363092901674127, 0.0 ], [ 29.747424485186301, -1.36358848083894, 0.0 ], [ 29.747392165045781, -1.364159474044949, 0.0 ], [ 29.747381391122943, -1.364547318316595, 0.0 ], [ 29.747381390877017, -1.364859749214608, 0.0 ], [ 29.74737450291104, -1.365073275508094, 0.0 ], [ 29.7473706180579, -1.365193726492631, 0.0 ], [ 29.747370618443384, -1.365689305879438, 0.0 ], [ 29.747316751717481, -1.366109470481549, 0.0 ], [ 29.747316751623273, -1.366540409113069, 0.0 ], [ 29.747349071442251, -1.36710062814143, 0.0 ], [ 29.747277661738824, -1.367558402255842, 0.0 ], [ 29.747267434982692, -1.367679749774422, 0.0 ], [ 29.747267459181643, -1.367680367513533, 0.0 ], [ 29.747273990682491, -1.36785113934946, 0.0 ], [ 29.747284430504983, -1.368124107654975, 0.0 ], [ 29.747263705443764, -1.368617110775753, 0.0 ], [ 29.747257677558888, -1.368760496466143, 0.0 ], [ 29.747230563029259, -1.369373829098097, 0.0 ], [ 29.747232898966736, -1.369790851254164, 0.0 ], [ 29.747187469565876, -1.370192612144053, 0.0 ], [ 29.747187468889688, -1.370319065435209, 0.0 ], [ 29.747187469570907, -1.370569683769254, 0.0 ], [ 29.747165922507111, -1.371076036405158, 0.0 ], [ 29.74713360190923, -1.371603935409802, 0.0 ], [ 29.747133159577391, -1.371614354579088, 0.0 ], [ 29.747126058886497, -1.371781204187569, 0.0 ], [ 29.747123476979692, -1.371841876854607, 0.0 ], [ 29.747112055683527, -1.372110288037077, 0.0 ], [ 29.747122828133801, -1.372595094772538, 0.0 ], [ 29.747090508271501, -1.373209181122466, 0.0 ], [ 29.747068961333877, -1.373661666752677, 0.0 ], [ 29.747068961298591, -1.373952550101693, 0.0 ], [ 29.747025866889793, -1.374383488626138, 0.0 ], [ 29.746961226680003, -1.37492216152996, 0.0 ], [ 29.746928906066859, -1.375439287642651, 0.0 ], [ 29.746831945396153, -1.376031828584091, 0.0 ], [ 29.746756530884895, -1.376538180841286, 0.0 ], [ 29.746605702247152, -1.377486245488821, 0.0 ], [ 29.746539812926894, -1.378013361192224, 0.0 ], [ 29.746519515685634, -1.378355552457723, 0.0 ], [ 29.746519515445637, -1.378434309786211, 0.0 ], [ 29.746368686037066, -1.378800607723236, 0.0 ], [ 29.746196311566457, -1.379156131380387, 0.0 ], [ 29.745970068307699, -1.379500882706181, 0.0 ], [ 29.745875056205065, -1.379560265638537, 0.0 ], [ 29.745837601376241, -1.379583674094545, 0.0 ], [ 29.745839502699628, -1.379585846777534, 0.0 ], [ 29.746059113671219, -1.379836701210271, 0.0 ], [ 29.746071488450305, -1.379850836312813, 0.0 ], [ 29.74635232642575, -1.380171630857346, 0.0 ], [ 29.746600116064016, -1.380419419498573, 0.0 ], [ 29.746869452685694, -1.38075339778254, 0.0 ], [ 29.747095695549483, -1.381033507166148, 0.0 ], [ 29.74729824735152, -1.381346237362277, 0.0 ], [ 29.747383165030421, -1.381430359907465, 0.0 ], [ 29.747558954277597, -1.381604500806208, 0.0 ], [ 29.747774422966888, -1.381981571019878, 0.0 ], [ 29.748032986299688, -1.382380189727023, 0.0 ], [ 29.748173040873546, -1.382671073558774, 0.0 ], [ 29.748394202068209, -1.382892233264557, 0.0 ], [ 29.74844237845932, -1.382940409189602, 0.0 ], [ 29.748722488496647, -1.383242066321712, 0.0 ], [ 29.748937957403008, -1.383457535518792, 0.0 ], [ 29.749304255504111, -1.383737645216424, 0.0 ], [ 29.749616685735155, -1.384006982625948, 0.0 ], [ 29.749832154586063, -1.384190131391184, 0.0 ], [ 29.750011016719181, -1.384338538298482, 0.0 ], [ 29.750198452650412, -1.384567202118867, 0.0 ], [ 29.750424695115349, -1.384858085073011, 0.0 ], [ 29.75068325831171, -1.385084328871668, 0.0 ], [ 29.750931047114356, -1.385245930753682, 0.0 ], [ 29.751060329315305, -1.385353664850603, 0.0 ], [ 29.751126377744153, -1.385441729602682, 0.0 ], [ 29.751189610176368, -1.385526040605086, 0.0 ], [ 29.751135372733511, -1.38556778410165, 0.0 ], [ 29.751048104271828, -1.385634948081782, 0.0 ], [ 29.750691901493656, -1.385764496697308, 0.0 ], [ 29.750758999204429, -1.385916022024072, 0.0 ], [ 29.750606416970978, -1.386156942134663, 0.0 ], [ 29.750785161176506, -1.386257486625825, 0.0 ], [ 29.750863398221458, -1.386301494399769, 0.0 ], [ 29.750854010182003, -1.386359385185888, 0.0 ], [ 29.750815214369872, -1.38659863056149, 0.0 ], [ 29.750791122624275, -1.386895765654238, 0.0 ], [ 29.750510048177343, -1.386984102038069, 0.0 ], [ 29.750526110643055, -1.387088501228071, 0.0 ], [ 29.75048595586507, -1.387208961032205, 0.0 ], [ 29.750453834245057, -1.38733745226314, 0.0 ], [ 29.750381557189744, -1.38736957503431, 0.0 ], [ 29.750437772157444, -1.387538219475093, 0.0 ], [ 29.750317312701018, -1.387835354265464, 0.0 ], [ 29.750092453490989, -1.387763078704638, 0.0 ], [ 29.749803348755197, -1.387755048126247, 0.0 ], [ 29.749554397229325, -1.388052183648775, 0.0 ], [ 29.749385753498014, -1.387827324039338, 0.0 ], [ 29.749297416335938, -1.387835354238548, 0.0 ], [ 29.749249231332882, -1.38772292557057, 0.0 ], [ 29.749201046914763, -1.387698833227403, 0.0 ], [ 29.749056494869809, -1.3878112621294, 0.0 ], [ 29.748966297061429, -1.38783184944384, 0.0 ], [ 29.748912705182118, -1.387844081776573, 0.0 ], [ 29.748919974638078, -1.388003999434905, 0.0 ], [ 29.749072556658188, -1.388236889740355, 0.0 ], [ 29.74908058769465, -1.388333257496569, 0.0 ], [ 29.749522275012449, -1.389184509408251, 0.0 ], [ 29.749538336744298, -1.389321030898189, 0.0 ], [ 29.749731072496697, -1.389377245578279, 0.0 ], [ 29.749859563454443, -1.389481644087524, 0.0 ], [ 29.749867594658255, -1.38986711707863, 0.0 ], [ 29.7495945508768, -1.390051822846374, 0.0 ], [ 29.749482121297742, -1.39030880462277, 0.0 ], [ 29.749193016883467, -1.390397142620056, 0.0 ], [ 29.748952096215199, -1.390397142177553, 0.0 ], [ 29.74884769742015, -1.390437295634963, 0.0 ], [ 29.748831636168894, -1.390951259732274, 0.0 ], [ 29.749032402892428, -1.391079750522179, 0.0 ], [ 29.74920525001912, -1.391583260455471, 0.0 ], [ 29.749217109577788, -1.391617805224779, 0.0 ], [ 29.749168925088195, -1.391593713771849, 0.0 ], [ 29.749166939166912, -1.391601115544188, 0.0 ], [ 29.749996085060435, -1.392179953628649, 0.0 ], [ 29.75075096929972, -1.392428904111878, 0.0 ], [ 29.751473730320622, -1.392942868121446, 0.0 ], [ 29.75185117271787, -1.393633506047546, 0.0 ], [ 29.751864054865692, -1.39363497080685, 0.0 ], [ 29.752204521912642, -1.393673659280651, 0.0 ], [ 29.752516559116653, -1.394055038410531, 0.0 ], [ 29.75251780090764, -1.394056555297913, 0.0 ], [ 29.752565903683003, -1.394115347570258, 0.0 ], [ 29.752686363110083, -1.394621280304802, 0.0 ], [ 29.752689935511011, -1.394627753803049, 0.0 ], [ 29.752690679461661, -1.394629102410802, 0.0 ], [ 29.752803807591771, -1.394834148677253, 0.0 ], [ 29.752804485054245, -1.394835376082176, 0.0 ], [ 29.752814854542233, -1.394854170663232, 0.0 ], [ 29.752798623555005, -1.394856727625598, 0.0 ], [ 29.753154990866076, -1.394972654659266, 0.0 ], [ 29.753155317069091, -1.394972760513897, 0.0 ], [ 29.753457308266039, -1.395070998036141, 0.0 ], [ 29.753566430185082, -1.395147130438395, 0.0 ], [ 29.753567040331934, -1.395147555592388, 0.0 ], [ 29.75380262799969, -1.395311918274345, 0.0 ], [ 29.754024850196998, -1.395369696883498, 0.0 ], [ 29.75420416247832, -1.395416317331964, 0.0 ], [ 29.75449811334105, -1.39544646627835, 0.0 ], [ 29.754498953580693, -1.395446552288965, 0.0 ], [ 29.754830555282453, -1.39548056351625, 0.0 ], [ 29.755013138407659, -1.395599749779307, 0.0 ], [ 29.755013642522865, -1.395600078146118, 0.0 ], [ 29.755408764601356, -1.39585800518863, 0.0 ], [ 29.755413332455745, -1.395875820544429, 0.0 ], [ 29.755413527386949, -1.395876579395243, 0.0 ], [ 29.755430142341471, -1.395941367523255, 0.0 ], [ 29.755427815507474, -1.395943289228014, 0.0 ], [ 29.755307578667225, -1.39604261558927, 0.0 ], [ 29.755307376451011, -1.396042782890654, 0.0 ], [ 29.755283526624474, -1.396062485563185, 0.0 ], [ 29.755057283528274, -1.396310274695606, 0.0 ], [ 29.754777173057303, -1.396633478102199, 0.0 ], [ 29.754626343974728, -1.396827400848885, 0.0 ], [ 29.754421649238274, -1.396924362191557, 0.0 ], [ 29.754345821256258, -1.396974075239556, 0.0 ], [ 29.754242374603503, -1.397041894198863, 0.0 ], [ 29.754164102678587, -1.397078871476041, 0.0 ], [ 29.754012257259443, -1.397150604292061, 0.0 ], [ 29.753786014124998, -1.397215245629812, 0.0 ], [ 29.753624413330883, -1.397333753532206, 0.0 ], [ 29.753419717621984, -1.397473808010229, 0.0 ], [ 29.753344303224583, -1.397624636326545, 0.0 ], [ 29.753311982368931, -1.39781855971906, 0.0 ], [ 29.753258114953702, -1.397980161355178, 0.0 ], [ 29.753064193221068, -1.398163310164132, 0.0 ], [ 29.753008167070949, -1.398300261788044, 0.0 ], [ 29.753007055141303, -1.398302979530737, 0.0 ], [ 29.752967231517381, -1.398400326270378, 0.0 ], [ 29.752897688237688, -1.398480300878479, 0.0 ], [ 29.752751762017823, -1.398648115327948, 0.0 ], [ 29.752644028655279, -1.398895905838563, 0.0 ], [ 29.752632871504922, -1.398958381073741, 0.0 ], [ 29.752616525126633, -1.399049918322532, 0.0 ], [ 29.75260757188909, -1.399100056242759, 0.0 ], [ 29.752607113301615, -1.399102628438625, 0.0 ], [ 29.752590159967035, -1.399197562721626, 0.0 ], [ 29.752493199335543, -1.399337617654421, 0.0 ], [ 29.752396238024311, -1.399466898819976, 0.0 ], [ 29.752378622262693, -1.399631320711395, 0.0 ], [ 29.752363918321134, -1.399768555264386, 0.0 ], [ 29.752256182879886, -1.399940931221693, 0.0 ], [ 29.752153031349064, -1.400063424748771, 0.0 ], [ 29.752124046745809, -1.400097843070905, 0.0 ], [ 29.752083808575978, -1.400145626097859, 0.0 ], [ 29.75195452631343, -1.400296455837569, 0.0 ], [ 29.751825244932764, -1.400447283758173, 0.0 ], [ 29.751631322254021, -1.400576565395786, 0.0 ], [ 29.751534361737662, -1.4007058465066, 0.0 ], [ 29.751383533528255, -1.400835128192058, 0.0 ], [ 29.751232704166423, -1.400975183624322, 0.0 ], [ 29.751135742970867, -1.401255293729483, 0.0 ], [ 29.751006462495972, -1.40131993422118, 0.0 ], [ 29.750877180157662, -1.401427668837708, 0.0 ], [ 29.75072635234746, -1.401535403850796, 0.0 ], [ 29.7505970700288, -1.401761645276458, 0.0 ], [ 29.750575523091602, -1.401987888292524, 0.0 ], [ 29.750575523719672, -1.402160264821664, 0.0 ], [ 29.750467788436346, -1.402354186358845, 0.0 ], [ 29.750446242127552, -1.402591202224017, 0.0 ], [ 29.75040314844432, -1.402752804888902, 0.0 ], [ 29.750360054510271, -1.402925179501701, 0.0 ], [ 29.750288508541058, -1.403015804528183, 0.0 ], [ 29.750286931022544, -1.403036177905751, 0.0 ], [ 29.750274309537563, -1.403033789717583, 0.0 ], [ 29.750234429552645, -1.403084303256083, 0.0 ], [ 29.750222721980201, -1.403099132196718, 0.0 ], [ 29.750198452090078, -1.403129875320857, 0.0 ], [ 29.750036850212158, -1.40326993038058, 0.0 ], [ 29.749821381726004, -1.403399212201078, 0.0 ], [ 29.749638232130138, -1.403517720102673, 0.0 ], [ 29.74955528461382, -1.403567488244605, 0.0 ], [ 29.749513237020654, -1.403592716846209, 0.0 ], [ 29.749511662460197, -1.40359366182234, 0.0 ], [ 29.749505367454578, -1.403592365073076, 0.0 ], [ 29.749420352077355, -1.403574868449467, 0.0 ], [ 29.748612972299739, -1.403558159357863, 0.0 ], [ 29.748355990042821, -1.403333300817374, 0.0 ], [ 29.748034762927162, -1.403044195231709, 0.0 ], [ 29.74790627199819, -1.402808629280572, 0.0 ], [ 29.747938395503528, -1.402658723604714, 0.0 ], [ 29.747880573377977, -1.402518733566385, 0.0 ], [ 29.747188864371211, -1.402797921448005, 0.0 ], [ 29.746918133507545, -1.402976253195596, 0.0 ], [ 29.746840380752634, -1.40294610046383, 0.0 ], [ 29.746176613119697, -1.40268868349301, 0.0 ], [ 29.745668852524759, -1.402491767311744, 0.0 ], [ 29.745175839944153, -1.402594477351671, 0.0 ], [ 29.744772999465788, -1.402454636662726, 0.0 ], [ 29.744394187657367, -1.402487401110582, 0.0 ], [ 29.743944469716894, -1.402658723247375, 0.0 ], [ 29.743694344418223, -1.402743765114439, 0.0 ], [ 29.743627158740338, -1.402766608521098, 0.0 ], [ 29.742359748726958, -1.402401741844329, 0.0 ], [ 29.742338310408641, -1.402457480432711, 0.0 ], [ 29.742252673083172, -1.402680138136961, 0.0 ], [ 29.741770831931042, -1.40269084577472, 0.0 ], [ 29.741471020044933, -1.402648015021758, 0.0 ], [ 29.740957056668815, -1.402744383446206, 0.0 ], [ 29.740678659365191, -1.403204809069148, 0.0 ], [ 29.74037884705632, -1.403279762248686, 0.0 ], [ 29.739993373885657, -1.403194101678601, 0.0 ], [ 29.739629317330152, -1.403054903012531, 0.0 ], [ 29.739201014160763, -1.402894289782289, 0.0 ], [ 29.739008277478852, -1.402840751239645, 0.0 ], [ 29.738729881222515, -1.402583770762875, 0.0 ], [ 29.738954740272067, -1.402348203453538, 0.0 ], [ 29.738740588709494, -1.401919900269675, 0.0 ], [ 29.73867634299587, -1.401630796246519, 0.0 ], [ 29.738605297159605, -1.401608739707409, 0.0 ], [ 29.738489107656036, -1.401572667336751, 0.0 ], [ 29.738056761534931, -1.401438442496398, 0.0 ], [ 29.737851563884576, -1.401468144884213, 0.0 ], [ 29.737768479384059, -1.401480170070124, 0.0 ], [ 29.737744524988919, -1.40141232224125, 0.0 ], [ 29.737723369047437, -1.401352399474416, 0.0 ], [ 29.737714982567976, -1.400949837311793, 0.0 ], [ 29.737714808256538, -1.400941494691789, 0.0 ], [ 29.737712661129574, -1.400838435659475, 0.0 ], [ 29.737402141438302, -1.400720652785683, 0.0 ], [ 29.736984546157771, -1.400570746374794, 0.0 ], [ 29.736577658550999, -1.400613576506079, 0.0 ], [ 29.73648129016458, -1.400431547881685, 0.0 ], [ 29.736299261056779, -1.400517208057285, 0.0 ], [ 29.736106524960981, -1.400324471642046, 0.0 ], [ 29.735999449359095, -1.400035367281596, 0.0 ], [ 29.735721051963168, -1.399971121043236, 0.0 ], [ 29.73556043863994, -1.399682017837864, 0.0 ], [ 29.735399825040091, -1.399467865065001, 0.0 ], [ 29.73524534947574, -1.399404670246639, 0.0 ], [ 29.735164257963227, -1.399371497758022, 0.0 ], [ 29.735101474663882, -1.399292257643372, 0.0 ], [ 29.735024232153151, -1.399194769615433, 0.0 ], [ 29.735228927731683, -1.398936206676461, 0.0 ], [ 29.735269136470052, -1.398824619033014, 0.0 ], [ 29.735267150469124, -1.398671892449162, 0.0 ], [ 29.735384943252647, -1.398432646698912, 0.0 ], [ 29.735481904674781, -1.398357232424481, 0.0 ], [ 29.735492677942354, -1.398195630158294, 0.0 ], [ 29.735454174583136, -1.398069116573309, 0.0 ], [ 29.735417263966838, -1.397947840808889, 0.0 ], [ 29.735244888506855, -1.397904746169399, 0.0 ], [ 29.734910911719638, -1.397753918315344, 0.0 ], [ 29.734706214865071, -1.397592316901926, 0.0 ], [ 29.734446851240811, -1.397561917057857, 0.0 ], [ 29.733890057222901, -1.397369181597498, 0.0 ], [ 29.733547413889042, -1.397155029705004, 0.0 ], [ 29.73311911116798, -1.397283520462027, 0.0 ], [ 29.732954831721901, -1.397345125108039, 0.0 ], [ 29.732862130038125, -1.397379888589407, 0.0 ], [ 29.732669392952722, -1.39773323846613, 0.0 ], [ 29.732583011477718, -1.397736711586222, 0.0 ], [ 29.732492468285624, -1.397740351548299, 0.0 ], [ 29.732363186932051, -1.397589523303074, 0.0 ], [ 29.732258549081163, -1.397442996705468, 0.0 ], [ 29.732048354183028, -1.397315643070977, 0.0 ], [ 29.732032031642934, -1.397332968546674, 0.0 ], [ 29.732021644571983, -1.397343992533734, 0.0 ], [ 29.731222714312892, -1.398191953084557, 0.0 ], [ 29.731215522359655, -1.398199586672113, 0.0 ], [ 29.731214751215465, -1.398200405105548, 0.0 ], [ 29.731253520720426, -1.398268251050019, 0.0 ], [ 29.731393575089413, -1.398451400010311, 0.0 ], [ 29.731231973115211, -1.398666869822144, 0.0 ], [ 29.73113501239121, -1.398774604215275, 0.0 ], [ 29.730984183866102, -1.398860791234599, 0.0 ], [ 29.730801035131435, -1.399000846841478, 0.0 ], [ 29.730790262071956, -1.39929173031457, 0.0 ], [ 29.73079026224725, -1.399550293803278, 0.0 ], [ 29.730790262757544, -1.399703432531347, 0.0 ], [ 29.730790261906293, -1.399821215620515, 0.0 ], [ 29.73079026214252, -1.399905817355674, 0.0 ], [ 29.730757941328189, -1.400272115436463, 0.0 ], [ 29.730736394123667, -1.400886202692668, 0.0 ], [ 29.730714846932539, -1.401381781491979, 0.0 ], [ 29.730683569459199, -1.40177893028152, 0.0 ], [ 29.730584114730547, -1.401949916651828, 0.0 ], [ 29.730283909729838, -1.401931228611437, 0.0 ], [ 29.730036119654144, -1.401877360110322, 0.0 ], [ 29.729890310756851, -1.401830701897387, 0.0 ], [ 29.729766783379304, -1.401791173285601, 0.0 ], [ 29.729497446340226, -1.401758852425684, 0.0 ], [ 29.729185016343692, -1.401651118475793, 0.0 ], [ 29.728861812200979, -1.401575704456098, 0.0 ], [ 29.728635569260966, -1.40141410273434, 0.0 ], [ 29.728366233033221, -1.401274047066779, 0.0 ], [ 29.728053801935406, -1.401177085822616, 0.0 ], [ 29.727709051879867, -1.401037030325928, 0.0 ], [ 29.727310434151715, -1.400929296027356, 0.0 ], [ 29.72708419166182, -1.400843108551538, 0.0 ], [ 29.72689081293224, -1.400899349542468, 0.0 ], [ 29.7268617711103, -1.400936188668985, 0.0 ], [ 29.72681336567474, -1.400997591130918, 0.0 ], [ 29.726835993734628, -1.401038472852721, 0.0 ], [ 29.727031382269828, -1.40130497848489, 0.0 ], [ 29.727183500170678, -1.401688855089412, 0.0 ], [ 29.727202698970505, -1.40173730570132, 0.0 ], [ 29.72726041557539, -1.401876784090453, 0.0 ], [ 29.727331981189639, -1.402049736677254, 0.0 ], [ 29.727439715253201, -1.402308299144382, 0.0 ], [ 29.727504356043408, -1.402642276354757, 0.0 ], [ 29.727644411069228, -1.403051668627394, 0.0 ], [ 29.727699323481723, -1.403295721239431, 0.0 ], [ 29.727741371864372, -1.403482606044494, 0.0 ], [ 29.7278275607555, -1.403902771175068, 0.0 ], [ 29.727935294291825, -1.404236748010042, 0.0 ], [ 29.72796761528604, -1.40458149970168, 0.0 ], [ 29.727978388705406, -1.404796968517876, 0.0 ], [ 29.727881426972456, -1.405033985755104, 0.0 ], [ 29.727784466665149, -1.405281774010071, 0.0 ], [ 29.727746725593171, -1.405389605560667, 0.0 ], [ 29.727709051939076, -1.405497243566741, 0.0 ], [ 29.727655184451987, -1.405712713837831, 0.0 ], [ 29.727578668561822, -1.405984769805027, 0.0 ], [ 29.72755822362419, -1.406057463009296, 0.0 ], [ 29.727525903362327, -1.406272933088328, 0.0 ], [ 29.72750435631551, -1.406542269507836, 0.0 ], [ 29.727450489121928, -1.406994754782346, 0.0 ], [ 29.727401056315848, -1.407250159477426, 0.0 ], [ 29.727398621004713, -1.407272789288162, 0.0 ], [ 29.727398612008411, -1.407272872495957, 0.0 ], [ 29.727392376023165, -1.407328385640157, 0.0 ], [ 29.72738584808647, -1.407328732178973, 0.0 ], [ 29.727385847990863, -1.407391471660759, 0.0 ], [ 29.727385848104817, -1.407630389627161, 0.0 ], [ 29.727406384879092, -1.407819552014416, 0.0 ], [ 29.727310434060406, -1.408039780108248, 0.0 ], [ 29.727191926205279, -1.408233702493549, 0.0 ], [ 29.727008776986654, -1.40833066445944, 0.0 ], [ 29.726868722482596, -1.40839530484897, 0.0 ], [ 29.726728666934356, -1.408600000204806, 0.0 ], [ 29.726513197943014, -1.408837016899019, 0.0 ], [ 29.726297728182889, -1.408987845472267, 0.0 ], [ 29.726211541387404, -1.409106353629898, 0.0 ], [ 29.726082259112644, -1.409224861205552, 0.0 ], [ 29.725931431506528, -1.409418783285265, 0.0 ], [ 29.725866789980831, -1.4095696124723, 0.0 ], [ 29.725773715647847, -1.409650769868777, 0.0 ], [ 29.725634517461973, -1.410014826447719, 0.0 ], [ 29.725570271100217, -1.410282516160197, 0.0 ], [ 29.725401894526897, -1.41054297785166, 0.0 ], [ 29.725374825118628, -1.410572051606675, 0.0 ], [ 29.725285023668157, -1.410668505316591, 0.0 ], [ 29.725181453240598, -1.410761717666832, 0.0 ], [ 29.725177288385709, -1.410765466092043, 0.0 ], [ 29.72452552722871, -1.410632711138331, 0.0 ], [ 29.72409722439744, -1.410257946266975, 0.0 ], [ 29.723658214365614, -1.410140163311181, 0.0 ], [ 29.723497600160886, -1.410043795526675, 0.0 ], [ 29.723315570893739, -1.410075917697255, 0.0 ], [ 29.723133078437215, -1.410400200470189, 0.0 ], [ 29.723096822189415, -1.410336054784435, 0.0 ], [ 29.723086114743239, -1.41012190201282, 0.0 ], [ 29.723032513725215, -1.410047137889547, 0.0 ], [ 29.722970708354676, -1.40996092885597, 0.0 ], [ 29.722897976351835, -1.410161578235855, 0.0 ], [ 29.722341181922438, -1.410514928291585, 0.0 ], [ 29.722098619720143, -1.410590172390804, 0.0 ], [ 29.722066715377689, -1.409824461074704, 0.0 ], [ 29.721827219756737, -1.409337095413502, 0.0 ], [ 29.721398915865837, -1.409090820867102, 0.0 ], [ 29.721002735204248, -1.408833839708071, 0.0 ], [ 29.720403110939007, -1.40856614975315, 0.0 ], [ 29.720267310068792, -1.408537208343556, 0.0 ], [ 29.720258746916421, -1.408535383046514, 0.0 ], [ 29.719749949757819, -1.408426951107204, 0.0 ], [ 29.719332354177958, -1.408298460516285, 0.0 ], [ 29.71892546663674, -1.408309168629952, 0.0 ], [ 29.718433867642108, -1.40823595030297, 0.0 ], [ 29.718271500423935, -1.408222929187066, 0.0 ], [ 29.716923149407961, -1.407987940567859, 0.0 ], [ 29.716764332324701, -1.407733583554127, 0.0 ], [ 29.716590840106395, -1.407695029439151, 0.0 ], [ 29.71622454191019, -1.407630389272871, 0.0 ], [ 29.715847471731028, -1.40763038919616, 0.0 ], [ 29.715556588196197, -1.407598068505869, 0.0 ], [ 29.715276478095223, -1.407511881370907, 0.0 ], [ 29.714899407581623, -1.407285638298803, 0.0 ], [ 29.7147054846839, -1.407059395113501, 0.0 ], [ 29.714568965113543, -1.406934253120568, 0.0 ], [ 29.714547342994162, -1.406914433204587, 0.0 ], [ 29.714446921405305, -1.406822379277334, 0.0 ], [ 29.714199132248904, -1.406585363845882, 0.0 ], [ 29.713908248222111, -1.406617683528904, 0.0 ], [ 29.713423442572765, -1.406628457090871, 0.0 ], [ 29.713269644303367, -1.406394621460007, 0.0 ], [ 29.713089465086547, -1.406100557508366, 0.0 ], [ 29.713009694352483, -1.406034746696883, 0.0 ], [ 29.712915726185983, -1.405957222493984, 0.0 ], [ 29.712900587944095, -1.405944733880278, 0.0 ], [ 29.712658527057755, -1.405745033648082, 0.0 ], [ 29.712572338918879, -1.405701939831384, 0.0 ], [ 29.712404274170527, -1.405617906203351, 0.0 ], [ 29.712399964449528, -1.405615751286058, 0.0 ], [ 29.712001346482371, -1.405572658508196, 0.0 ], [ 29.711613501654124, -1.405508017746058, 0.0 ], [ 29.711214883648591, -1.40542182903974, 0.0 ], [ 29.710816265213246, -1.40532486835627, 0.0 ], [ 29.710493061471897, -1.405141719091414, 0.0 ], [ 29.710105217464559, -1.404947797043576, 0.0 ], [ 29.709792786459179, -1.404710781339176, 0.0 ], [ 29.709340301098646, -1.404603046316247, 0.0 ], [ 29.708833948191305, -1.404473765158023, 0.0 ], [ 29.708228370993108, -1.404485809601026, 0.0 ], [ 29.707782089457947, -1.404456142044073, 0.0 ], [ 29.707703222157342, -1.404447826623752, 0.0 ], [ 29.707358433983018, -1.404379660591942, 0.0 ], [ 29.70713408531374, -1.404282841584061, 0.0 ], [ 29.706819311359137, -1.403913545112709, 0.0 ], [ 29.70653920119058, -1.403568794139427, 0.0 ], [ 29.706162130134803, -1.40339641854328, 0.0 ], [ 29.705838926659162, -1.403137855440372, 0.0 ], [ 29.705558816302464, -1.403019347062773, 0.0 ], [ 29.705397214616866, -1.402846972419964, 0.0 ], [ 29.70530025316144, -1.402491448226244, 0.0 ], [ 29.705149424669493, -1.402060509318782, 0.0 ], [ 29.704933955121842, -1.401920454417662, 0.0 ], [ 29.704578431183716, -1.401845040313662, 0.0 ], [ 29.70405053169571, -1.401704985456453, 0.0 ], [ 29.703953570002582, -1.401381781503847, 0.0 ], [ 29.703856609680269, -1.401047804739386, 0.0 ], [ 29.703867382927189, -1.400789241418072, 0.0 ], [ 29.703695007053309, -1.400562998566207, 0.0 ], [ 29.703382577336935, -1.400369076214258, 0.0 ], [ 29.703144109627136, -1.400242829106495, 0.0 ], [ 29.703143388051533, -1.400242447339892, 0.0 ], [ 29.703016279329667, -1.400175154200523, 0.0 ], [ 29.702606888052273, -1.399895044148961, 0.0 ], [ 29.702262137525032, -1.399528746246711, 0.0 ], [ 29.701839566430344, -1.399250986873073, 0.0 ], [ 29.701793507568556, -1.399242987521942, 0.0 ], [ 29.701783892127459, -1.39924131759616, 0.0 ], [ 29.701724014888935, -1.399230919704317, 0.0 ], [ 29.70171714432027, -1.399247683565593, 0.0 ], [ 29.696630825931049, -1.400115293141155, 0.0 ], [ 29.696613118366333, -1.400118314384203, 0.0 ], [ 29.693343865248679, -1.400675974706891, 0.0 ], [ 29.693331368220775, -1.400678106638787, 0.0 ], [ 29.693289565276078, -1.400685237177103, 0.0 ], [ 29.694321485906972, -1.397515767330334, 0.0 ], [ 29.694330643271229, -1.397487642205312, 0.0 ], [ 29.694408495241412, -1.397248525278804, 0.0 ], [ 29.693551156975513, -1.394304998400244, 0.0 ], [ 29.692074342543236, -1.389234599895368, 0.0 ], [ 29.692064525512258, -1.389200895501784, 0.0 ], [ 29.690767902934731, -1.384749158815208, 0.0 ], [ 29.690523634650926, -1.383994599250802, 0.0 ], [ 29.690469652654649, -1.383827845736554, 0.0 ], [ 29.688480112408822, -1.37768204765262, 0.0 ], [ 29.688441132040058, -1.377561637881027, 0.0 ], [ 29.687460671648374, -1.374532940442253, 0.0 ], [ 29.687447019471119, -1.374490767266113, 0.0 ], [ 29.686392433326365, -1.371233094548025, 0.0 ], [ 29.68808043025173, -1.369347889298796, 0.0 ], [ 29.6880465458758, -1.369340977643935, 0.0 ], [ 29.68837052027073, -1.368995405898585, 0.0 ], [ 29.688586503419661, -1.368628235487423, 0.0 ], [ 29.689191252998505, -1.368153074807441, 0.0 ], [ 29.689774406628871, -1.367526725585657, 0.0 ], [ 29.689925593364656, -1.367181153649632, 0.0 ], [ 29.690573541325534, -1.366360420030687, 0.0 ], [ 29.690573541302193, -1.366079642499087, 0.0 ], [ 29.690854318309679, -1.36528050709913, 0.0 ], [ 29.691048702268439, -1.365042927308262, 0.0 ], [ 29.691178290918401, -1.36456776674325, 0.0 ], [ 29.691415872422912, -1.364416578408756, 0.0 ], [ 29.691891033227904, -1.363487853209441, 0.0 ], [ 29.692409391690759, -1.362883103481126, 0.0 ], [ 29.692776561586818, -1.36247273669638, 0.0 ], [ 29.693143731102349, -1.36221355721239, 0.0 ], [ 29.693597294131187, -1.362148762291639, 0.0 ], [ 29.694094054205721, -1.361997575087397, 0.0 ], [ 29.695411547289481, -1.361608806737807, 0.0 ], [ 29.696102690357716, -1.361284833843853, 0.0 ], [ 29.696923424073226, -1.360939261836696, 0.0 ], [ 29.697420182883992, -1.360572091251297, 0.0 ], [ 29.697657764521107, -1.360226519410107, 0.0 ], [ 29.698068129961108, -1.359535375595377, 0.0 ], [ 29.698392104152052, -1.358995419119643, 0.0 ], [ 29.698564890589431, -1.35867144610275, 0.0 ], [ 29.698975257526513, -1.358239481696981, 0.0 ], [ 29.69932082853796, -1.357807516313644, 0.0 ], [ 29.699601606039138, -1.357159569161189, 0.0 ], [ 29.699702886294265, -1.35720667522503, 0.0 ], [ 29.699674088633749, -1.356774710872127, 0.0 ], [ 29.699818077560689, -1.356371543830027, 0.0 ], [ 29.700048458242151, -1.355910781796874, 0.0 ], [ 29.700192446130888, -1.355507613799581, 0.0 ], [ 29.700509220141544, -1.354960458345143, 0.0 ], [ 29.700768399302138, -1.354499695237559, 0.0 ], [ 29.701459542953756, -1.354010135739833, 0.0 ], [ 29.702121888872064, -1.353664563294566, 0.0 ], [ 29.702870628272581, -1.353318992231364, 0.0 ], [ 29.703936141470646, -1.352973420011644, 0.0 ], [ 29.705347226664678, -1.35271424117977, 0.0 ], [ 29.706499133509457, -1.352455062490744, 0.0 ], [ 29.707334265374143, -1.35202309707903, 0.0 ], [ 29.707564646431145, -1.350957584407387, 0.0 ], [ 29.708054206232312, -1.34992086879856, 0.0 ], [ 29.70819622890826, -1.349637468762563, 0.0 ], [ 29.708407318420196, -1.349293470309445, 0.0 ], [ 29.709028358639028, -1.348693846862324, 0.0 ], [ 29.709221094091546, -1.348683139727494, 0.0 ], [ 29.709520906259229, -1.348436865117701, 0.0 ], [ 29.710827230352542, -1.347997854703431, 0.0 ], [ 29.710977135896336, -1.3478479484688, 0.0 ], [ 29.711266240988927, -1.347109125114341, 0.0 ], [ 29.711576759925311, -1.346091906609327, 0.0 ], [ 29.711876572620142, -1.345813509370073, 0.0 ], [ 29.712283460410415, -1.345738556730566, 0.0 ], [ 29.712797424356552, -1.345974122103589, 0.0 ], [ 29.713504124725048, -1.345867047277731, 0.0 ], [ 29.713675445753573, -1.346038368227517, 0.0 ], [ 29.713872271465476, -1.346006233078704, 0.0 ], [ 29.714200116010709, -1.34595270790039, 0.0 ], [ 29.714756910137037, -1.345470866025928, 0.0 ], [ 29.715174505391637, -1.345417328642387, 0.0 ], [ 29.715763422641672, -1.345085394551981, 0.0 ], [ 29.716159602038939, -1.344871242442752, 0.0 ], [ 29.71670568808748, -1.344539307576476, 0.0 ], [ 29.717241067013095, -1.344111004624103, 0.0 ], [ 29.717403328669036, -1.344020061795737, 0.0 ], [ 29.717509995625068, -1.343861728702351, 0.0 ], [ 29.717699995754472, -1.34365172808262, 0.0 ], [ 29.71779666274599, -1.343500061366425, 0.0 ], [ 29.717968328555557, -1.343401728464177, 0.0 ], [ 29.718354655210334, -1.343168738801073, 0.0 ], [ 29.718626662583642, -1.343121728391182, 0.0 ], [ 29.718634317639669, -1.343125695264825, 0.0 ], [ 29.718761278892032, -1.343191479327203, 0.0 ], [ 29.718932864299301, -1.343222276516103, 0.0 ], [ 29.719050647090413, -1.343522088005511, 0.0 ], [ 29.719789712921308, -1.343543204451157, 0.0 ], [ 29.719796662108159, -1.343361728553725, 0.0 ], [ 29.720389995080748, -1.343758394780991, 0.0 ], [ 29.720573328505903, -1.343615061499125, 0.0 ], [ 29.72066499539579, -1.343605061660297, 0.0 ], [ 29.720904995128972, -1.343478394726978, 0.0 ], [ 29.721139995695101, -1.343613394643112, 0.0 ], [ 29.721523328349868, -1.343408394814735, 0.0 ], [ 29.721616662123253, -1.343415061321862, 0.0 ], [ 29.721776662046523, -1.343385061157086, 0.0 ], [ 29.721813328076482, -1.343300061168859, 0.0 ], [ 29.722193328372885, -1.343223394232779, 0.0 ], [ 29.722359995751813, -1.343245061166116, 0.0 ], [ 29.722433328664479, -1.343075061161473, 0.0 ], [ 29.722694995107794, -1.343190061295009, 0.0 ], [ 29.722931662280967, -1.343050061336615, 0.0 ], [ 29.723091662371822, -1.342826728869508, 0.0 ], [ 29.723348328664127, -1.342855061794542, 0.0 ], [ 29.72356832792013, -1.342690061019297, 0.0 ], [ 29.723941662065851, -1.342725061149458, 0.0 ], [ 29.724124995518263, -1.342771728694743, 0.0 ], [ 29.724293327867841, -1.342546728367763, 0.0 ], [ 29.724459995067726, -1.342481728573742, 0.0 ], [ 29.724673328528667, -1.342305061395315, 0.0 ], [ 29.724818327871819, -1.342198394073807, 0.0 ], [ 29.724994995555786, -1.342201728859937, 0.0 ], [ 29.725156662413884, -1.342115061571622, 0.0 ], [ 29.725333328207444, -1.342095061663976, 0.0 ], [ 29.725283185410365, -1.342027092420541, 0.0 ], [ 29.725796419230942, -1.341873121661194, 0.0 ], [ 29.726385336713953, -1.341894536527916, 0.0 ], [ 29.727027790643664, -1.341584017046253, 0.0 ], [ 29.72734819090698, -1.341574004615423, 0.0 ], [ 29.727385794237236, -1.341535604303048, 0.0 ], [ 29.727488216636477, -1.341284205493546, 0.0 ], [ 29.728087840541331, -1.340962977671762, 0.0 ], [ 29.728120795695386, -1.340919992193774, 0.0 ], [ 29.728496662591073, -1.341146728723389, 0.0 ], [ 29.728538328023507, -1.341065061109582, 0.0 ], [ 29.728611662000244, -1.341003394301086, 0.0 ], [ 29.728876662051366, -1.340968394706149, 0.0 ], [ 29.728961662101877, -1.340931728038401, 0.0 ], [ 29.729066981971904, -1.340929700247584, 0.0 ], [ 29.729372749607954, -1.340780949494826, 0.0 ], [ 29.729758222405042, -1.340341938641957, 0.0 ], [ 29.730154401929138, -1.340341938284063, 0.0 ], [ 29.730530265726905, -1.340195769177293, 0.0 ], [ 29.730871662754275, -1.340258394538489, 0.0 ], [ 29.731019995529216, -1.340581728292, 0.0 ] ] ] } },
{ "type": "Feature", "properties": { "sector": "Cyeru", "district": "Burera", "province": "North", "Area_m2_gis": 23160975.745979223, "Perimeter_m_gis": 27412.959782292051 }, "geometry": { "type": "Polygon", "coordinates": [ [ [ 29.815177784420275, -1.475189127055933, 0.0 ], [ 29.815541841915717, -1.475264080214516, 0.0 ], [ 29.815938022127682, -1.47515700473322, 0.0 ], [ 29.816216419757275, -1.475360448466514, 0.0 ], [ 29.816398448228774, -1.47546752414866, 0.0 ], [ 29.816634014261602, -1.475328325442895, 0.0 ], [ 29.816805335059364, -1.475563892597791, 0.0 ], [ 29.816890996439056, -1.475713798591615, 0.0 ], [ 29.817040902743919, -1.475767336310757, 0.0 ], [ 29.81698736432957, -1.476013610698899, 0.0 ], [ 29.81714797789791, -1.476142101010691, 0.0 ], [ 29.817169393639663, -1.476452621017527, 0.0 ], [ 29.81723363844182, -1.476698895205449, 0.0 ], [ 29.817276469293326, -1.477030830724604, 0.0 ], [ 29.817469204980732, -1.477116490771851, 0.0 ], [ 29.817351422021087, -1.477244981568315, 0.0 ], [ 29.817447789917832, -1.477501963472218, 0.0 ], [ 29.817426375201869, -1.477651869645437, 0.0 ], [ 29.817469205642222, -1.477791067024949, 0.0 ], [ 29.817586988382939, -1.477940973852133, 0.0 ], [ 29.81765123405291, -1.4781444178404, 0.0 ], [ 29.817769017130797, -1.478422814343572, 0.0 ], [ 29.817940338176737, -1.478626258123241, 0.0 ], [ 29.818229443581831, -1.478861825882755, 0.0 ], [ 29.818443594596083, -1.478968901374186, 0.0 ], [ 29.818565951387765, -1.479179625520565, 0.0 ], [ 29.818636331173483, -1.479300835657532, 0.0 ], [ 29.818671415483784, -1.4793446907677, 0.0 ], [ 29.818850482704303, -1.479568525036544, 0.0 ], [ 29.818946849919694, -1.479814799127872, 0.0 ], [ 29.819289493147895, -1.480757066283411, 0.0 ], [ 29.819428691729733, -1.481067585104486, 0.0 ], [ 29.819300200604772, -1.481185369143872, 0.0 ], [ 29.819717796098359, -1.481688625417629, 0.0 ], [ 29.819974778433131, -1.482320371762189, 0.0 ], [ 29.820091280344503, -1.482365987243617, 0.0 ], [ 29.820134374232268, -1.482495269140381, 0.0 ], [ 29.819878409000683, -1.483744479066326, 0.0 ], [ 29.819886656066139, -1.483748239537833, 0.0 ], [ 29.820606524265241, -1.484076414535022, 0.0 ], [ 29.820816259876249, -1.484538305903079, 0.0 ], [ 29.820981290322241, -1.484590377651266, 0.0 ], [ 29.821066950110225, -1.485147171812712, 0.0 ], [ 29.821120488334628, -1.485896701520699, 0.0 ], [ 29.821334638971702, -1.486175098532756, 0.0 ], [ 29.821582824287525, -1.486264190705523, 0.0 ], [ 29.821752235348516, -1.486325004272377, 0.0 ], [ 29.821741019917859, -1.486331733369611, 0.0 ], [ 29.821591621639371, -1.486421373873643, 0.0 ], [ 29.82184860345475, -1.4869032130404, 0.0 ], [ 29.821591621680405, -1.487170903754027, 0.0 ], [ 29.82116331855357, -1.487695574329112, 0.0 ], [ 29.820809968435931, -1.48840227406656, 0.0 ], [ 29.82057330756076, -1.489184287726423, 0.0 ], [ 29.820563694270763, -1.489216049390586, 0.0 ], [ 29.820555996214956, -1.489235461860406, 0.0 ], [ 29.820546192070125, -1.489260185084109, 0.0 ], [ 29.820317420230484, -1.48983708922397, 0.0 ], [ 29.820197694622951, -1.490020200533796, 0.0 ], [ 29.82015317187097, -1.490088292864988, 0.0 ], [ 29.820135391531359, -1.490115486385903, 0.0 ], [ 29.820017608576631, -1.49047954377577, 0.0 ], [ 29.819985631986945, -1.491108390264697, 0.0 ], [ 29.819999870596096, -1.491235506356548, 0.0 ], [ 29.820022351160706, -1.491429627442865, 0.0 ], [ 29.81964760011812, -1.491351710832014, 0.0 ], [ 29.819574154409615, -1.491728125704439, 0.0 ], [ 29.819531060398699, -1.492040555099703, 0.0 ], [ 29.819584927504842, -1.492363759060169, 0.0 ], [ 29.819660340997444, -1.49266541629477, 0.0 ], [ 29.819681887920204, -1.492923979312574, 0.0 ], [ 29.819875811557434, -1.493150221582837, 0.0 ], [ 29.820037413169118, -1.493290276206892, 0.0 ], [ 29.820231334983475, -1.493473425062752, 0.0 ], [ 29.820479124444876, -1.493742762401509, 0.0 ], [ 29.820673047410597, -1.494001325113497, 0.0 ], [ 29.820626281294441, -1.494059782161315, 0.0 ], [ 29.820600060738489, -1.494092558153953, 0.0 ], [ 29.820626928060619, -1.494163210513298, 0.0 ], [ 29.820641695115039, -1.494202041543435, 0.0 ], [ 29.820834649163409, -1.494529224735936, 0.0 ], [ 29.820877743683951, -1.494841655812183, 0.0 ], [ 29.820974704718665, -1.495132538281702, 0.0 ], [ 29.821093212458397, -1.495520383099582, 0.0 ], [ 29.821244040573347, -1.49599441553867, 0.0 ], [ 29.821427189474409, -1.496349939722903, 0.0 ], [ 29.821578017251781, -1.496651596773107, 0.0 ], [ 29.821696526522288, -1.496877839093014, 0.0 ], [ 29.821933541963535, -1.497157949244861, 0.0 ], [ 29.822127464347144, -1.497373418483026, 0.0 ], [ 29.82217831940622, -1.497429117720361, 0.0 ], [ 29.822290517400972, -1.497552000841236, 0.0 ], [ 29.822353707015129, -1.497621208128149, 0.0 ], [ 29.822590723096063, -1.497761263338626, 0.0 ], [ 29.822870833221522, -1.497955185609859, 0.0 ], [ 29.823097075480767, -1.498030599803824, 0.0 ], [ 29.823452600568785, -1.498213748906854, 0.0 ], [ 29.823543634537494, -1.498365472246309, 0.0 ], [ 29.823634905927022, -1.49850407656385, 0.0 ], [ 29.82376503018369, -1.498687780776596, 0.0 ], [ 29.823894312531824, -1.498903250083568, 0.0 ], [ 29.824002046658563, -1.499129492348718, 0.0 ], [ 29.824195968324638, -1.499538884444539, 0.0 ], [ 29.82422236887054, -1.499649767554907, 0.0 ], [ 29.824231130122289, -1.499686562169822, 0.0 ], [ 29.824253962928889, -1.499683234736278, 0.0 ], [ 29.824480186197178, -1.49965026682573, 0.0 ], [ 29.824482666175985, -1.499655935210454, 0.0 ], [ 29.824568327597696, -1.499516736497892, 0.0 ], [ 29.824996630110132, -1.499431076214926, 0.0 ], [ 29.825189366368008, -1.499548859170405, 0.0 ], [ 29.825564131125955, -1.499463198089095, 0.0 ], [ 29.826003142493178, -1.499356123809578, 0.0 ], [ 29.826428902717542, -1.499187947386709, 0.0 ], [ 29.826450605950612, -1.499057719237998, 0.0 ], [ 29.826469169413247, -1.498946343184457, 0.0 ], [ 29.826536511479198, -1.498715455246971, 0.0 ], [ 29.826544583140979, -1.49868778063859, 0.0 ], [ 29.82666309102229, -1.498493858006023, 0.0 ], [ 29.826770826037755, -1.498289162512933, 0.0 ], [ 29.826943201475252, -1.498106013425011, 0.0 ], [ 29.827180216888799, -1.497858224820699, 0.0 ], [ 29.827363366223825, -1.497728942849956, 0.0 ], [ 29.827568062240431, -1.497642755068074, 0.0 ], [ 29.82770811745911, -1.497470379863652, 0.0 ], [ 29.827837398736833, -1.497254910389635, 0.0 ], [ 29.827945133591413, -1.496888612279618, 0.0 ], [ 29.827999000765523, -1.496662370265739, 0.0 ], [ 29.828338481215177, -1.496549370668489, 0.0 ], [ 29.82850476292144, -1.49647344525893, 0.0 ], [ 29.828505352922363, -1.49647922112084, 0.0 ], [ 29.828644641872298, -1.496451242070198, 0.0 ], [ 29.828717801238337, -1.496436547799032, 0.0 ], [ 29.829095336233813, -1.496360713093333, 0.0 ], [ 29.829570843518049, -1.49635570710519, 0.0 ], [ 29.829883980214049, -1.496288039830752, 0.0 ], [ 29.830279717332548, -1.496191622865166, 0.0 ], [ 29.830581662596956, -1.496156728255488, 0.0 ], [ 29.831738798320316, -1.496389804126789, 0.0 ], [ 29.832092647286874, -1.496368989266223, 0.0 ], [ 29.832862789286953, -1.496514692004603, 0.0 ], [ 29.833433685191068, -1.496487578688372, 0.0 ], [ 29.833584776148353, -1.49648040256427, 0.0 ], [ 29.833910249005953, -1.496464944107753, 0.0 ], [ 29.834071516045835, -1.496457284844115, 0.0 ], [ 29.834118328000489, -1.496455061650902, 0.0 ], [ 29.834496740617428, -1.496587543487184, 0.0 ], [ 29.834767331070925, -1.496587543212496, 0.0 ], [ 29.835121179998424, -1.49671243113188, 0.0 ], [ 29.835579102071499, -1.496858134628251, 0.0 ], [ 29.835974581126777, -1.497295241698257, 0.0 ], [ 29.836636283418205, -1.497681439114449, 0.0 ], [ 29.83686720946967, -1.497756487786965, 0.0 ], [ 29.836940025491117, -1.4978033853559, 0.0 ], [ 29.837123214582419, -1.497835061145205, 0.0 ], [ 29.837123213899591, -1.497844309146857, 0.0 ], [ 29.837123213982164, -1.498256972618435, 0.0 ], [ 29.837126480135758, -1.498277876512069, 0.0 ], [ 29.837146844191398, -1.498408205668279, 0.0 ], [ 29.837176752497651, -1.498599614858329, 0.0 ], [ 29.837210293113976, -1.498733780772432, 0.0 ], [ 29.837217012558359, -1.498760654294548, 0.0 ], [ 29.837273120235668, -1.498985087818713, 0.0 ], [ 29.837337366535248, -1.499027917426591, 0.0 ], [ 29.837358781004184, -1.499124285465884, 0.0 ], [ 29.837423026165059, -1.499231361776276, 0.0 ], [ 29.837530102462555, -1.499391974777903, 0.0 ], [ 29.837722838392835, -1.499488343843841, 0.0 ], [ 29.838011943143478, -1.499884523562946, 0.0 ], [ 29.838140434026464, -1.500055844112171, 0.0 ], [ 29.838193971712755, -1.500130797160235, 0.0 ], [ 29.838268925266004, -1.500259288009062, 0.0 ], [ 29.838429538582314, -1.500419902245394, 0.0 ], [ 29.838707311089355, -1.500751742091916, 0.0 ], [ 29.838836425959855, -1.500773252255903, 0.0 ], [ 29.839436050651738, -1.501233677116729, 0.0 ], [ 29.839446757976223, -1.501244385692778, 0.0 ], [ 29.839473527636127, -1.501271154871744, 0.0 ], [ 29.840078505588018, -1.501876132817463, 0.0 ], [ 29.840573232699427, -1.502423331685356, 0.0 ], [ 29.840573292908047, -1.502423398619078, 0.0 ], [ 29.840785204889137, -1.502657785244149, 0.0 ], [ 29.840797502990352, -1.502667817402822, 0.0 ], [ 29.841192091918419, -1.502989720224712, 0.0 ], [ 29.841823839248022, -1.503664297178495, 0.0 ], [ 29.842112943977693, -1.504028354021661, 0.0 ], [ 29.842551954259129, -1.50423179859905, 0.0 ], [ 29.842776813058453, -1.504370997141361, 0.0 ], [ 29.843001672653205, -1.504499488781207, 0.0 ], [ 29.84322653271991, -1.504735054648483, 0.0 ], [ 29.843303237890485, -1.504793712888622, 0.0 ], [ 29.843457843463248, -1.504911939325259, 0.0 ], [ 29.843590589129981, -1.505013451743154, 0.0 ], [ 29.843826156386815, -1.505377509060688, 0.0 ], [ 29.844115260497372, -1.505720151020526, 0.0 ], [ 29.844307997516253, -1.505902180074017, 0.0 ], [ 29.844350827738662, -1.506694540396827, 0.0 ], [ 29.844618516257068, -1.507208504460702, 0.0 ], [ 29.844709994600798, -1.507494869034763, 0.0 ], [ 29.8447934976471, -1.507694629205161, 0.0 ], [ 29.844793826519489, -1.507695417004943, 0.0 ], [ 29.844824700391129, -1.507853950363441, 0.0 ], [ 29.844864790190158, -1.507979449335414, 0.0 ], [ 29.845410877389597, -1.508707564602997, 0.0 ], [ 29.845774934017172, -1.509200113549319, 0.0 ], [ 29.846209515520158, -1.5094608613683, 0.0 ], [ 29.846358715715049, -1.509529417558663, 0.0 ], [ 29.846329632317339, -1.509544910534271, 0.0 ], [ 29.846316529919008, -1.509584458502988, 0.0 ], [ 29.846322908579818, -1.509782070504292, 0.0 ], [ 29.84630823489832, -1.509826359489677, 0.0 ], [ 29.846307096888001, -1.5098297936067, 0.0 ], [ 29.846308538363228, -1.509830626707998, 0.0 ], [ 29.84633279091403, -1.50984464922221, 0.0 ], [ 29.846222570657307, -1.510068361694988, 0.0 ], [ 29.846153317067905, -1.510230953419315, 0.0 ], [ 29.846077727399454, -1.510408421087673, 0.0 ], [ 29.84601334430295, -1.510667517097386, 0.0 ], [ 29.84598918568194, -1.510991392704683, 0.0 ], [ 29.845908693984949, -1.511493395779241, 0.0 ], [ 29.845844323143634, -1.511590554470847, 0.0 ], [ 29.845747763114566, -1.51177677660327, 0.0 ], [ 29.845651199963399, -1.512019676107194, 0.0 ], [ 29.845597178953327, -1.512252711096636, 0.0 ], [ 29.845522437281229, -1.512497385778822, 0.0 ], [ 29.845377595113849, -1.512805058533413, 0.0 ], [ 29.845192523883107, -1.513137018301571, 0.0 ], [ 29.845073715525352, -1.513356312727815, 0.0 ], [ 29.845027253639024, -1.513485899021701, 0.0 ], [ 29.844975259070356, -1.513630914837309, 0.0 ], [ 29.844956041651709, -1.513760708397926, 0.0 ], [ 29.844956005685901, -1.513760951692445, 0.0 ], [ 29.844942521211905, -1.513852022531833, 0.0 ], [ 29.844918913263378, -1.514011465463672, 0.0 ], [ 29.844858127521309, -1.514471554024523, 0.0 ], [ 29.844733804963678, -1.514861627219451, 0.0 ], [ 29.844613095220613, -1.515225980810798, 0.0 ], [ 29.8445647943145, -1.515622725268993, 0.0 ], [ 29.844484317358312, -1.515922305024276, 0.0 ], [ 29.844411894338009, -1.516100432163531, 0.0 ], [ 29.844146357759268, -1.516561937604027, 0.0 ], [ 29.844065885915693, -1.516788645779902, 0.0 ], [ 29.843956404324643, -1.517117352119832, 0.0 ], [ 29.843881263668045, -1.51760649683857, 0.0 ], [ 29.843768089544195, -1.518343231113071, 0.0 ], [ 29.843711758445334, -1.518513262742593, 0.0 ], [ 29.843534734031351, -1.518812835403944, 0.0 ], [ 29.843430127233106, -1.518999057684545, 0.0 ], [ 29.843325519564758, -1.519209569870736, 0.0 ], [ 29.843220908687034, -1.519476759416676, 0.0 ], [ 29.843165998412999, -1.519596466616669, 0.0 ], [ 29.843107092712089, -1.519724887899467, 0.0 ], [ 29.843105692292756, -1.519727939411853, 0.0 ], [ 29.843092959082142, -1.519755698768868, 0.0 ], [ 29.843200747717404, -1.519764525033649, 0.0 ], [ 29.843368423723568, -1.519778257783502, 0.0 ], [ 29.843442608025249, -1.519793407308371, 0.0 ], [ 29.843869359657646, -1.519880559551774, 0.0 ], [ 29.84477562511772, -1.520089096528833, 0.0 ], [ 29.845348423121838, -1.520158178183753, 0.0 ], [ 29.845798404552326, -1.520440965223266, 0.0 ], [ 29.846160901311052, -1.520662493823628, 0.0 ], [ 29.846497511674766, -1.520792812135287, 0.0 ], [ 29.84688591251092, -1.520857987446531, 0.0 ], [ 29.847364941721089, -1.520936198651692, 0.0 ], [ 29.847730945646667, -1.521156143567556, 0.0 ], [ 29.847738596996912, -1.52116074143171, 0.0 ], [ 29.847882790353719, -1.521332118770087, 0.0 ], [ 29.848040921339447, -1.52134496322713, 0.0 ], [ 29.848339518245702, -1.521369218208199, 0.0 ], [ 29.848348818112829, -1.521369973177481, 0.0 ], [ 29.848410723325451, -1.52143703712047, 0.0 ], [ 29.848600471223552, -1.521642598625129, 0.0 ], [ 29.849060897578585, -1.522285052231636, 0.0 ], [ 29.849189388160134, -1.522852554134434, 0.0 ], [ 29.849382124519874, -1.523730575546273, 0.0 ], [ 29.849446370354617, -1.524233831620867, 0.0 ], [ 29.849363022219993, -1.524753076130416, 0.0 ], [ 29.849315629134665, -1.525245357880979, 0.0 ], [ 29.849406221440152, -1.525779572431059, 0.0 ], [ 29.849445024211693, -1.526313784236244, 0.0 ], [ 29.849660520947253, -1.526557375118851, 0.0 ], [ 29.849746182157428, -1.52679294161903, 0.0 ], [ 29.849896088159813, -1.527017800321927, 0.0 ], [ 29.850088824293891, -1.527231952426394, 0.0 ], [ 29.850249438757402, -1.527467519649592, 0.0 ], [ 29.850474297729697, -1.527852991349624, 0.0 ], [ 29.850550362467409, -1.528063632313139, 0.0 ], [ 29.850580085887341, -1.528140659196209, 0.0 ], [ 29.850633212271063, -1.528278328400815, 0.0 ], [ 29.850646382446527, -1.528312458757142, 0.0 ], [ 29.850741985970103, -1.528527568163767, 0.0 ], [ 29.851073921110562, -1.528720305308434, 0.0 ], [ 29.851427271331886, -1.52982318509676, 0.0 ], [ 29.851620007017488, -1.530454932698822, 0.0 ], [ 29.851727083189026, -1.530979603685102, 0.0 ], [ 29.852133971110515, -1.531632765445658, 0.0 ], [ 29.852166094112242, -1.532393003463026, 0.0 ], [ 29.852172240901414, -1.532439111866856, 0.0 ], [ 29.852168748337046, -1.532441051670458, 0.0 ], [ 29.85150999542283, -1.53280672847251, 0.0 ], [ 29.851486662050551, -1.532791728344003, 0.0 ], [ 29.85140666206367, -1.53283506130856, 0.0 ], [ 29.851319994918413, -1.532871728004862, 0.0 ], [ 29.851241662722781, -1.5329183948831, 0.0 ], [ 29.851173328319234, -1.532985061663562, 0.0 ], [ 29.851083328196736, -1.532990061500384, 0.0 ], [ 29.850841560469426, -1.533183960530841, 0.0 ], [ 29.850443328190536, -1.533516728692226, 0.0 ], [ 29.850381661912639, -1.533588394808263, 0.0 ], [ 29.850321662092416, -1.533656728139925, 0.0 ], [ 29.850273328317094, -1.533741728596587, 0.0 ], [ 29.850231662039743, -1.533828394614214, 0.0 ], [ 29.850133328267209, -1.533830061825365, 0.0 ], [ 29.850051662656874, -1.53377339406705, 0.0 ], [ 29.849729995178357, -1.534051728604809, 0.0 ], [ 29.849191662228222, -1.534633394014985, 0.0 ], [ 29.849209414357706, -1.534663770331786, 0.0 ], [ 29.849266662395078, -1.534761728164072, 0.0 ], [ 29.849264126943886, -1.534763952027469, 0.0 ], [ 29.848681662382912, -1.535275061598458, 0.0 ], [ 29.848598328070363, -1.535330061612177, 0.0 ], [ 29.848508328008968, -1.535358394336484, 0.0 ], [ 29.848433327971993, -1.5354200616397, 0.0 ], [ 29.848364995083454, -1.535488394309286, 0.0 ], [ 29.848291684085474, -1.535532380629871, 0.0 ], [ 29.84813647802865, -1.535638090726348, 0.0 ], [ 29.848129995168378, -1.535643394863393, 0.0 ], [ 29.848039995560026, -1.535665061767905, 0.0 ], [ 29.847946662383293, -1.535715061236747, 0.0 ], [ 29.847003328121016, -1.536258394396149, 0.0 ], [ 29.846835278715833, -1.536320499013833, 0.0 ], [ 29.84631332807626, -1.536513394080458, 0.0 ], [ 29.844833328314579, -1.537050061266631, 0.0 ], [ 29.844807418180928, -1.537061803656238, 0.0 ], [ 29.844360763983389, -1.537491278895279, 0.0 ], [ 29.844346497543231, -1.537666479768338, 0.0 ], [ 29.844545735357038, -1.537805140235243, 0.0 ], [ 29.844549235328675, -1.537812821081411, 0.0 ], [ 29.844466871571925, -1.538039837429049, 0.0 ], [ 29.844582788735675, -1.538340481498953, 0.0 ], [ 29.844625881917732, -1.538609817214182, 0.0 ], [ 29.844582788581061, -1.538814513708866, 0.0 ], [ 29.844507373955469, -1.538976115309456, 0.0 ], [ 29.844421185960552, -1.539105397402713, 0.0 ], [ 29.844281131022619, -1.539223905343605, 0.0 ], [ 29.84423872220092, -1.539258830277931, 0.0 ], [ 29.844047766592254, -1.539532928801932, 0.0 ], [ 29.84404274399861, -1.53954013689879, 0.0 ], [ 29.844025594555095, -1.539564753861073, 0.0 ], [ 29.844011795609632, -1.539600976067746, 0.0 ], [ 29.843957927358861, -1.539719484897693, 0.0 ], [ 29.843893033396562, -1.540062498202792, 0.0 ], [ 29.843882513378027, -1.540118102108296, 0.0 ], [ 29.84388194590159, -1.540135693618727, 0.0 ], [ 29.843871740328083, -1.540452079420324, 0.0 ], [ 29.843807099202337, -1.54092611226358, 0.0 ], [ 29.843796325338918, -1.541270862474624, 0.0 ], [ 29.843817872628964, -1.541475558278196, 0.0 ], [ 29.843688591294445, -1.541583293145084, 0.0 ], [ 29.843550934265107, -1.541672770156513, 0.0 ], [ 29.843498619701727, -1.541706775415487, 0.0 ], [ 29.84350129993711, -1.541900427393857, 0.0 ], [ 29.843447302952125, -1.542352648374865, 0.0 ], [ 29.843490133083183, -1.543059348033619, 0.0 ], [ 29.843897021456698, -1.544065860881991, 0.0 ], [ 29.844228956091683, -1.544397795906509, 0.0 ], [ 29.844207541642835, -1.544676192166107, 0.0 ], [ 29.844261078869874, -1.544847513408917, 0.0 ], [ 29.84430390976107, -1.544954588067291, 0.0 ], [ 29.844303908917002, -1.545040249427739, 0.0 ], [ 29.844794361327196, -1.545765709591161, 0.0 ], [ 29.844796250247718, -1.545768504480517, 0.0 ], [ 29.844799609327275, -1.545773472871259, 0.0 ], [ 29.844775803281898, -1.545781366064376, 0.0 ], [ 29.844599061724406, -1.545839971365071, 0.0 ], [ 29.843242352292787, -1.546289838476467, 0.0 ], [ 29.842985542250403, -1.546604431371541, 0.0 ], [ 29.842909323339683, -1.546697799294442, 0.0 ], [ 29.842880581258655, -1.546733007387784, 0.0 ], [ 29.842438868911163, -1.546948476803238, 0.0 ], [ 29.842212627110694, -1.547153172164165, 0.0 ], [ 29.841986384078659, -1.547422509430564, 0.0 ], [ 29.841738594098405, -1.547605657310887, 0.0 ], [ 29.841458484141473, -1.547799580150608, 0.0 ], [ 29.84127533600142, -1.54818742429055, 0.0 ], [ 29.84110294761027, -1.548402909124906, 0.0 ], [ 29.841001617417557, -1.548529572387092, 0.0 ], [ 29.840930585248906, -1.548618363191796, 0.0 ], [ 29.840501970388708, -1.548930082860869, 0.0 ], [ 29.840456553404177, -1.548963113544233, 0.0 ], [ 29.840211147379655, -1.548991159111875, 0.0 ], [ 29.840079481725873, -1.54900620730246, 0.0 ], [ 29.839799371721686, -1.54890924618811, 0.0 ], [ 29.83932533902184, -1.548510628135987, 0.0 ], [ 29.839206831440578, -1.548230518254699, 0.0 ], [ 29.838658455754747, -1.547779429087006, 0.0 ], [ 29.838501067178029, -1.547694498252906, 0.0 ], [ 29.838425117944826, -1.547653513626461, 0.0 ], [ 29.837957110554434, -1.547400962591881, 0.0 ], [ 29.837785567946224, -1.547363872391149, 0.0 ], [ 29.837408708628754, -1.547265595711569, 0.0 ], [ 29.83740666226814, -1.547265061024026, 0.0 ], [ 29.837341222896537, -1.547328834147408, 0.0 ], [ 29.837292074158061, -1.547376732721147, 0.0 ], [ 29.837095233271704, -1.547422509805711, 0.0 ], [ 29.836955178374364, -1.547681072080384, 0.0 ], [ 29.836039434440373, -1.548176651174447, 0.0 ], [ 29.835586948466961, -1.548435214325411, 0.0 ], [ 29.83543429700152, -1.548515780721769, 0.0 ], [ 29.835218647556108, -1.548629596074998, 0.0 ], [ 29.835199103930883, -1.548639910697531, 0.0 ], [ 29.834789712459262, -1.54871532419164, 0.0 ], [ 29.834668638986972, -1.548756599194711, 0.0 ], [ 29.834277680344734, -1.548890384487869, 0.0 ], [ 29.833798554587691, -1.549060075722001, 0.0 ], [ 29.833766232972355, -1.549264770885823, 0.0 ], [ 29.833895515596211, -1.549544880041554, 0.0 ], [ 29.833798554639653, -1.54988963133743, 0.0 ], [ 29.833443030085029, -1.550158968175945, 0.0 ], [ 29.833109052357152, -1.550234382748829, 0.0 ], [ 29.833045365336886, -1.550263144615423, 0.0 ], [ 29.832931468196154, -1.550314581563245, 0.0 ], [ 29.832775074984866, -1.550385210257282, 0.0 ], [ 29.832214855335607, -1.550342116585481, 0.0 ], [ 29.831870104648981, -1.550449851497002, 0.0 ], [ 29.831751595973149, -1.55071918885067, 0.0 ], [ 29.831525353494747, -1.550870016615147, 0.0 ], [ 29.831266790374091, -1.550891563390068, 0.0 ], [ 29.83086817195273, -1.550643773769811, 0.0 ], [ 29.830458781267311, -1.550342116024716, 0.0 ], [ 29.829973975479017, -1.549965045471694, 0.0 ], [ 29.829666764516407, -1.549928145332403, 0.0 ], [ 29.829685692415612, -1.549851976860506, 0.0 ], [ 29.829657317926053, -1.549737719107148, 0.0 ], [ 29.829610532196508, -1.549588576160072, 0.0 ], [ 29.829600935484688, -1.549556070381394, 0.0 ], [ 29.829612041948838, -1.549533718721202, 0.0 ], [ 29.829579600354126, -1.549446576027086, 0.0 ], [ 29.829593826504336, -1.549421680403662, 0.0 ], [ 29.829465335606198, -1.54923965139692, 0.0 ], [ 29.829315429122303, -1.549100452652171, 0.0 ], [ 29.82927259951834, -1.548907716472073, 0.0 ], [ 29.829133401363251, -1.548757810811172, 0.0 ], [ 29.82898349545955, -1.548757810404108, 0.0 ], [ 29.828865711546598, -1.548672149496022, 0.0 ], [ 29.828801466022409, -1.548425875412413, 0.0 ], [ 29.828726513083343, -1.548425875651927, 0.0 ], [ 29.828544484288809, -1.548254554546545, 0.0 ], [ 29.828373162885427, -1.548318799002788, 0.0 ], [ 29.828298210515566, -1.548222431068637, 0.0 ], [ 29.828244672007489, -1.548093940650904, 0.0 ], [ 29.828148303998134, -1.54802969519422, 0.0 ], [ 29.828180426714482, -1.547890496749283, 0.0 ], [ 29.828191134453515, -1.547719175044078, 0.0 ], [ 29.828266087665757, -1.547547854050742, 0.0 ], [ 29.828169719419169, -1.547408656891266, 0.0 ], [ 29.828073351367909, -1.54732299588612, 0.0 ], [ 29.827827076446631, -1.547451486262658, 0.0 ], [ 29.827698586262589, -1.547408656427504, 0.0 ], [ 29.827516557010192, -1.547322995632647, 0.0 ], [ 29.827388066275034, -1.547387240804513, 0.0 ], [ 29.827216745306252, -1.547579977550752, 0.0 ], [ 29.827029486018414, -1.547432140833032, 0.0 ], [ 29.82701330098806, -1.547419363256334, 0.0 ], [ 29.826997341567953, -1.5474062193961, 0.0 ], [ 29.826910642710999, -1.547334821395173, 0.0 ], [ 29.826831272485165, -1.547269457573448, 0.0 ], [ 29.826724196084559, -1.547151674122504, 0.0 ], [ 29.826906224944423, -1.547119551280792, 0.0 ], [ 29.826916933115143, -1.54706601329206, 0.0 ], [ 29.826981178656041, -1.54678761645085, 0.0 ], [ 29.826756319121799, -1.546466389208494, 0.0 ], [ 29.826617121182405, -1.546273653226441, 0.0 ], [ 29.826542168534047, -1.546348606906218, 0.0 ], [ 29.826381554470039, -1.546337898583884, 0.0 ], [ 29.826317307910454, -1.546252238345281, 0.0 ], [ 29.826413677318595, -1.546220115720449, 0.0 ], [ 29.826402969636639, -1.546123747592795, 0.0 ], [ 29.826392262738253, -1.545984548371763, 0.0 ], [ 29.826413677289008, -1.545877472399725, 0.0 ], [ 29.826274478357494, -1.545963133080884, 0.0 ], [ 29.826178110030988, -1.545716859023019, 0.0 ], [ 29.826167402023071, -1.545492000329322, 0.0 ], [ 29.826188818289811, -1.545352801040042, 0.0 ], [ 29.826306601155796, -1.545492000029814, 0.0 ], [ 29.826488630325986, -1.545299263319666, 0.0 ], [ 29.826488630708319, -1.545217025376353, 0.0 ], [ 29.826488630529031, -1.545152780544298, 0.0 ], [ 29.826488630049965, -1.544981459786095, 0.0 ], [ 29.826488630207695, -1.544935206256474, 0.0 ], [ 29.826424384310116, -1.544753177871858, 0.0 ], [ 29.826210233121927, -1.544678224840138, 0.0 ], [ 29.826028204247564, -1.544624686363218, 0.0 ], [ 29.825974666764008, -1.544464073493894, 0.0 ], [ 29.825899713591919, -1.544314167536755, 0.0 ], [ 29.82581405192979, -1.544089308091545, 0.0 ], [ 29.825749807249757, -1.544003647844289, 0.0 ], [ 29.825685562441873, -1.543864448729775, 0.0 ], [ 29.825567778082849, -1.543800203225228, 0.0 ], [ 29.825353627151078, -1.543778788080812, 0.0 ], [ 29.825203721675035, -1.543800203894929, 0.0 ], [ 29.825128768601953, -1.543661005691221, 0.0 ], [ 29.82503239987102, -1.543543221258719, 0.0 ], [ 29.824925324549696, -1.543382608462848, 0.0 ], [ 29.824754003077189, -1.543254117274206, 0.0 ], [ 29.824571974327682, -1.543179164048421, 0.0 ], [ 29.824411360753075, -1.543286239292854, 0.0 ], [ 29.824357822559662, -1.543147041038715, 0.0 ], [ 29.824529144428915, -1.543039965781603, 0.0 ], [ 29.824679050463761, -1.542879352582873, 0.0 ], [ 29.824828956659466, -1.542804399744046, 0.0 ], [ 29.825000277510021, -1.542665200219359, 0.0 ], [ 29.825032400306089, -1.542526002733826, 0.0 ], [ 29.825032400721852, -1.542311850892983, 0.0 ], [ 29.825021692690189, -1.542033453337156, 0.0 ], [ 29.824893201186907, -1.541626565424447, 0.0 ], [ 29.824689757538135, -1.541444537244938, 0.0 ], [ 29.824411360679807, -1.54142312123241, 0.0 ], [ 29.824240039323577, -1.541262508512475, 0.0 ], [ 29.82433640732086, -1.541080479854687, 0.0 ], [ 29.824357822686004, -1.540919865041277, 0.0 ], [ 29.824246276381555, -1.540857895595858, 0.0 ], [ 29.824165086687227, -1.540812790310574, 0.0 ], [ 29.823993765515016, -1.540716422403722, 0.0 ], [ 29.82398443005232, -1.540677747385616, 0.0 ], [ 29.823983166876541, -1.540672513233858, 0.0 ], [ 29.823918812295638, -1.540405902528089, 0.0 ], [ 29.823993765490656, -1.540223873007262, 0.0 ], [ 29.824235855021453, -1.540251807121852, 0.0 ], [ 29.824277726215254, -1.540244869853701, 0.0 ], [ 29.824279313620782, -1.540241696273559, 0.0 ], [ 29.824280242154252, -1.540239838612169, 0.0 ], [ 29.824379237468953, -1.540041844827561, 0.0 ], [ 29.824550559505962, -1.53972061769631, 0.0 ], [ 29.824657634590334, -1.539452928617051, 0.0 ], [ 29.824486313261175, -1.539249484838327, 0.0 ], [ 29.824293577484596, -1.539185238512225, 0.0 ], [ 29.824186501504688, -1.539024625703777, 0.0 ], [ 29.823983057036845, -1.538735520664734, 0.0 ], [ 29.823736782995443, -1.538392878615888, 0.0 ], [ 29.823394140891327, -1.538093066850298, 0.0 ], [ 29.8232549422255, -1.538071651468832, 0.0 ], [ 29.823169282118165, -1.537964575650762, 0.0 ], [ 29.823027553110755, -1.537839519228671, 0.0 ], [ 29.8229872537351, -1.537803961070134, 0.0 ], [ 29.822946213299062, -1.53777464716529, 0.0 ], [ 29.82283734759007, -1.537696886211106, 0.0 ], [ 29.822569657224669, -1.53730070521921, 0.0 ], [ 29.822376921288981, -1.536925940594166, 0.0 ], [ 29.822270340184623, -1.536641726658509, 0.0 ], [ 29.822228977543674, -1.536531423829099, 0.0 ], [ 29.822216307461357, -1.53649763707525, 0.0 ], [ 29.822066401290549, -1.536262071626951, 0.0 ], [ 29.821916495419192, -1.536262071723504, 0.0 ], [ 29.821862957505839, -1.536112165664588, 0.0 ], [ 29.821755881871521, -1.535972966502341, 0.0 ], [ 29.821434655048975, -1.535555371705194, 0.0 ], [ 29.821145550500532, -1.535212728549383, 0.0 ], [ 29.821027767591566, -1.535073530267753, 0.0 ], [ 29.820845738702964, -1.534902209584213, 0.0 ], [ 29.820802908176727, -1.534645227603744, 0.0 ], [ 29.820653002367141, -1.534548859492721, 0.0 ], [ 29.820528614405283, -1.534533310562717, 0.0 ], [ 29.820396020311641, -1.534516736191765, 0.0 ], [ 29.820361902567658, -1.534501228341043, 0.0 ], [ 29.820293353737643, -1.53448803658687, 0.0 ], [ 29.820164862754897, -1.534562989162894, 0.0 ], [ 29.82004707903986, -1.534402375296037, 0.0 ], [ 29.820003692122498, -1.534394895448638, 0.0 ], [ 29.819930903081143, -1.53438234548318, 0.0 ], [ 29.819850744637062, -1.534368525044682, 0.0 ], [ 29.819840156061929, -1.53436669987404, 0.0 ], [ 29.81973656021971, -1.534348837272064, 0.0 ], [ 29.819667348165961, -1.534217334480767, 0.0 ], [ 29.819629483899327, -1.534145393212132, 0.0 ], [ 29.819600287235332, -1.534101597319432, 0.0 ], [ 29.819669327135529, -1.533831055372195, 0.0 ], [ 29.819553233705964, -1.53373818033026, 0.0 ], [ 29.81953873741756, -1.533726583161014, 0.0 ], [ 29.819508713179182, -1.533702564781796, 0.0 ], [ 29.819251732155912, -1.533691856897301, 0.0 ], [ 29.819037580568132, -1.533531243841573, 0.0 ], [ 29.818919796995168, -1.533338506616632, 0.0 ], [ 29.818850411013905, -1.533331181005402, 0.0 ], [ 29.818837123402485, -1.533299495221064, 0.0 ], [ 29.818717420578714, -1.533219693641855, 0.0 ], [ 29.81872706108312, -1.533113647833076, 0.0 ], [ 29.818898382327102, -1.532953034108157, 0.0 ], [ 29.819114847540273, -1.532884189587957, 0.0 ], [ 29.819069703545697, -1.532813835906989, 0.0 ], [ 29.819241024740023, -1.532642514377597, 0.0 ], [ 29.819377886542519, -1.532596893834606, 0.0 ], [ 29.819401638577506, -1.532588976495243, 0.0 ], [ 29.819498006546041, -1.532696052426954, 0.0 ], [ 29.819551544216445, -1.532781712800911, 0.0 ], [ 29.819669326892019, -1.532845958554616, 0.0 ], [ 29.819748734188842, -1.532846158833317, 0.0 ], [ 29.819757083670918, -1.532852454504938, 0.0 ], [ 29.819811513025531, -1.532689163573069, 0.0 ], [ 29.819806515304563, -1.532656175184209, 0.0 ], [ 29.819788652469665, -1.532364379453869, 0.0 ], [ 29.819742858164009, -1.532300268236998, 0.0 ], [ 29.819710735141776, -1.532064701793671, 0.0 ], [ 29.81960365892165, -1.531893380149932, 0.0 ], [ 29.819700027688885, -1.531754182767023, 0.0 ], [ 29.819693729157017, -1.531704066718515, 0.0 ], [ 29.819672314443874, -1.531639821897994, 0.0 ], [ 29.819640191474065, -1.531532745087186, 0.0 ], [ 29.819597361155711, -1.53140425454103, 0.0 ], [ 29.819543823501441, -1.531286471762877, 0.0 ], [ 29.819415332644436, -1.531125857880523, 0.0 ], [ 29.819297549152136, -1.530986659537508, 0.0 ], [ 29.819201181264535, -1.530900998242253, 0.0 ], [ 29.819051274886, -1.530847460232443, 0.0 ], [ 29.818982306592808, -1.530779350277338, 0.0 ], [ 29.818967573632676, -1.530771689248139, 0.0 ], [ 29.818941212652096, -1.53075798189457, 0.0 ], [ 29.818853256447689, -1.530805038323237, 0.0 ], [ 29.818793346032855, -1.53083709142111, 0.0 ], [ 29.818708196180221, -1.530856126446114, 0.0 ], [ 29.818679807329477, -1.53093229400284, 0.0 ], [ 29.818651404074235, -1.531179844672381, 0.0 ], [ 29.818556777375658, -1.531389304263001, 0.0 ], [ 29.818413924157635, -1.531463649546227, 0.0 ], [ 29.818404780498049, -1.531454014577416, 0.0 ], [ 29.818357963641187, -1.531452400666988, 0.0 ], [ 29.818298757972887, -1.531450358798997, 0.0 ], [ 29.818150348368064, -1.531445240521397, 0.0 ], [ 29.818104599187869, -1.531443662874525, 0.0 ], [ 29.817877511137507, -1.531364675139322, 0.0 ], [ 29.817858324940516, -1.531358001379942, 0.0 ], [ 29.81785310733844, -1.531353704801838, 0.0 ], [ 29.817761575540398, -1.531278325634529, 0.0 ], [ 29.817676296602897, -1.531208095121854, 0.0 ], [ 29.817670743924996, -1.531191437412514, 0.0 ], [ 29.817657501058065, -1.53115170926862, 0.0 ], [ 29.817645643665635, -1.531116135376762, 0.0 ], [ 29.817633466410335, -1.531079604550628, 0.0 ], [ 29.817547805042576, -1.530983236334671, 0.0 ], [ 29.817542913975384, -1.530975411529057, 0.0 ], [ 29.817443506615593, -1.530816358402536, 0.0 ], [ 29.81750807929658, -1.530724117387898, 0.0 ], [ 29.817524746940787, -1.530724122432802, 0.0 ], [ 29.81753627731749, -1.530683836555673, 0.0 ], [ 29.817538994048924, -1.530674344597762, 0.0 ], [ 29.817547805234785, -1.530662009574429, 0.0 ], [ 29.817532465473455, -1.530486271139714, 0.0 ], [ 29.817659958635364, -1.530486465652571, 0.0 ], [ 29.817767644033566, -1.530486628617721, 0.0 ], [ 29.817853832158526, -1.530411214899126, 0.0 ], [ 29.817751249350966, -1.530297952855807, 0.0 ], [ 29.817590635735151, -1.530222999201836, 0.0 ], [ 29.817772664167936, -1.529987432072186, 0.0 ], [ 29.81777266429977, -1.529687620844844, 0.0 ], [ 29.817537097567346, -1.529655497292509, 0.0 ], [ 29.817365776552816, -1.529773280757823, 0.0 ], [ 29.817162332569538, -1.529955309879283, 0.0 ], [ 29.816980304281344, -1.529944602774106, 0.0 ], [ 29.81699101087267, -1.529751865651341, 0.0 ], [ 29.817098087055708, -1.529559129558483, 0.0 ], [ 29.817044549595305, -1.529419930293872, 0.0 ], [ 29.816969596519357, -1.529355685386786, 0.0 ], [ 29.816948181074455, -1.529205779298315, 0.0 ], [ 29.817001719683944, -1.529002335365388, 0.0 ], [ 29.817044549069028, -1.528916674168175, 0.0 ], [ 29.817226578218804, -1.528852429582959, 0.0 ], [ 29.817397899071178, -1.528895259049451, 0.0 ], [ 29.817483560415884, -1.528884552277227, 0.0 ], [ 29.817622758484529, -1.528713231719533, 0.0 ], [ 29.817547805462041, -1.528541909133851, 0.0 ], [ 29.817430022206722, -1.528434834025366, 0.0 ], [ 29.817333653606248, -1.528349173570656, 0.0 ], [ 29.817258700560171, -1.528274220906752, 0.0 ], [ 29.817236719719993, -1.528242248567437, 0.0 ], [ 29.817181108493585, -1.528161359850748, 0.0 ], [ 29.817140917375184, -1.528102899167126, 0.0 ], [ 29.817130210137648, -1.527963700861157, 0.0 ], [ 29.817065964450549, -1.527867332665772, 0.0 ], [ 29.817140917536939, -1.527845917215261, 0.0 ], [ 29.817269408109407, -1.527888747536482, 0.0 ], [ 29.817355069436147, -1.527835209684987, 0.0 ], [ 29.817387191524226, -1.527610350168319, 0.0 ], [ 29.817472851971797, -1.527481859729099, 0.0 ], [ 29.817612049921554, -1.527353369334981, 0.0 ], [ 29.817890447512827, -1.527331953128236, 0.0 ], [ 29.818158136878463, -1.527331953322719, 0.0 ], [ 29.818104599338181, -1.527503275803828, 0.0 ], [ 29.818415118025367, -1.527428322508527, 0.0 ], [ 29.818779175995772, -1.527267708828803, 0.0 ], [ 29.818877452710957, -1.527115826724334, 0.0 ], [ 29.818890092114071, -1.527096292603453, 0.0 ], [ 29.818879023208194, -1.527067656811925, 0.0 ], [ 29.818886162970355, -1.526848737362307, 0.0 ], [ 29.818854128956556, -1.526807282847768, 0.0 ], [ 29.818661393567098, -1.526668084472755, 0.0 ], [ 29.818211675352305, -1.526539593716369, 0.0 ], [ 29.818029646460875, -1.52633614957979, 0.0 ], [ 29.817948812537523, -1.526204262290344, 0.0 ], [ 29.817849091079179, -1.526041559720489, 0.0 ], [ 29.817826202097265, -1.526004214884518, 0.0 ], [ 29.817740540929208, -1.525757940623747, 0.0 ], [ 29.817783372041021, -1.525490251823773, 0.0 ], [ 29.817687003576577, -1.525254684420888, 0.0 ], [ 29.817687003653283, -1.524901334329805, 0.0 ], [ 29.817597234900937, -1.524607547209078, 0.0 ], [ 29.817569220635889, -1.524515861741845, 0.0 ], [ 29.817562425889406, -1.524478494761332, 0.0 ], [ 29.817504975077817, -1.524162511600676, 0.0 ], [ 29.817504975155426, -1.523841284820741, 0.0 ], [ 29.817483560587899, -1.523659255420974, 0.0 ], [ 29.81725279842367, -1.523229200142808, 0.0 ], [ 29.817174217430598, -1.523175453797444, 0.0 ], [ 29.816948181278285, -1.523038216031387, 0.0 ], [ 29.816851812919172, -1.522941848716479, 0.0 ], [ 29.816659076304589, -1.522609913066594, 0.0 ], [ 29.816616246356389, -1.522352931061601, 0.0 ], [ 29.816616246469192, -1.522149487049209, 0.0 ], [ 29.816723322189389, -1.522031704406085, 0.0 ], [ 29.816734029664367, -1.521656939698501, 0.0 ], [ 29.816808982648432, -1.521357127634136, 0.0 ], [ 29.816701907094334, -1.521207221459774, 0.0 ], [ 29.816552001468992, -1.521100145412472, 0.0 ], [ 29.816552001551823, -1.520939531574417, 0.0 ], [ 29.81636997230375, -1.520800333077641, 0.0 ], [ 29.816198651217974, -1.52073608716158, 0.0 ], [ 29.816166528537817, -1.520607597501511, 0.0 ], [ 29.816102282287819, -1.520350615467434, 0.0 ], [ 29.816104917069101, -1.520311089469761, 0.0 ], [ 29.816109324566057, -1.520244995439061, 0.0 ], [ 29.816112990582514, -1.520190001645462, 0.0 ], [ 29.816005914290507, -1.519954435097522, 0.0 ], [ 29.815985211187208, -1.51994753418691, 0.0 ], [ 29.815818173627083, -1.519891854651726, 0.0 ], [ 29.815813178712833, -1.519890189132812, 0.0 ], [ 29.815770347991268, -1.519622500257839, 0.0 ], [ 29.815609734393334, -1.51945117933853, 0.0 ], [ 29.815521337708084, -1.519377515241842, 0.0 ], [ 29.815491733455943, -1.519352844760903, 0.0 ], [ 29.815481243505712, -1.519344103266065, 0.0 ], [ 29.815486286469536, -1.519330234881169, 0.0 ], [ 29.815566904663036, -1.519108536074826, 0.0 ], [ 29.81570610227358, -1.518776601734481, 0.0 ], [ 29.815759640612466, -1.518583865565519, 0.0 ], [ 29.815652564318135, -1.518476789535226, 0.0 ], [ 29.815524073398464, -1.518466082494333, 0.0 ], [ 29.815491951748463, -1.518251930672727, 0.0 ], [ 29.815406290044791, -1.518134147797911, 0.0 ], [ 29.815320629297727, -1.517962826072512, 0.0 ], [ 29.815106478425747, -1.5179414111141, 0.0 ], [ 29.815059079728019, -1.517852539513294, 0.0 ], [ 29.815020817698336, -1.517780797149772, 0.0 ], [ 29.814892326092323, -1.517620183113381, 0.0 ], [ 29.814785251636355, -1.517555938127685, 0.0 ], [ 29.814646052635364, -1.517523815484682, 0.0 ], [ 29.814560391877841, -1.517427447218647, 0.0 ], [ 29.814389070133778, -1.517427447810294, 0.0 ], [ 29.814281995617392, -1.517427447607991, 0.0 ], [ 29.814207042211809, -1.517288248274477, 0.0 ], [ 29.814089258650231, -1.517277541177959, 0.0 ], [ 29.813896522413501, -1.517256126151287, 0.0 ], [ 29.813886746371697, -1.517117519437222, 0.0 ], [ 29.813991574361911, -1.517093257624861, 0.0 ], [ 29.813960767383243, -1.516956314181335, 0.0 ], [ 29.813768031261045, -1.516881361207163, 0.0 ], [ 29.813821569551052, -1.516784992304943, 0.0 ], [ 29.813853692401217, -1.516688624260861, 0.0 ], [ 29.81375732441019, -1.516613671486069, 0.0 ], [ 29.813553880160335, -1.516538718474445, 0.0 ], [ 29.813403974753985, -1.516581549213516, 0.0 ], [ 29.8132968983554, -1.516656502442607, 0.0 ], [ 29.813275483149646, -1.516528011883407, 0.0 ], [ 29.81315769893596, -1.516410227056537, 0.0 ], [ 29.813104162703556, -1.516356690799637, 0.0 ], [ 29.81290071829995, -1.516388812701907, 0.0 ], [ 29.812675859491542, -1.516356690632716, 0.0 ], [ 29.812547368597603, -1.516410227326398, 0.0 ], [ 29.81239746233695, -1.516431643362344, 0.0 ], [ 29.812119065634032, -1.516303152082095, 0.0 ], [ 29.812082682364473, -1.516290158308339, 0.0 ], [ 29.81207929162526, -1.516288947859868, 0.0 ], [ 29.81196915955698, -1.516249614618668, 0.0 ], [ 29.811947743457786, -1.516153246454862, 0.0 ], [ 29.81181925300347, -1.516024755575831, 0.0 ], [ 29.811990574612015, -1.516024755175122, 0.0 ], [ 29.812044112075323, -1.515917679460091, 0.0 ], [ 29.811904913288899, -1.515864141121752, 0.0 ], [ 29.811894206304459, -1.515746358358203, 0.0 ], [ 29.811969159160828, -1.515649990474838, 0.0 ], [ 29.811990574756003, -1.515575037066114, 0.0 ], [ 29.81195490675286, -1.515542612178911, 0.0 ], [ 29.811758623698427, -1.515362685712892, 0.0 ], [ 29.811773760297957, -1.51521131669877, 0.0 ], [ 29.811792115263913, -1.515027767681758, 0.0 ], [ 29.811796695459016, -1.514981971323711, 0.0 ], [ 29.811682480117579, -1.514563186230859, 0.0 ], [ 29.811910909138266, -1.514315722801873, 0.0 ], [ 29.811948979977224, -1.514049223085063, 0.0 ], [ 29.811828649602955, -1.513862041447995, 0.0 ], [ 29.81177765903983, -1.513782723177017, 0.0 ], [ 29.811786404347508, -1.513752115588612, 0.0 ], [ 29.811674933642074, -1.513823723714445, 0.0 ], [ 29.8115058763806, -1.513976154660849, 0.0 ], [ 29.811369259169687, -1.514095448527935, 0.0 ], [ 29.811358423388146, -1.514054001219709, 0.0 ], [ 29.811284900192021, -1.51394516971106, 0.0 ], [ 29.811196196109698, -1.513813865844105, 0.0 ], [ 29.811020929479159, -1.513490425074954, 0.0 ], [ 29.811004567031748, -1.513433949867243, 0.0 ], [ 29.810952778973782, -1.513255201854838, 0.0 ], [ 29.811029405625803, -1.513112018072426, 0.0 ], [ 29.811157321927656, -1.512872989832315, 0.0 ], [ 29.811283937002752, -1.512725989118035, 0.0 ], [ 29.811313163368997, -1.512608382597824, 0.0 ], [ 29.811283964096962, -1.512412364311011, 0.0 ], [ 29.811283964245945, -1.512410639527417, 0.0 ], [ 29.811283981027856, -1.512216350388941, 0.0 ], [ 29.81134242273631, -1.512108546123512, 0.0 ], [ 29.811381383237418, -1.512030143779075, 0.0 ], [ 29.811385841618662, -1.512021172037987, 0.0 ], [ 29.811469045252426, -1.511853738726195, 0.0 ], [ 29.811488544148297, -1.511608721664396, 0.0 ], [ 29.81147881918741, -1.511442107801036, 0.0 ], [ 29.811420399595381, -1.511314692107814, 0.0 ], [ 29.811549231054965, -1.511174834891555, 0.0 ], [ 29.81151969052382, -1.511121660678801, 0.0 ], [ 29.811506052907589, -1.511097114559683, 0.0 ], [ 29.811501002038636, -1.511088022600491, 0.0 ], [ 29.811464132763014, -1.511021655458828, 0.0 ], [ 29.811454052591305, -1.511003512242401, 0.0 ], [ 29.811035267358289, -1.510946405823985, 0.0 ], [ 29.811187553176424, -1.510527620519536, 0.0 ], [ 29.810899456559873, -1.510285157850338, 0.0 ], [ 29.810804058212941, -1.51020487153841, 0.0 ], [ 29.810748537237512, -1.510158144666421, 0.0 ], [ 29.810699855240372, -1.510030730719338, 0.0 ], [ 29.810730696698595, -1.509880407723771, 0.0 ], [ 29.810342003378437, -1.509676327314354, 0.0 ], [ 29.810265788584527, -1.509372070434347, 0.0 ], [ 29.810223416732317, -1.509241636176818, 0.0 ], [ 29.809869253467912, -1.508937914723766, 0.0 ], [ 29.809819167737182, -1.50862445827455, 0.0 ], [ 29.809802750944002, -1.508521717798788, 0.0 ], [ 29.809799366445873, -1.508500535314468, 0.0 ], [ 29.809417234360023, -1.507424803866698, 0.0 ], [ 29.809245912004503, -1.506986982287815, 0.0 ], [ 29.808884234492265, -1.506339769489136, 0.0 ], [ 29.808726900103817, -1.506156212231126, 0.0 ], [ 29.808723121418918, -1.506151803615047, 0.0 ], [ 29.808655806014244, -1.506073269826119, 0.0 ], [ 29.808275092452995, -1.505692555572333, 0.0 ], [ 29.808084735088848, -1.505540270283575, 0.0 ], [ 29.807793031947408, -1.505483586154397, 0.0 ], [ 29.807671568380595, -1.505355503656366, 0.0 ], [ 29.807369710432937, -1.504934043632718, 0.0 ], [ 29.807358039494584, -1.50444593433996, 0.0 ], [ 29.806989984098813, -1.504051942835978, 0.0 ], [ 29.806894094623843, -1.503776722379627, 0.0 ], [ 29.806866763016856, -1.503706473240297, 0.0 ], [ 29.806816314691844, -1.503576801584987, 0.0 ], [ 29.806795260040218, -1.503522684747568, 0.0 ], [ 29.806697887247964, -1.503375664303102, 0.0 ], [ 29.806679454161404, -1.503362057042316, 0.0 ], [ 29.806551819061987, -1.503267842835535, 0.0 ], [ 29.806532857548028, -1.503284746191922, 0.0 ], [ 29.806438267453629, -1.503338734236067, 0.0 ], [ 29.806432011652564, -1.50326616615848, 0.0 ], [ 29.806410335410241, -1.503014721215451, 0.0 ], [ 29.806410038676759, -1.502914482067887, 0.0 ], [ 29.806324425587746, -1.502909468308496, 0.0 ], [ 29.806217856337273, -1.502895521246394, 0.0 ], [ 29.806233829722967, -1.502877774679864, 0.0 ], [ 29.806238621199483, -1.502872449714931, 0.0 ], [ 29.806287281063444, -1.502818383414392, 0.0 ], [ 29.806287281413635, -1.502518570500931, 0.0 ], [ 29.806183039658006, -1.502333252367592, 0.0 ], [ 29.806084274610644, -1.502189013865453, 0.0 ], [ 29.805958916432552, -1.502018884051688, 0.0 ], [ 29.806001745932821, -1.501704795534528, 0.0 ], [ 29.805973260148715, -1.501566435889945, 0.0 ], [ 29.805969925578669, -1.501550236015548, 0.0 ], [ 29.805901808542473, -1.50121938539403, 0.0 ], [ 29.805830425230209, -1.500791082870852, 0.0 ], [ 29.805844701021389, -1.500262841014441, 0.0 ], [ 29.80577331790322, -1.499934476429971, 0.0 ], [ 29.805787594030321, -1.499748878546142, 0.0 ], [ 29.805816148069621, -1.499591833565695, 0.0 ], [ 29.805816147888706, -1.499349128433394, 0.0 ], [ 29.805801871230656, -1.499234914309281, 0.0 ], [ 29.805644827662107, -1.499063593224695, 0.0 ], [ 29.8056308984767, -1.498993949448039, 0.0 ], [ 29.805629321045295, -1.498986064325344, 0.0 ], [ 29.805587720342039, -1.498778058262794, 0.0 ], [ 29.805659103070678, -1.498692397086244, 0.0 ], [ 29.805716210937266, -1.498492522686932, 0.0 ], [ 29.805844701325753, -1.498321201758555, 0.0 ], [ 29.805867002139294, -1.498153947704712, 0.0 ], [ 29.805919636472787, -1.498032841315838, 0.0 ], [ 29.806016023569786, -1.49787862244022, 0.0 ], [ 29.806087406573106, -1.497635917325762, 0.0 ], [ 29.80620162140729, -1.497193337415999, 0.0 ], [ 29.80614451363131, -1.496779311077085, 0.0 ], [ 29.806134552150045, -1.496679707797609, 0.0 ], [ 29.80613363717378, -1.49667055650608, 0.0 ], [ 29.806132454619071, -1.496658723500894, 0.0 ], [ 29.806116765334252, -1.496501820184743, 0.0 ], [ 29.806115959902844, -1.49649377504351, 0.0 ], [ 29.806090116221487, -1.496080278778062, 0.0 ], [ 29.806087405941593, -1.496036919274783, 0.0 ], [ 29.80603029946597, -1.495680000719648, 0.0 ], [ 29.806027309760307, -1.495666544068625, 0.0 ], [ 29.806024731498105, -1.495654944287007, 0.0 ], [ 29.805973192314326, -1.495423018299419, 0.0 ], [ 29.805916085005482, -1.495208866038637, 0.0 ], [ 29.805773317921307, -1.494951884135299, 0.0 ], [ 29.805630550525169, -1.494780563449275, 0.0 ], [ 29.805587720263148, -1.494666349494508, 0.0 ], [ 29.805561038421128, -1.494607648409563, 0.0 ], [ 29.805560544229678, -1.494606562122888, 0.0 ], [ 29.805516336566793, -1.494509305549827, 0.0 ], [ 29.8054306753601, -1.494380814675195, 0.0 ], [ 29.805387845113984, -1.494266600718476, 0.0 ], [ 29.805330738244479, -1.494109555329831, 0.0 ], [ 29.805359290933851, -1.493966788870367, 0.0 ], [ 29.8053735684414, -1.493866850392175, 0.0 ], [ 29.805330738562606, -1.493738359715923, 0.0 ], [ 29.8052165241517, -1.493595592286088, 0.0 ], [ 29.805227959187441, -1.493545278835814, 0.0 ], [ 29.80522878271853, -1.493541655688559, 0.0 ], [ 29.80523322942696, -1.493522090150679, 0.0 ], [ 29.805112057037551, -1.49353502923633, 0.0 ], [ 29.805107449343009, -1.493535521749658, 0.0 ], [ 29.805081027221306, -1.493538342175711, 0.0 ], [ 29.805036951428498, -1.493383035391951, 0.0 ], [ 29.80493115449794, -1.493136150402008, 0.0 ], [ 29.804929472471802, -1.493132226754283, 0.0 ], [ 29.804865228426856, -1.492982307776913, 0.0 ], [ 29.804599807111909, -1.492699427747612, 0.0 ], [ 29.804521759695554, -1.492440136194482, 0.0 ], [ 29.804441497649446, -1.492122519273923, 0.0 ], [ 29.804123284301745, -1.491409449856023, 0.0 ], [ 29.804121736226801, -1.491405049575669, 0.0 ], [ 29.804044384412233, -1.491238095029798, 0.0 ], [ 29.80391223995602, -1.490986309161373, 0.0 ], [ 29.803659389713097, -1.49078812906986, 0.0 ], [ 29.803598872358716, -1.490733604392101, 0.0 ], [ 29.80359737973404, -1.490732258438863, 0.0 ], [ 29.802969173578791, -1.490166251521223, 0.0 ], [ 29.802565978609838, -1.489687884101595, 0.0 ], [ 29.802538642046859, -1.48958537778804, 0.0 ], [ 29.802340462094641, -1.489243686447714, 0.0 ], [ 29.802258456709676, -1.489100176554382, 0.0 ], [ 29.802046607466743, -1.488245948449736, 0.0 ], [ 29.801923599149259, -1.487747079797758, 0.0 ], [ 29.801875762205643, -1.487555733093266, 0.0 ], [ 29.801834181568424, -1.487460129144325, 0.0 ], [ 29.801832288394685, -1.487455776767749, 0.0 ], [ 29.801371526272614, -1.485727917666662, 0.0 ], [ 29.801198740578311, -1.485123166158556, 0.0 ], [ 29.801060577068935, -1.484501430431984, 0.0 ], [ 29.801057926971914, -1.484489505040638, 0.0 ], [ 29.800968359094892, -1.484086450328752, 0.0 ], [ 29.800733218554086, -1.482976065841274, 0.0 ], [ 29.800726652738838, -1.482945058044065, 0.0 ], [ 29.800450001064437, -1.481638650511004, 0.0 ], [ 29.800104429081554, -1.480054779107622, 0.0 ], [ 29.799730060646795, -1.477837359831879, 0.0 ], [ 29.799499678711129, -1.476887037784067, 0.0 ], [ 29.800075632569364, -1.476714251716517, 0.0 ], [ 29.800231066721061, -1.47645065073485, 0.0 ], [ 29.801422143261078, -1.476697855221723, 0.0 ], [ 29.8014804262294, -1.476709951126544, 0.0 ], [ 29.801569513240661, -1.476728441534152, 0.0 ], [ 29.804833246901641, -1.476229282188693, 0.0 ], [ 29.807060266360608, -1.475730123457577, 0.0 ], [ 29.807182283341003, -1.475687058827525, 0.0 ], [ 29.807182967269512, -1.475686817399361, 0.0 ], [ 29.807623347995982, -1.475531388256998, 0.0 ], [ 29.807627356301857, -1.475529973143424, 0.0 ], [ 29.807701062395125, -1.475503959468458, 0.0 ], [ 29.807706227236025, -1.475534950855115, 0.0 ], [ 29.808035832430839, -1.475499647205672, 0.0 ], [ 29.808300593307056, -1.475451509182593, 0.0 ], [ 29.808302947927274, -1.475451081582437, 0.0 ], [ 29.808624749020971, -1.475392571722095, 0.0 ], [ 29.808967391222026, -1.475424693005642, 0.0 ], [ 29.809415190296839, -1.475472918876225, 0.0 ], [ 29.809416562593238, -1.475473066419679, 0.0 ], [ 29.809663383626571, -1.47549964772724, 0.0 ], [ 29.810701912192204, -1.475555407528858, 0.0 ], [ 29.810776649227194, -1.475559420635486, 0.0 ], [ 29.811258811948946, -1.47558530738374, 0.0 ], [ 29.812008342611161, -1.475510354435419, 0.0 ], [ 29.812886363389925, -1.475264080510775, 0.0 ], [ 29.813625186039751, -1.475253372724097, 0.0 ], [ 29.814246225430946, -1.475092759541026, 0.0 ], [ 29.814674528550587, -1.47491073076433, 0.0 ], [ 29.815177784420275, -1.475189127055933, 0.0 ] ] ] } },
{ "type": "Feature", "properties": { "sector": "Gahunga", "district": "Burera", "province": "North", "Area_m2_gis": 38050109.852681831, "Perimeter_m_gis": 34532.901626660554 }, "geometry": { "type": "Polygon", "coordinates": [ [ [ 29.687460671648374, -1.374532940442253, 0.0 ], [ 29.688441132040058, -1.377561637881027, 0.0 ], [ 29.688480112408822, -1.37768204765262, 0.0 ], [ 29.690469652654649, -1.383827845736554, 0.0 ], [ 29.690523634650926, -1.383994599250802, 0.0 ], [ 29.690767902934731, -1.384749158815208, 0.0 ], [ 29.692064525512258, -1.389200895501784, 0.0 ], [ 29.692074342543236, -1.389234599895368, 0.0 ], [ 29.693551156975513, -1.394304998400244, 0.0 ], [ 29.694408495241412, -1.397248525278804, 0.0 ], [ 29.694330643271229, -1.397487642205312, 0.0 ], [ 29.694321485906972, -1.397515767330334, 0.0 ], [ 29.693289565276078, -1.400685237177103, 0.0 ], [ 29.692979470458916, -1.401637672638713, 0.0 ], [ 29.692977943925037, -1.401642360157265, 0.0 ], [ 29.692790152309417, -1.40221914831456, 0.0 ], [ 29.692785381213103, -1.402233803253124, 0.0 ], [ 29.692450033280807, -1.403263801905114, 0.0 ], [ 29.692097664691282, -1.404346078505582, 0.0 ], [ 29.691010608975393, -1.407684890599465, 0.0 ], [ 29.690192894253379, -1.408993776375511, 0.0 ], [ 29.689706933519247, -1.409641724346031, 0.0 ], [ 29.689705590978651, -1.409648056158075, 0.0 ], [ 29.690621175413064, -1.409963774445025, 0.0 ], [ 29.69052224422849, -1.409985374644138, 0.0 ], [ 29.690634046895006, -1.410147996360718, 0.0 ], [ 29.690728908916849, -1.410351272249672, 0.0 ], [ 29.690762788623896, -1.410568101175542, 0.0 ], [ 29.690756012355585, -1.410727334373352, 0.0 ], [ 29.690884754501436, -1.411042413672597, 0.0 ], [ 29.690911858277452, -1.411218586158731, 0.0 ], [ 29.690867815376027, -1.411404923189266, 0.0 ], [ 29.690854263700668, -1.411689510123056, 0.0 ], [ 29.690806832428866, -1.411994425263358, 0.0 ], [ 29.690806832524938, -1.412190926864297, 0.0 ], [ 29.690796252013232, -1.412283497714447, 0.0 ], [ 29.690792702681382, -1.412314563888811, 0.0 ], [ 29.690766176716, -1.412546660741282, 0.0 ], [ 29.690739073069636, -1.41263474606267, 0.0 ], [ 29.690756012501556, -1.41282785918019, 0.0 ], [ 29.690745849188151, -1.413142938887937, 0.0 ], [ 29.690739073371883, -1.41344785312961, 0.0 ], [ 29.690783116463258, -1.41355965519291, 0.0 ], [ 29.690810220230411, -1.413769707142322, 0.0 ], [ 29.690810220257202, -1.413851018210796, 0.0 ], [ 29.690857651322553, -1.41397637287503, 0.0 ], [ 29.690823771296451, -1.414128829075393, 0.0 ], [ 29.690837323176282, -1.414223692297447, 0.0 ], [ 29.690935573709993, -1.414403253313935, 0.0 ], [ 29.690915246426268, -1.414548934353549, 0.0 ], [ 29.690905082566413, -1.414650573183774, 0.0 ], [ 29.690894918714207, -1.414786090570336, 0.0 ], [ 29.690911119137045, -1.414818492537519, 0.0 ], [ 29.690950316579585, -1.414896886611223, 0.0 ], [ 29.690955901197785, -1.414908056303653, 0.0 ], [ 29.691013496160426, -1.414992755893459, 0.0 ], [ 29.691125298088924, -1.415033410130291, 0.0 ], [ 29.691247263922865, -1.41509439303936, 0.0 ], [ 29.691287510973567, -1.415152751165744, 0.0 ], [ 29.691365549633794, -1.415217319723231, 0.0 ], [ 29.691460705752554, -1.415263790893166, 0.0 ], [ 29.691535239246182, -1.415406084845547, 0.0 ], [ 29.691596222171679, -1.415423024146051, 0.0 ], [ 29.691643075426661, -1.415494170143086, 0.0 ], [ 29.691687697747639, -1.415561929613388, 0.0 ], [ 29.691708025131206, -1.415639852656873, 0.0 ], [ 29.691724964576011, -1.415765206857839, 0.0 ], [ 29.691813051270934, -1.41584312901715, 0.0 ], [ 29.691903682382534, -1.415891619188109, 0.0 ], [ 29.691989342413809, -1.416223554243812, 0.0 ], [ 29.692107125889454, -1.416448413179434, 0.0 ], [ 29.69218207953412, -1.416587612184667, 0.0 ], [ 29.692406938334159, -1.416619735424525, 0.0 ], [ 29.692342692516593, -1.41681247141456, 0.0 ], [ 29.692696042108391, -1.417058745507979, 0.0 ], [ 29.692653212394308, -1.417476340228122, 0.0 ], [ 29.69293160892612, -1.417722615153675, 0.0 ], [ 29.69281382599651, -1.417840398388469, 0.0 ], [ 29.693038685629226, -1.418215163758255, 0.0 ], [ 29.693284959353321, -1.418482853359441, 0.0 ], [ 29.693359912234527, -1.418697004311153, 0.0 ], [ 29.693723970056205, -1.418900448127584, 0.0 ], [ 29.693968378652656, -1.419035542714447, 0.0 ], [ 29.694175308340704, -1.419273807352, 0.0 ], [ 29.694296509348824, -1.419556610647391, 0.0 ], [ 29.694377310748411, -1.419799013501811, 0.0 ], [ 29.694439727403491, -1.419923846476333, 0.0 ], [ 29.694444010221407, -1.41993241210615, 0.0 ], [ 29.694601991695205, -1.419949790247839, 0.0 ], [ 29.694655528048251, -1.420099696773489, 0.0 ], [ 29.69477331249384, -1.420217480651251, 0.0 ], [ 29.695025975897799, -1.420507576728456, 0.0 ], [ 29.695037099716856, -1.420520346205775, 0.0 ], [ 29.695062416737972, -1.420549414698494, 0.0 ], [ 29.695362228325312, -1.420774273319738, 0.0 ], [ 29.69544788898763, -1.420913472802492, 0.0 ], [ 29.69581194726231, -1.421138331765721, 0.0 ], [ 29.695822654081862, -1.421480973618676, 0.0 ], [ 29.696261664958602, -1.421416728684193, 0.0 ], [ 29.696497230873106, -1.421491681075524, 0.0 ], [ 29.696664518218142, -1.421453786288791, 0.0 ], [ 29.696683384913754, -1.421446307241607, 0.0 ], [ 29.696687285723833, -1.421421088307828, 0.0 ], [ 29.696942602558639, -1.421675325300893, 0.0 ], [ 29.697146046709495, -1.421921600865796, 0.0 ], [ 29.697167461076866, -1.422017968330231, 0.0 ], [ 29.697477981175716, -1.422446271467005, 0.0 ], [ 29.697638594328893, -1.42293881901723, 0.0 ], [ 29.697595763911256, -1.423227924473943, 0.0 ], [ 29.697756377726297, -1.423474198895625, 0.0 ], [ 29.697871876609437, -1.423699954627319, 0.0 ], [ 29.697858828185968, -1.42393281136378, 0.0 ], [ 29.697853942456646, -1.424019998896326, 0.0 ], [ 29.697839631155283, -1.424275386011003, 0.0 ], [ 29.69764570908567, -1.424490855400152, 0.0 ], [ 29.69751642699179, -1.425018755483055, 0.0 ], [ 29.697571386735682, -1.425288458196014, 0.0 ], [ 29.697445858311035, -1.425444392666127, 0.0 ], [ 29.697370905239982, -1.425647836897336, 0.0 ], [ 29.69736019757902, -1.426129676750386, 0.0 ], [ 29.697317367300929, -1.426258167815684, 0.0 ], [ 29.6973280746951, -1.426686470268267, 0.0 ], [ 29.697332907250896, -1.426758963711394, 0.0 ], [ 29.69733878201783, -1.426847084234516, 0.0 ], [ 29.697681424459578, -1.426932744013388, 0.0 ], [ 29.697884868448305, -1.427211141766917, 0.0 ], [ 29.698323878996323, -1.427682275488085, 0.0 ], [ 29.698313171575695, -1.427832181664728, 0.0 ], [ 29.69854873826181, -1.428099870520574, 0.0 ], [ 29.698752182196177, -1.428538881710311, 0.0 ], [ 29.698934211123436, -1.428817278407397, 0.0 ], [ 29.699084117705777, -1.42906355232952, 0.0 ], [ 29.699169777337939, -1.429234873025043, 0.0 ], [ 29.699351806312432, -1.429416902345399, 0.0 ], [ 29.699523127303458, -1.42968459173539, 0.0 ], [ 29.699769401580269, -1.429823790610616, 0.0 ], [ 29.699983553227785, -1.429995111013866, 0.0 ], [ 29.700176289582593, -1.430166432206387, 0.0 ], [ 29.700583176980476, -1.430584027563085, 0.0 ], [ 29.700690253749897, -1.430915962735679, 0.0 ], [ 29.700604707032475, -1.431411171397685, 0.0 ], [ 29.700611714535466, -1.431406834615183, 0.0 ], [ 29.700699382082647, -1.431473371445903, 0.0 ], [ 29.700797329424901, -1.431547709530587, 0.0 ], [ 29.700957941875018, -1.431644077187731, 0.0 ], [ 29.701182800903986, -1.431590539307172, 0.0 ], [ 29.701311292422712, -1.431740445690962, 0.0 ], [ 29.701536151579017, -1.431783276061824, 0.0 ], [ 29.701429076622514, -1.431922474635171, 0.0 ], [ 29.701568274610032, -1.432040258446678, 0.0 ], [ 29.701878794222466, -1.432104503630094, 0.0 ], [ 29.702061481544266, -1.432355481232276, 0.0 ], [ 29.702158442585773, -1.432420122623724, 0.0 ], [ 29.702336203944572, -1.432444363203126, 0.0 ], [ 29.702441246648899, -1.43256556401621, 0.0 ], [ 29.702522047255819, -1.432711006131554, 0.0 ], [ 29.702602848053296, -1.432896848765427, 0.0 ], [ 29.702651328260153, -1.433074610510143, 0.0 ], [ 29.702675569484171, -1.433252372706654, 0.0 ], [ 29.702631672578896, -1.433359675396574, 0.0 ], [ 29.702638623939819, -1.433477090059794, 0.0 ], [ 29.702732129346025, -1.433599816061971, 0.0 ], [ 29.702796770459567, -1.433672537120483, 0.0 ], [ 29.702853183106765, -1.433774885719083, 0.0 ], [ 29.702853183547763, -1.433924791555047, 0.0 ], [ 29.703174410593228, -1.434181772808011, 0.0 ], [ 29.703174410214302, -1.434310263269363, 0.0 ], [ 29.703324316748652, -1.434674321653968, 0.0 ], [ 29.703067334617462, -1.435081209234796, 0.0 ], [ 29.703377854745124, -1.435284653363235, 0.0 ], [ 29.703645543586273, -1.435059794242057, 0.0 ], [ 29.703859695117789, -1.435552342415071, 0.0 ], [ 29.703752619449006, -1.435905692164609, 0.0 ], [ 29.703966771402754, -1.436109136339126, 0.0 ], [ 29.703752619538495, -1.436344702010563, 0.0 ], [ 29.70392394044195, -1.436494609395869, 0.0 ], [ 29.704159507305487, -1.43656956227008, 0.0 ], [ 29.704223752075446, -1.436922912650356, 0.0 ], [ 29.70436295115924, -1.437126355186359, 0.0 ], [ 29.704437903908204, -1.437554658080989, 0.0 ], [ 29.704401067328636, -1.437651938693307, 0.0 ], [ 29.704379122340871, -1.437709892484264, 0.0 ], [ 29.704745420729676, -1.437796079246794, 0.0 ], [ 29.705348733599699, -1.438205471124824, 0.0 ], [ 29.705948908540361, -1.438502474679093, 0.0 ], [ 29.706609228301534, -1.43872259744279, 0.0 ], [ 29.707255636279431, -1.439002707189643, 0.0 ], [ 29.70762374099327, -1.439395549486588, 0.0 ], [ 29.708122697622329, -1.439730414858228, 0.0 ], [ 29.708154333681907, -1.439751646196216, 0.0 ], [ 29.708171369484575, -1.439768796618219, 0.0 ], [ 29.708072437088635, -1.439789491082102, 0.0 ], [ 29.708057919515444, -1.439806556039334, 0.0 ], [ 29.7080441136535, -1.439845121492454, 0.0 ], [ 29.708039536871386, -1.439857905195746, 0.0 ], [ 29.707759089651667, -1.440185094474804, 0.0 ], [ 29.707258122998812, -1.440847662211102, 0.0 ], [ 29.706991480713896, -1.441380948393463, 0.0 ], [ 29.706740997600122, -1.441954635333463, 0.0 ], [ 29.706514755464536, -1.442673764196943, 0.0 ], [ 29.706353496042194, -1.443038680270808, 0.0 ], [ 29.706262925612009, -1.443312091333727, 0.0 ], [ 29.706155190056261, -1.443581428357149, 0.0 ], [ 29.706155497420816, -1.443581294539678, 0.0 ], [ 29.706155721242251, -1.443580897518663, 0.0 ], [ 29.706500472017463, -1.443430068694954, 0.0 ], [ 29.706866769904458, -1.443268466174135, 0.0 ], [ 29.707179200723914, -1.44323614663078, 0.0 ], [ 29.707426989989383, -1.443279240120305, 0.0 ], [ 29.707642459574913, -1.443376201606713, 0.0 ], [ 29.707922569090172, -1.443516256351133, 0.0 ], [ 29.708181132394817, -1.443667084716004, 0.0 ], [ 29.70840737510121, -1.443893327623857, 0.0 ], [ 29.708719805279323, -1.444205758713853, 0.0 ], [ 29.708827539866451, -1.444281172349932, 0.0 ], [ 29.708989142715808, -1.444259625842594, 0.0 ], [ 29.709129197208711, -1.444399680513587, 0.0 ], [ 29.709387760584015, -1.444615149277955, 0.0 ], [ 29.709635549417154, -1.444776751660777, 0.0 ], [ 29.709915659614424, -1.44497067390672, 0.0 ], [ 29.710378918408995, -1.444959900875616, 0.0 ], [ 29.710745216415514, -1.444798298626575, 0.0 ], [ 29.710960685164697, -1.444755204206411, 0.0 ], [ 29.711100740444962, -1.444755204041564, 0.0 ], [ 29.711348530146687, -1.444690563563153, 0.0 ], [ 29.711628640374478, -1.444572055865776, 0.0 ], [ 29.711962616876658, -1.44442122750432, 0.0 ], [ 29.712372008520706, -1.444313492721294, 0.0 ], [ 29.712597825900879, -1.44423137726627, 0.0 ], [ 29.712727533429828, -1.44418421170269, 0.0 ], [ 29.713190791743958, -1.444054929829215, 0.0 ], [ 29.713427808464314, -1.443936421828659, 0.0 ], [ 29.713546316141883, -1.443893327496422, 0.0 ], [ 29.71388029337762, -1.4438717807661, 0.0 ], [ 29.714214270159577, -1.443817913720042, 0.0 ], [ 29.714375872109773, -1.44381791335247, 0.0 ], [ 29.714612888385314, -1.443861007445452, 0.0 ], [ 29.714903771863682, -1.443936421344795, 0.0 ], [ 29.715108467667299, -1.443947194661506, 0.0 ], [ 29.715254188985018, -1.443940979611842, 0.0 ], [ 29.71563212195624, -1.443828769562797, 0.0 ], [ 29.715656215487776, -1.443821616642377, 0.0 ], [ 29.71566868689429, -1.443817913613501, 0.0 ], [ 29.715630372965492, -1.443953035282581, 0.0 ], [ 29.715534005089495, -1.444242140096237, 0.0 ], [ 29.715737448933076, -1.444434876274646, 0.0 ], [ 29.715908770614863, -1.444445583825385, 0.0 ], [ 29.716412025977899, -1.444392046163436, 0.0 ], [ 29.716572640561413, -1.444723980635071, 0.0 ], [ 29.716690423721062, -1.445045208358801, 0.0 ], [ 29.716689745203066, -1.44504533851344, 0.0 ], [ 29.716689892536607, -1.445045739200192, 0.0 ], [ 29.716412026365735, -1.445099175886819, 0.0 ], [ 29.716412026387008, -1.445323605278973, 0.0 ], [ 29.716390611319252, -1.445559171099482, 0.0 ], [ 29.716519102644899, -1.445623417168811, 0.0 ], [ 29.716390611352978, -1.445826861807908, 0.0 ], [ 29.716561932570723, -1.446008889830172, 0.0 ], [ 29.716594055564158, -1.446351532152518, 0.0 ], [ 29.716615470684513, -1.446629929638091, 0.0 ], [ 29.71659405524532, -1.44691903305891, 0.0 ], [ 29.716829622220203, -1.446876203816154, 0.0 ], [ 29.716958112617725, -1.447347336186762, 0.0 ], [ 29.716722546521559, -1.447657856145524, 0.0 ], [ 29.717065188712944, -1.447968376398538, 0.0 ], [ 29.717000943479139, -1.44820394227439, 0.0 ], [ 29.71717226442593, -1.448375263494672, 0.0 ], [ 29.717364999902092, -1.448482339377497, 0.0 ], [ 29.717204386965953, -1.448685783626784, 0.0 ], [ 29.717268632174498, -1.448899934865016, 0.0 ], [ 29.717289518610929, -1.448956109731972, 0.0 ], [ 29.717290019906816, -1.448957459223948, 0.0 ], [ 29.717310668743053, -1.4489729585439, 0.0 ], [ 29.717315859931826, -1.448976855536356, 0.0 ], [ 29.717330905008652, -1.448989079164281, 0.0 ], [ 29.717341363686909, -1.448997576815401, 0.0 ], [ 29.717354114435622, -1.44900979563295, 0.0 ], [ 29.717355708759108, -1.44900926402059, 0.0 ], [ 29.717372622733084, -1.449024366725192, 0.0 ], [ 29.717376971268916, -1.449025776393372, 0.0 ], [ 29.717749942482726, -1.44914674089299, 0.0 ], [ 29.7178356148776, -1.449318085713588, 0.0 ], [ 29.71785701792896, -1.449360891165639, 0.0 ], [ 29.718189146411476, -1.449420644108664, 0.0 ], [ 29.718510180597136, -1.449714241200192, 0.0 ], [ 29.718917068058243, -1.449799902130135, 0.0 ], [ 29.719163342561444, -1.449885562848574, 0.0 ], [ 29.719291833142734, -1.449885562602815, 0.0 ], [ 29.719366786169356, -1.450035468037557, 0.0 ], [ 29.719377493151637, -1.450238912113029, 0.0 ], [ 29.719313248148755, -1.450517309800808, 0.0 ], [ 29.719655890401818, -1.450570847641234, 0.0 ], [ 29.719773673992776, -1.450988443757649, 0.0 ], [ 29.719752258320238, -1.451427453304912, 0.0 ], [ 29.719862741668912, -1.451708681088015, 0.0 ], [ 29.719868345088098, -1.451729415243035, 0.0 ], [ 29.719709428131427, -1.451930709109782, 0.0 ], [ 29.719291833323283, -1.452005662448594, 0.0 ], [ 29.719099095868071, -1.452166276509179, 0.0 ], [ 29.719131219423847, -1.452433965855288, 0.0 ], [ 29.719131219363927, -1.45259457958514, 0.0 ], [ 29.718959898137914, -1.452872976503712, 0.0 ], [ 29.718981313556654, -1.453194203020398, 0.0 ], [ 29.718809992586436, -1.453419062307103, 0.0 ], [ 29.718617255729292, -1.453515430082218, 0.0 ], [ 29.718542302117097, -1.453740289659944, 0.0 ], [ 29.718542302352922, -1.454297083827541, 0.0 ], [ 29.718435227713698, -1.45437203606005, 0.0 ], [ 29.718156830595539, -1.45468255609492, 0.0 ], [ 29.718188953001267, -1.454886000129171, 0.0 ], [ 29.718103292735481, -1.455057321628414, 0.0 ], [ 29.717803480019139, -1.455453501411869, 0.0 ], [ 29.717614434297765, -1.455806199526017, 0.0 ], [ 29.717589059191781, -1.455791054143203, 0.0 ], [ 29.717396591896033, -1.456181616300574, 0.0 ], [ 29.717396591974193, -1.456577796701065, 0.0 ], [ 29.717246685905021, -1.456963269467407, 0.0 ], [ 29.717096780746896, -1.457016807122254, 0.0 ], [ 29.716978997601103, -1.456620627227736, 0.0 ], [ 29.716679185064855, -1.456716995701138, 0.0 ], [ 29.716507863509857, -1.456877609413906, 0.0 ], [ 29.716518571636112, -1.4572416662294, 0.0 ], [ 29.716529278269636, -1.457445110262027, 0.0 ], [ 29.71632583565059, -1.457851998775423, 0.0 ], [ 29.716189559342322, -1.458132015102056, 0.0 ], [ 29.716079559999361, -1.458408792320855, 0.0 ], [ 29.71612239135413, -1.458601528203107, 0.0 ], [ 29.71609026849438, -1.458826387617224, 0.0 ], [ 29.715705562339945, -1.458944764678323, 0.0 ], [ 29.715689784709763, -1.458954669034679, 0.0 ], [ 29.715628719704601, -1.458857393869072, 0.0 ], [ 29.7154634616771, -1.458750461374296, 0.0 ], [ 29.715269538505154, -1.458578085166022, 0.0 ], [ 29.715086390090502, -1.458459577123013, 0.0 ], [ 29.714989428336899, -1.458653500819372, 0.0 ], [ 29.714903241319796, -1.458858195081813, 0.0 ], [ 29.71456926317752, -1.459375322789914, 0.0 ], [ 29.714450755370152, -1.459590791136906, 0.0 ], [ 29.714343021072512, -1.459698525441163, 0.0 ], [ 29.714138325319361, -1.459612338437402, 0.0 ], [ 29.713922856522888, -1.459601564279898, 0.0 ], [ 29.713675066522285, -1.459633885368487, 0.0 ], [ 29.71338418355425, -1.459795487361381, 0.0 ], [ 29.713222581075275, -1.459989409881486, 0.0 ], [ 29.713060979357596, -1.460247972898352, 0.0 ], [ 29.71285628371643, -1.460366480132233, 0.0 ], [ 29.712770095493237, -1.460344933369021, 0.0 ], [ 29.712705454971456, -1.460344933196645, 0.0 ], [ 29.712533079276884, -1.460614270300657, 0.0 ], [ 29.712360704656842, -1.460775871089246, 0.0 ], [ 29.712145234997024, -1.460926700724793, 0.0 ], [ 29.712077553921219, -1.460964301433032, 0.0 ], [ 29.71206482675824, -1.46097137253255, 0.0 ], [ 29.711951312253571, -1.461034435522655, 0.0 ], [ 29.711746617494576, -1.461109849560515, 0.0 ], [ 29.711552694350988, -1.461185263159659, 0.0 ], [ 29.711358772095867, -1.461260677643879, 0.0 ], [ 29.711164850195324, -1.461368412360005, 0.0 ], [ 29.710992474169668, -1.461497693664342, 0.0 ], [ 29.71080932613539, -1.461756256365381, 0.0 ], [ 29.71059816636825, -1.461851063397613, 0.0 ], [ 29.71060463001325, -1.461960952180026, 0.0 ], [ 29.710179687102769, -1.461856631101728, 0.0 ], [ 29.710019073046244, -1.461621064502172, 0.0 ], [ 29.70979421422426, -1.461439035246633, 0.0 ], [ 29.709269543202215, -1.461289129824753, 0.0 ], [ 29.708991146478443, -1.461364082670594, 0.0 ], [ 29.708905485060921, -1.461599649773472, 0.0 ], [ 29.709258834948944, -1.461781678666074, 0.0 ], [ 29.709430156993243, -1.462092197835626, 0.0 ], [ 29.709301665964418, -1.462370594668774, 0.0 ], [ 29.709408741029549, -1.462541915419849, 0.0 ], [ 29.70932308101408, -1.462801282030972, 0.0 ], [ 29.709247174534028, -1.462801282084821, 0.0 ], [ 29.708945517562654, -1.462941337225879, 0.0 ], [ 29.708719274649525, -1.463059845694932, 0.0 ], [ 29.708503805722984, -1.463146033492687, 0.0 ], [ 29.708245242658986, -1.463221447338258, 0.0 ], [ 29.708049522658136, -1.463221447041773, 0.0 ], [ 29.707909521956235, -1.463221756112412, 0.0 ], [ 29.707824020299018, -1.463387814059275, 0.0 ], [ 29.707663406864061, -1.46353772057098, 0.0 ], [ 29.707866850924454, -1.463837532743199, 0.0 ], [ 29.708209493715696, -1.464126636456223, 0.0 ], [ 29.708327276388278, -1.464619185780325, 0.0 ], [ 29.708252322887684, -1.464886874575063, 0.0 ], [ 29.708177370709318, -1.465283055656259, 0.0 ], [ 29.708305861597548, -1.46566852767072, 0.0 ], [ 29.708370107165109, -1.466214614774005, 0.0 ], [ 29.708477182350975, -1.46662150117618, 0.0 ], [ 29.708691334455889, -1.466824945523594, 0.0 ], [ 29.708734163949163, -1.467242541150594, 0.0 ], [ 29.70838081442723, -1.467510230523364, 0.0 ], [ 29.707856143205777, -1.467574475609449, 0.0 ], [ 29.707781190116989, -1.46802419418337, 0.0 ], [ 29.708102417395061, -1.468516742239239, 0.0 ], [ 29.708102416979369, -1.468741601030303, 0.0 ], [ 29.708100275751811, -1.468745885091388, 0.0 ], [ 29.707963219203972, -1.469019998061946, 0.0 ], [ 29.707877558392607, -1.469191319790989, 0.0 ], [ 29.708027464517315, -1.469705283329104, 0.0 ], [ 29.707984634203704, -1.469876604360015, 0.0 ], [ 29.70785614287119, -1.47014429327479, 0.0 ], [ 29.707834728653559, -1.470326322094546, 0.0 ], [ 29.707545623416607, -1.470486936437717, 0.0 ], [ 29.707489459977062, -1.470521258037207, 0.0 ], [ 29.706733328746104, -1.470225061072237, 0.0 ], [ 29.706128420199509, -1.469788460255588, 0.0 ], [ 29.706128328542071, -1.469788394219181, 0.0 ], [ 29.705421025479321, -1.469229831080784, 0.0 ], [ 29.705383328575067, -1.469200061799713, 0.0 ], [ 29.705293328634397, -1.469241728348951, 0.0 ], [ 29.704899604018774, -1.469304223638652, 0.0 ], [ 29.704873328569882, -1.469308394145491, 0.0 ], [ 29.704723328096104, -1.46917672816436, 0.0 ], [ 29.70457254070061, -1.468871644388378, 0.0 ], [ 29.704436662177446, -1.468596728442664, 0.0 ], [ 29.704427901025475, -1.468581973116885, 0.0 ], [ 29.704408304362541, -1.468506034475466, 0.0 ], [ 29.704360521652166, -1.468468490162266, 0.0 ], [ 29.704300208057393, -1.468421101139844, 0.0 ], [ 29.704158946074433, -1.468367851408762, 0.0 ], [ 29.704023328467855, -1.468316728764688, 0.0 ], [ 29.703644994887124, -1.467970061866455, 0.0 ], [ 29.703543328034151, -1.467945061292896, 0.0 ], [ 29.703436662672512, -1.467913394312164, 0.0 ], [ 29.70333999569548, -1.467898394810173, 0.0 ], [ 29.703251662595648, -1.467853394274723, 0.0 ], [ 29.703173328479309, -1.467800061545529, 0.0 ], [ 29.703078328392333, -1.467800061518136, 0.0 ], [ 29.702896403525031, -1.467277837869788, 0.0 ], [ 29.702666662051875, -1.466145061726176, 0.0 ], [ 29.70236403212084, -1.465896204828783, 0.0 ], [ 29.70226332832101, -1.465813394242421, 0.0 ], [ 29.702293316714119, -1.465267623759409, 0.0 ], [ 29.702078328210025, -1.464578394150333, 0.0 ], [ 29.70203499529504, -1.464361728441777, 0.0 ], [ 29.702278328307845, -1.46406339469682, 0.0 ], [ 29.702153328644545, -1.46332672830738, 0.0 ], [ 29.702054994973061, -1.463051728711091, 0.0 ], [ 29.702081662205899, -1.462788394121403, 0.0 ], [ 29.701764995124829, -1.462425061086203, 0.0 ], [ 29.70175538746415, -1.462369336244847, 0.0 ], [ 29.701705283342196, -1.462320274437542, 0.0 ], [ 29.701589057012015, -1.462174188849672, 0.0 ], [ 29.700984426101659, -1.462094486283251, 0.0 ], [ 29.700915889203692, -1.462085452578705, 0.0 ], [ 29.700836276052748, -1.462042328078182, 0.0 ], [ 29.700671361503307, -1.461952999588248, 0.0 ], [ 29.700596408743095, -1.46172814082955, 0.0 ], [ 29.700307303051954, -1.461621064078728, 0.0 ], [ 29.699879000656722, -1.461471158652943, 0.0 ], [ 29.699889708007149, -1.461406913087712, 0.0 ], [ 29.699568480549797, -1.461139223022367, 0.0 ], [ 29.699150884868683, -1.460850119050526, 0.0 ], [ 29.698797535631467, -1.460443231040378, 0.0 ], [ 29.698561968068514, -1.46025049444804, 0.0 ], [ 29.698293343330405, -1.459775235722261, 0.0 ], [ 29.698283571566257, -1.459757946005235, 0.0 ], [ 29.698307877628928, -1.459748944667867, 0.0 ], [ 29.697962344238029, -1.459351058644805, 0.0 ], [ 29.697009369875349, -1.458580113233239, 0.0 ], [ 29.697041493559748, -1.458483745743747, 0.0 ], [ 29.696666728254772, -1.458173225578525, 0.0 ], [ 29.696056395995107, -1.457723507011538, 0.0 ], [ 29.695660216121162, -1.458130395639852, 0.0 ], [ 29.695595970456488, -1.458269593063462, 0.0 ], [ 29.695093781678011, -1.45805054680399, 0.0 ], [ 29.694997658317579, -1.458400708898457, 0.0 ], [ 29.694889875150849, -1.458619443239089, 0.0 ], [ 29.694866155878891, -1.458682229020553, 0.0 ], [ 29.694835240145313, -1.458730320268689, 0.0 ], [ 29.694575273411381, -1.459134714668459, 0.0 ], [ 29.694405864284111, -1.45939758903071, 0.0 ], [ 29.694262842350334, -1.459619520219923, 0.0 ], [ 29.694180718070889, -1.459759435062981, 0.0 ], [ 29.693916662163616, -1.459578394028731, 0.0 ], [ 29.693767018342566, -1.459510561254399, 0.0 ], [ 29.693507930586463, -1.459454395228145, 0.0 ], [ 29.693487890570847, -1.459450051163332, 0.0 ], [ 29.693282968686571, -1.459443220752819, 0.0 ], [ 29.693246343975673, -1.459441999253798, 0.0 ], [ 29.693166662717928, -1.459439343731903, 0.0 ], [ 29.692684822349239, -1.459396513760805, 0.0 ], [ 29.692513500238299, -1.459364390687367, 0.0 ], [ 29.692427840031755, -1.4591502380414, 0.0 ], [ 29.692424347737006, -1.459143755432804, 0.0 ], [ 29.692364456725663, -1.459032588689372, 0.0 ], [ 29.692323974665495, -1.459026360565532, 0.0 ], [ 29.692224396545598, -1.459011040102522, 0.0 ], [ 29.692074489875736, -1.459085993091272, 0.0 ], [ 29.692046264346793, -1.459017994241344, 0.0 ], [ 29.692019975146493, -1.459025123041261, 0.0 ], [ 29.691983328259809, -1.459035061416287, 0.0 ], [ 29.691909995104069, -1.459093394080988, 0.0 ], [ 29.691818328003126, -1.459105061396942, 0.0 ], [ 29.691743328014127, -1.459161728749348, 0.0 ], [ 29.691653328164836, -1.459191728399545, 0.0 ], [ 29.691553328022383, -1.459213394052276, 0.0 ], [ 29.691539139210889, -1.459295695307923, 0.0 ], [ 29.691536662284772, -1.459310061104677, 0.0 ], [ 29.691501662106809, -1.459396728841544, 0.0 ], [ 29.691498107088421, -1.459408701338905, 0.0 ], [ 29.691469995106445, -1.459503394224452, 0.0 ], [ 29.691376662465107, -1.459543394706492, 0.0 ], [ 29.69129332833646, -1.45957839410271, 0.0 ], [ 29.691204994935976, -1.459553394009185, 0.0 ], [ 29.69112166236437, -1.459596728725129, 0.0 ], [ 29.691033328090345, -1.459558394454115, 0.0 ], [ 29.690941662759052, -1.459576728362486, 0.0 ], [ 29.690878328487525, -1.459653394476694, 0.0 ], [ 29.690796662746973, -1.45969172875578, 0.0 ], [ 29.690701662415034, -1.459703394653866, 0.0 ], [ 29.690611662500146, -1.459753394153186, 0.0 ], [ 29.690521662241302, -1.459746728625239, 0.0 ], [ 29.69042999490344, -1.459753394319615, 0.0 ], [ 29.690394995561764, -1.459846728661172, 0.0 ], [ 29.69032166253298, -1.459923394272856, 0.0 ], [ 29.690292903432017, -1.459932796470719, 0.0 ], [ 29.690267273332871, -1.459937149609225, 0.0 ], [ 29.69026352151662, -1.459942402080988, 0.0 ], [ 29.690245255906035, -1.459967972610875, 0.0 ], [ 29.690211252260578, -1.460015577657084, 0.0 ], [ 29.690205052864641, -1.460024256715293, 0.0 ], [ 29.690125711018592, -1.460135335454271, 0.0 ], [ 29.690111610122372, -1.46015269062046, 0.0 ], [ 29.690089995715702, -1.460206728859981, 0.0 ], [ 29.69003226651078, -1.460250345644676, 0.0 ], [ 29.689986513195723, -1.460306657010324, 0.0 ], [ 29.68986224873332, -1.460353519637001, 0.0 ], [ 29.68985666208717, -1.460356728721435, 0.0 ], [ 29.689855005882166, -1.460356250042339, 0.0 ], [ 29.689769995740765, -1.460331728799677, 0.0 ], [ 29.689684995127102, -1.46029672870569, 0.0 ], [ 29.689586662477168, -1.46030172835892, 0.0 ], [ 29.689479995027867, -1.460296728257609, 0.0 ], [ 29.689388328522444, -1.46032339470466, 0.0 ], [ 29.689338576406641, -1.460344443164858, 0.0 ], [ 29.689301662705152, -1.460360061338871, 0.0 ], [ 29.689198327975149, -1.460371728719386, 0.0 ], [ 29.689103328695545, -1.460401728457834, 0.0 ], [ 29.689016661991708, -1.460431728447332, 0.0 ], [ 29.688913328756019, -1.460471728320691, 0.0 ], [ 29.688849995084151, -1.460543394609008, 0.0 ], [ 29.688811528665919, -1.460570547792711, 0.0 ], [ 29.688764994895401, -1.460603394209431, 0.0 ], [ 29.688684099666144, -1.460606184892182, 0.0 ], [ 29.688678450525373, -1.460606379463933, 0.0 ], [ 29.688676109124422, -1.46060228202166, 0.0 ], [ 29.688506502943635, -1.460600524561277, 0.0 ], [ 29.688185859019654, -1.460682741401355, 0.0 ], [ 29.688181692092606, -1.460687370650779, 0.0 ], [ 29.687903295412209, -1.460826569479073, 0.0 ], [ 29.687678436140459, -1.460944352271731, 0.0 ], [ 29.687453577693322, -1.461030013832713, 0.0 ], [ 29.687239424863847, -1.461072843470755, 0.0 ], [ 29.68704077020714, -1.460976353442679, 0.0 ], [ 29.686839792651512, -1.46102788650989, 0.0 ], [ 29.686443774367216, -1.461240039783323, 0.0 ], [ 29.686039896461349, -1.461456402034409, 0.0 ], [ 29.685643180619479, -1.461668929472561, 0.0 ], [ 29.684745720074293, -1.460643261699989, 0.0 ], [ 29.68435934632662, -1.460192491100351, 0.0 ], [ 29.68430155524824, -1.460125068673902, 0.0 ], [ 29.684401918236812, -1.459969963213534, 0.0 ], [ 29.684276995950995, -1.459952117240085, 0.0 ], [ 29.683752324872994, -1.459684427336101, 0.0 ], [ 29.683259776980059, -1.459663012796504, 0.0 ], [ 29.682842181537158, -1.459502399176945, 0.0 ], [ 29.682822592737818, -1.459472125691689, 0.0 ], [ 29.682606614621164, -1.459138341268808, 0.0 ], [ 29.681987894418075, -1.458723136175665, 0.0 ], [ 29.681886107698766, -1.458680967558647, 0.0 ], [ 29.681585826614807, -1.458556563421882, 0.0 ], [ 29.681460755509985, -1.458281408637801, 0.0 ], [ 29.681425212016091, -1.458203213835255, 0.0 ], [ 29.681221768594757, -1.458064015059688, 0.0 ], [ 29.680975494078545, -1.457956939489402, 0.0 ], [ 29.680729220231701, -1.457807033239995, 0.0 ], [ 29.68048294663981, -1.457732080618839, 0.0 ], [ 29.680422413987092, -1.457816824325004, 0.0 ], [ 29.680358024228212, -1.457735649787917, 0.0 ], [ 29.680068877097654, -1.457356767549866, 0.0 ], [ 29.680069995102958, -1.457350061288007, 0.0 ], [ 29.680058328367124, -1.457255061778657, 0.0 ], [ 29.680038328367669, -1.457165061726458, 0.0 ], [ 29.679973328419987, -1.457096728334973, 0.0 ], [ 29.679889995477144, -1.457053394656837, 0.0 ], [ 29.679856662010405, -1.456961728529106, 0.0 ], [ 29.679826662176449, -1.456873394834491, 0.0 ], [ 29.679754995089365, -1.456816728664988, 0.0 ], [ 29.679733911046995, -1.456792131216861, 0.0 ], [ 29.679701132617929, -1.456753888620958, 0.0 ], [ 29.679694995647971, -1.456746728197377, 0.0 ], [ 29.679619995409311, -1.456683394017882, 0.0 ], [ 29.679529995547359, -1.456688394450686, 0.0 ], [ 29.679463328329817, -1.456761728648141, 0.0 ], [ 29.679428484569009, -1.456826438138356, 0.0 ], [ 29.679416662032406, -1.456848394435723, 0.0 ], [ 29.679388328086972, -1.456940061685376, 0.0 ], [ 29.679301662110401, -1.456908394785321, 0.0 ], [ 29.679209995426792, -1.456911728081808, 0.0 ], [ 29.679131662100691, -1.456866728213848, 0.0 ], [ 29.679044995278513, -1.456828394679477, 0.0 ], [ 29.678978328515054, -1.456765061676375, 0.0 ], [ 29.678976403991737, -1.456761895861238, 0.0 ], [ 29.678548444121905, -1.456664891191998, 0.0 ], [ 29.678445252898392, -1.456629419627057, 0.0 ], [ 29.678339425981097, -1.456593041430909, 0.0 ], [ 29.678256662196247, -1.456541728817431, 0.0 ], [ 29.678171662410612, -1.456510061215354, 0.0 ], [ 29.678149340335832, -1.456514844302737, 0.0 ], [ 29.677756083244276, -1.456290126751132, 0.0 ], [ 29.677365281690214, -1.456455433720274, 0.0 ], [ 29.677347678875808, -1.456502371601757, 0.0 ], [ 29.677259965959454, -1.456736275089708, 0.0 ], [ 29.677161261511849, -1.456974813142336, 0.0 ], [ 29.676953015327417, -1.457061072070504, 0.0 ], [ 29.676331976757712, -1.456386495681778, 0.0 ], [ 29.675957211551367, -1.456643476875456, 0.0 ], [ 29.675218388718115, -1.457232393274189, 0.0 ], [ 29.674982821701477, -1.457607158780031, 0.0 ], [ 29.674725840114753, -1.457692819791442, 0.0 ], [ 29.674541538713843, -1.457819531181484, 0.0 ], [ 29.674054137243115, -1.457444311467798, 0.0 ], [ 29.673669372540573, -1.457242176532251, 0.0 ], [ 29.673249207025417, -1.456660409755915, 0.0 ], [ 29.672817898636577, -1.456056186806602, 0.0 ], [ 29.672888134903499, -1.455538377559579, 0.0 ], [ 29.672949958042125, -1.454880814024516, 0.0 ], [ 29.672918369619126, -1.454811374711126, 0.0 ], [ 29.672880877871496, -1.4546414667115, 0.0 ], [ 29.672877318733892, -1.45462533190058, 0.0 ], [ 29.672852900512943, -1.454514671101226, 0.0 ], [ 29.672715629882109, -1.453892571435333, 0.0 ], [ 29.672671224233909, -1.453588071017434, 0.0 ], [ 29.672628207208, -1.452370925584969, 0.0 ], [ 29.672295519957185, -1.450982932784436, 0.0 ], [ 29.672153032330733, -1.449738547453751, 0.0 ], [ 29.671772783311258, -1.448398407078884, 0.0 ], [ 29.671487665593904, -1.446914700870785, 0.0 ], [ 29.671487753638125, -1.446296296016164, 0.0 ], [ 29.671486080237663, -1.446296770603023, 0.0 ], [ 29.671487754181356, -1.446292518173758, 0.0 ], [ 29.671485267382526, -1.446262424406425, 0.0 ], [ 29.670541646430372, -1.446387315533562, 0.0 ], [ 29.670479468071569, -1.446380818003935, 0.0 ], [ 29.670400878242916, -1.446379684111543, 0.0 ], [ 29.670402013704727, -1.446382892322919, 0.0 ], [ 29.67039254838156, -1.446380006683416, 0.0 ], [ 29.670391026992458, -1.446379542483833, 0.0 ], [ 29.670351291147899, -1.446367425332652, 0.0 ], [ 29.670339138554748, -1.446366155532831, 0.0 ], [ 29.670103356508946, -1.446350207452717, 0.0 ], [ 29.669790926494258, -1.446371754310862, 0.0 ], [ 29.669521589597931, -1.446468715041475, 0.0 ], [ 29.66928457309206, -1.446587223306789, 0.0 ], [ 29.669036783444817, -1.446673411642744, 0.0 ], [ 29.668756672952576, -1.446759599721433, 0.0 ], [ 29.668455016688391, -1.446802693504894, 0.0 ], [ 29.668131812873163, -1.446802693892382, 0.0 ], [ 29.667927117740593, -1.446824240048347, 0.0 ], [ 29.667606555974892, -1.4469667115711, 0.0 ], [ 29.667462790163857, -1.447018467683677, 0.0 ], [ 29.667313030596571, -1.447061256294746, 0.0 ], [ 29.667288794979886, -1.447068526214871, 0.0 ], [ 29.667097560349177, -1.447125896381439, 0.0 ], [ 29.666892864979943, -1.447222858156077, 0.0 ], [ 29.666655848311887, -1.447384460791364, 0.0 ], [ 29.666632409922236, -1.447409461437998, 0.0 ], [ 29.666494247718376, -1.447556835567505, 0.0 ], [ 29.666343417966445, -1.447610702412822, 0.0 ], [ 29.666095629752128, -1.447643023814158, 0.0 ], [ 29.666049700038013, -1.447657001438934, 0.0 ], [ 29.665847839721422, -1.447718437166306, 0.0 ], [ 29.665838190274322, -1.447721010672192, 0.0 ], [ 29.665686237319537, -1.447761531404085, 0.0 ], [ 29.665605340063941, -1.447788496091291, 0.0 ], [ 29.665315613124797, -1.447834853489173, 0.0 ], [ 29.665313942449433, -1.447835120050379, 0.0 ], [ 29.665302536202432, -1.447836945322061, 0.0 ], [ 29.665158337556917, -1.447836945603781, 0.0 ], [ 29.664889001161988, -1.447836945356779, 0.0 ], [ 29.664598116867193, -1.447772304360671, 0.0 ], [ 29.664350328488798, -1.447750757201801, 0.0 ], [ 29.664177952133873, -1.44776153141818, 0.0 ], [ 29.664147726743103, -1.447800000822708, 0.0 ], [ 29.664059444183717, -1.447912359622607, 0.0 ], [ 29.664005577087845, -1.4481601496467, 0.0 ], [ 29.663940936355019, -1.448300204060477, 0.0 ], [ 29.663933022212312, -1.448309107076514, 0.0 ], [ 29.663768561726961, -1.448494126119645, 0.0 ], [ 29.663563865602121, -1.448655728648566, 0.0 ], [ 29.663359169450079, -1.448817330247381, 0.0 ], [ 29.663143700648153, -1.448968158347399, 0.0 ], [ 29.663121445975527, -1.448991721064384, 0.0 ], [ 29.663094517461122, -1.449020234881834, 0.0 ], [ 29.662980475362403, -1.44910702671317, 0.0 ], [ 29.662933407356832, -1.44914284718368, 0.0 ], [ 29.662914503398564, -1.449157234872068, 0.0 ], [ 29.662892997541928, -1.449154970555681, 0.0 ], [ 29.662755856481457, -1.449140534171333, 0.0 ], [ 29.662594253995284, -1.449280589366653, 0.0 ], [ 29.66238955811313, -1.449366776066209, 0.0 ], [ 29.662174089103178, -1.449463737508778, 0.0 ], [ 29.662144865349195, -1.449528680836443, 0.0 ], [ 29.662077127866471, -1.449679207185072, 0.0 ], [ 29.662048582929543, -1.449693479456749, 0.0 ], [ 29.661947846558519, -1.449743847868972, 0.0 ], [ 29.661775471179521, -1.449765394627425, 0.0 ], [ 29.66162573775037, -1.449782031868354, 0.0 ], [ 29.661581548266732, -1.449786941749022, 0.0 ], [ 29.66136607891605, -1.449819262896324, 0.0 ], [ 29.661118290666668, -1.449959317641657, 0.0 ], [ 29.660935141401261, -1.450099372146799, 0.0 ], [ 29.660751992307951, -1.450250200298966, 0.0 ], [ 29.660493429058789, -1.450401029710101, 0.0 ], [ 29.660424828346063, -1.450391229715607, 0.0 ], [ 29.660404718240912, -1.450400270156226, 0.0 ], [ 29.660404995560853, -1.450396728418382, 0.0 ], [ 29.660324587750445, -1.450376909081558, 0.0 ], [ 29.660352957511424, -1.450283934413029, 0.0 ], [ 29.660450223669606, -1.449911080004578, 0.0 ], [ 29.660406683225517, -1.449432143593197, 0.0 ], [ 29.660276064287192, -1.448866126499819, 0.0 ], [ 29.66010190511377, -1.44838718937911, 0.0 ], [ 29.660167215379904, -1.448387189285441, 0.0 ], [ 29.660058365245515, -1.447886482248925, 0.0 ], [ 29.659949516579751, -1.447364005391137, 0.0 ], [ 29.659840667469282, -1.447146306090165, 0.0 ], [ 29.659579428708049, -1.446776218527023, 0.0 ], [ 29.659448809185037, -1.446384361861587, 0.0 ], [ 29.65938349943276, -1.445796574882442, 0.0 ], [ 29.659339960100091, -1.445491796195528, 0.0 ], [ 29.659144031176087, -1.44514347837104, 0.0 ], [ 29.659024295963984, -1.444718965005108, 0.0 ], [ 29.659154916445676, -1.444283568346094, 0.0 ], [ 29.659226050097239, -1.443987174826162, 0.0 ], [ 29.659285535091886, -1.443739321638535, 0.0 ], [ 29.659350844580391, -1.443369233611751, 0.0 ], [ 29.659350843869753, -1.443325694866529, 0.0 ], [ 29.659342027216802, -1.443269850816846, 0.0 ], [ 29.65928553509443, -1.442912066493552, 0.0 ], [ 29.659263765017773, -1.442433129782323, 0.0 ], [ 29.658675978371331, -1.441910652211225, 0.0 ], [ 29.658371200687384, -1.441497024796971, 0.0 ], [ 29.658341786260863, -1.44147295868764, 0.0 ], [ 29.658253350693208, -1.441400601148098, 0.0 ], [ 29.658198703026734, -1.441306515064214, 0.0 ], [ 29.658153328171405, -1.441228394615439, 0.0 ], [ 29.658110641640839, -1.441207883654587, 0.0 ], [ 29.65829407133921, -1.441062668558253, 0.0 ], [ 29.658359810940773, -1.441002407635837, 0.0 ], [ 29.658422562048685, -1.440944885802488, 0.0 ], [ 29.658583174991602, -1.440645072541167, 0.0 ], [ 29.658693572541594, -1.440522409398151, 0.0 ], [ 29.65875484688441, -1.440454326204487, 0.0 ], [ 29.658778327938155, -1.440390061278609, 0.0 ], [ 29.658751662165361, -1.440241728515347, 0.0 ], [ 29.65868999538668, -1.440175061235021, 0.0 ], [ 29.658661662397257, -1.440088394616238, 0.0 ], [ 29.658663327884209, -1.439990061649171, 0.0 ], [ 29.658644994904165, -1.439900061874372, 0.0 ], [ 29.658584995108956, -1.439821728498764, 0.0 ], [ 29.658516662003898, -1.43975506111728, 0.0 ], [ 29.658574995539567, -1.439665061138491, 0.0 ], [ 29.658584995205985, -1.439573394231544, 0.0 ], [ 29.658543328396377, -1.439488394292927, 0.0 ], [ 29.658484995089257, -1.439401728581232, 0.0 ], [ 29.658461661912018, -1.439311728053864, 0.0 ], [ 29.658384995449751, -1.43924506122576, 0.0 ], [ 29.658346662069032, -1.439158394005147, 0.0 ], [ 29.658366662485076, -1.439058394211234, 0.0 ], [ 29.658359995097133, -1.438956728040898, 0.0 ], [ 29.658306662721849, -1.438883394499193, 0.0 ], [ 29.658276662006671, -1.438783394405268, 0.0 ], [ 29.658219995508716, -1.438698394014552, 0.0 ], [ 29.658194995061322, -1.438610061020496, 0.0 ], [ 29.658104995204049, -1.438596728698466, 0.0 ], [ 29.65803832803104, -1.438531728444363, 0.0 ], [ 29.657959995316187, -1.438460061626149, 0.0 ], [ 29.657919994925908, -1.438373394153326, 0.0 ], [ 29.65784832787093, -1.438318394417448, 0.0 ], [ 29.657778328692057, -1.43825172858627, 0.0 ], [ 29.657769995592265, -1.438153394118509, 0.0 ], [ 29.657739994963503, -1.438065061274681, 0.0 ], [ 29.657723328590276, -1.437960061650911, 0.0 ], [ 29.657721662073754, -1.437860061310087, 0.0 ], [ 29.657651662756567, -1.437788394841418, 0.0 ], [ 29.657643327861798, -1.437690061278674, 0.0 ], [ 29.657625705544064, -1.437595535807472, 0.0 ], [ 29.657624995263337, -1.437591728016444, 0.0 ], [ 29.657626662316481, -1.437495061033206, 0.0 ], [ 29.657639995652666, -1.437400061784492, 0.0 ], [ 29.657638328389815, -1.43730506117712, 0.0 ], [ 29.657578328091194, -1.437236728168195, 0.0 ], [ 29.657529995414713, -1.437155061885563, 0.0 ], [ 29.657543328253166, -1.43706339458702, 0.0 ], [ 29.657488328349661, -1.436981728203224, 0.0 ], [ 29.657463328277966, -1.436885061719743, 0.0 ], [ 29.657511662559823, -1.436805061524852, 0.0 ], [ 29.657441662128182, -1.436735061032927, 0.0 ], [ 29.657444995561299, -1.436636728327452, 0.0 ], [ 29.65744166216615, -1.436541728374477, 0.0 ], [ 29.657431662285934, -1.43644172858728, 0.0 ], [ 29.657364995681228, -1.436373394573581, 0.0 ], [ 29.657376662132599, -1.436283394808105, 0.0 ], [ 29.657426662284223, -1.436205061742746, 0.0 ], [ 29.657448328721177, -1.436111728821283, 0.0 ], [ 29.657498328463333, -1.436030061089888, 0.0 ], [ 29.657506662484476, -1.43593506108627, 0.0 ], [ 29.657551661868855, -1.435848394674069, 0.0 ], [ 29.657561662111441, -1.435746728308213, 0.0 ], [ 29.657563328093978, -1.435645061590442, 0.0 ], [ 29.657541662640149, -1.43555672819902, 0.0 ], [ 29.657548328568467, -1.435456728209476, 0.0 ], [ 29.657493327945673, -1.435380061566908, 0.0 ], [ 29.657451662521737, -1.435298394487272, 0.0 ], [ 29.65748370267676, -1.435172171429924, 0.0 ], [ 29.657512432887483, -1.435058982632605, 0.0 ], [ 29.657433766295117, -1.434876471475971, 0.0 ], [ 29.657293710891675, -1.434596361306987, 0.0 ], [ 29.657142882134039, -1.434208517386358, 0.0 ], [ 29.657072468516823, -1.434089355211994, 0.0 ], [ 29.6570703721098, -1.434033759095424, 0.0 ], [ 29.657065609992888, -1.433907441860687, 0.0 ], [ 29.657051077480162, -1.433521913046452, 0.0 ], [ 29.65705095215873, -1.433518605497981, 0.0 ], [ 29.657047588440577, -1.43343406265384, 0.0 ], [ 29.65705727106398, -1.432688405669766, 0.0 ], [ 29.657003733672862, -1.432399300345506, 0.0 ], [ 29.656977177339154, -1.432204550052886, 0.0 ], [ 29.656965910068397, -1.432070055719387, 0.0 ], [ 29.656964114566428, -1.432063767796363, 0.0 ], [ 29.656907365644514, -1.431307127263768, 0.0 ], [ 29.656908678944724, -1.431232229145771, 0.0 ], [ 29.656913643892477, -1.430949262008122, 0.0 ], [ 29.65687354642499, -1.430911838470794, 0.0 ], [ 29.656895093234848, -1.430685595654835, 0.0 ], [ 29.656959734254876, -1.430286977061745, 0.0 ], [ 29.656959734308224, -1.429996094436381, 0.0 ], [ 29.656959733863896, -1.429629796154544, 0.0 ], [ 29.656929337521621, -1.429356229850127, 0.0 ], [ 29.65692741335031, -1.429338912287081, 0.0 ], [ 29.656873546406445, -1.42904802970399, 0.0 ], [ 29.656798132037842, -1.428800239447807, 0.0 ], [ 29.656841226706003, -1.428606317241105, 0.0 ], [ 29.656808905388811, -1.428369301701614, 0.0 ], [ 29.656733491334091, -1.428089191358418, 0.0 ], [ 29.656744264359034, -1.427787534879044, 0.0 ], [ 29.656733491156274, -1.427302728282495, 0.0 ], [ 29.656701171231052, -1.426947204239394, 0.0 ], [ 29.656733491725152, -1.426656321039131, 0.0 ], [ 29.656690396907141, -1.426548586058356, 0.0 ], [ 29.656582102079184, -1.426410756063438, 0.0 ], [ 29.65654087956058, -1.426349018364732, 0.0 ], [ 29.656228996978662, -1.425257432501071, 0.0 ], [ 29.65625203989709, -1.425134536412739, 0.0 ], [ 29.656273005252363, -1.425022724802913, 0.0 ], [ 29.656641386461462, -1.42305802965891, 0.0 ], [ 29.656658517727525, -1.422966663185409, 0.0 ], [ 29.656670053091091, -1.422905137805059, 0.0 ], [ 29.656694573715171, -1.421198221859821, 0.0 ], [ 29.656994040504113, -1.421017148390527, 0.0 ], [ 29.656994040164385, -1.418818526420061, 0.0 ], [ 29.656932216065453, -1.417223436669171, 0.0 ], [ 29.656931597437644, -1.417207482289502, 0.0 ], [ 29.656922657337695, -1.416976823021734, 0.0 ], [ 29.656917973126014, -1.416985553768771, 0.0 ], [ 29.65649970369536, -1.416490235604932, 0.0 ], [ 29.656374297448643, -1.415732277033231, 0.0 ], [ 29.656374365551848, -1.41527574747915, 0.0 ], [ 29.656374381989433, -1.4151579561862, 0.0 ], [ 29.656695523503139, -1.414390660696147, 0.0 ], [ 29.656754951240583, -1.414248671859651, 0.0 ], [ 29.656755078664453, -1.413387189185905, 0.0 ], [ 29.656952473623491, -1.412758405231936, 0.0 ], [ 29.657040536730452, -1.412477889649035, 0.0 ], [ 29.657456488056194, -1.412059386446997, 0.0 ], [ 29.657516149896356, -1.411999358687473, 0.0 ], [ 29.657407804329075, -1.41153562271163, 0.0 ], [ 29.657365479176903, -1.411419448591941, 0.0 ], [ 29.657273588471526, -1.41149341710316, 0.0 ], [ 29.657260770428049, -1.411465858781, 0.0 ], [ 29.657259952006395, -1.411464100431888, 0.0 ], [ 29.657295264481203, -1.411380632358699, 0.0 ], [ 29.657358562137084, -1.411254037586319, 0.0 ], [ 29.657365616669725, -1.411253670525701, 0.0 ], [ 29.65749088940181, -1.411127641162167, 0.0 ], [ 29.65787358300966, -1.411027412819026, 0.0 ], [ 29.657764242488852, -1.410453371420059, 0.0 ], [ 29.657700460677507, -1.409779101499258, 0.0 ], [ 29.657636678063206, -1.409159502157262, 0.0 ], [ 29.657682236588144, -1.408986378621132, 0.0 ], [ 29.657700460626856, -1.408603685474111, 0.0 ], [ 29.657800689699265, -1.408321220716413, 0.0 ], [ 29.657837136682044, -1.408148097631932, 0.0 ], [ 29.6578553605415, -1.407920303085793, 0.0 ], [ 29.657937366244443, -1.407701620220274, 0.0 ], [ 29.657928253976539, -1.407355374594608, 0.0 ], [ 29.658110489644855, -1.406927121025589, 0.0 ], [ 29.658128712881442, -1.40665376810191, 0.0 ], [ 29.658247165532835, -1.40614351053123, 0.0 ], [ 29.65821982986488, -1.405669698424988, 0.0 ], [ 29.658265389590753, -1.405505687060847, 0.0 ], [ 29.658219830635435, -1.405268781738337, 0.0 ], [ 29.658338283333478, -1.405004540395328, 0.0 ], [ 29.658283612525857, -1.404466946892046, 0.0 ], [ 29.658529630755464, -1.404157147830759, 0.0 ], [ 29.658884988610833, -1.403728894208981, 0.0 ], [ 29.659003441317498, -1.403382647364248, 0.0 ], [ 29.659459029141104, -1.403045512380432, 0.0 ], [ 29.659477253646809, -1.402835942197454, 0.0 ], [ 29.659440806481932, -1.40233479567346, 0.0 ], [ 29.659650376076211, -1.401879207341446, 0.0 ], [ 29.659905505364126, -1.401469178573858, 0.0 ], [ 29.660051293543013, -1.401250496696597, 0.0 ], [ 29.660151523127499, -1.40072201445344, 0.0 ], [ 29.660279087318504, -1.397423557532117, 0.0 ], [ 29.659923729641413, -1.396785734647607, 0.0 ], [ 29.659814388701275, -1.396603499690404, 0.0 ], [ 29.659440806279719, -1.396348370088486, 0.0 ], [ 29.659459028878238, -1.395938341043386, 0.0 ], [ 29.65939524703214, -1.395637653893663, 0.0 ], [ 29.659258571181827, -1.395409859288352, 0.0 ], [ 29.65907633574594, -1.395154730431016, 0.0 ], [ 29.659030776919238, -1.394872265855311, 0.0 ], [ 29.659131005989828, -1.394425789051059, 0.0 ], [ 29.659240347384085, -1.393560172353788, 0.0 ], [ 29.659732382647128, -1.393095472873429, 0.0 ], [ 29.6599529206722, -1.393436832778242, 0.0 ], [ 29.660298492477196, -1.393398435265181, 0.0 ], [ 29.660951238888643, -1.392784085034419, 0.0 ], [ 29.661527192635639, -1.392054545889463, 0.0 ], [ 29.662026351068334, -1.391632179017732, 0.0 ], [ 29.663101464145804, -1.391017829089101, 0.0 ], [ 29.664078598456189, -1.390149265604745, 0.0 ], [ 29.664131563390743, -1.390078149011583, 0.0 ], [ 29.664745912949847, -1.389617387197025, 0.0 ], [ 29.665360263159346, -1.389259016709251, 0.0 ], [ 29.665821026397872, -1.388644666087115, 0.0 ], [ 29.666230592294575, -1.388030316182911, 0.0 ], [ 29.666640159756231, -1.387415966152879, 0.0 ], [ 29.667510488045778, -1.386852812741707, 0.0 ], [ 29.668534405005069, -1.386033678072519, 0.0 ], [ 29.668739188739114, -1.386033678867182, 0.0 ], [ 29.668957898628911, -1.385802460758277, 0.0 ], [ 29.670532170124158, -1.385380094898082, 0.0 ], [ 29.671914458531475, -1.384842538807583, 0.0 ], [ 29.673768173541948, -1.384185525335705, 0.0 ], [ 29.67461646693754, -1.384026504591807, 0.0 ], [ 29.675346007357817, -1.383680933643007, 0.0 ], [ 29.675913073023516, -1.383529715119725, 0.0 ], [ 29.677498246152066, -1.383073833219076, 0.0 ], [ 29.677843818467206, -1.383102630792841, 0.0 ], [ 29.678304580631195, -1.382872249532316, 0.0 ], [ 29.678707747501392, -1.382526677127626, 0.0 ], [ 29.678880533706842, -1.38177793889969, 0.0 ], [ 29.679312498180082, -1.381461164006014, 0.0 ], [ 29.679917249262921, -1.381086795049017, 0.0 ], [ 29.680406809307222, -1.380309258671532, 0.0 ], [ 29.680809976491741, -1.379733305728098, 0.0 ], [ 29.681557826611751, -1.379436440734385, 0.0 ], [ 29.682347934711679, -1.378834454503679, 0.0 ], [ 29.682872263020499, -1.377928416320723, 0.0 ], [ 29.68326103208906, -1.377453255286176, 0.0 ], [ 29.68358500507555, -1.377194076814904, 0.0 ], [ 29.683753841012546, -1.376645359739005, 0.0 ], [ 29.683757791367746, -1.376632521728693, 0.0 ], [ 29.683759243020752, -1.37663680083197, 0.0 ], [ 29.684418849473172, -1.37559174129835, 0.0 ], [ 29.684678028313506, -1.374958192301146, 0.0 ], [ 29.685052398591331, -1.374295846656853, 0.0 ], [ 29.685311576509193, -1.373604703614752, 0.0 ], [ 29.685541958138177, -1.372884761101959, 0.0 ], [ 29.686060316689272, -1.371819248844794, 0.0 ], [ 29.686377090600171, -1.371185700716331, 0.0 ], [ 29.686392433326365, -1.371233094548025, 0.0 ], [ 29.687447019471119, -1.374490767266113, 0.0 ], [ 29.687460671648374, -1.374532940442253, 0.0 ] ] ] } },
{ "type": "Feature", "properties": { "sector": "Gatebe", "district": "Burera", "province": "North", "Area_m2_gis": 40024742.332288504, "Perimeter_m_gis": 37402.0380955129 }, "geometry": { "type": "Polygon", "coordinates": [ [ [ 29.941137814090585, -1.496563137653676, 0.0 ], [ 29.94137617275133, -1.496652521242801, 0.0 ], [ 29.941376119369764, -1.496564457341601, 0.0 ], [ 29.941384489678839, -1.496608403141295, 0.0 ], [ 29.941903699689696, -1.496723946473796, 0.0 ], [ 29.942235634582619, -1.496852437404347, 0.0 ], [ 29.942460493342047, -1.497270032138432, 0.0 ], [ 29.942728182693706, -1.497591259386672, 0.0 ], [ 29.942824549923671, -1.497783996386851, 0.0 ], [ 29.942995872468067, -1.497933902248521, 0.0 ], [ 29.943199316660177, -1.498190884444539, 0.0 ], [ 29.943477713358128, -1.49834079034727, 0.0 ], [ 29.943670449357857, -1.498533526194566, 0.0 ], [ 29.944002384206247, -1.498961829562164, 0.0 ], [ 29.94416299768848, -1.499261641860419, 0.0 ], [ 29.944343761394727, -1.499482574579792, 0.0 ], [ 29.944469645496341, -1.499627622255016, 0.0 ], [ 29.944719791640338, -1.499807727885052, 0.0 ], [ 29.944854918186834, -1.499914406152596, 0.0 ], [ 29.944994788437224, -1.500009229862968, 0.0 ], [ 29.945028994672985, -1.500028775058766, 0.0 ], [ 29.945170112945259, -1.5000996362046, 0.0 ], [ 29.945255170420598, -1.500139662214131, 0.0 ], [ 29.945469321019488, -1.500086124864398, 0.0 ], [ 29.945737011552598, -1.499989756635135, 0.0 ], [ 29.946058238477182, -1.499957633018076, 0.0 ], [ 29.946240266887816, -1.500032586856569, 0.0 ], [ 29.946336635573044, -1.500182492422048, 0.0 ], [ 29.946443711368371, -1.500375229537708, 0.0 ], [ 29.946636447169336, -1.500557258216703, 0.0 ], [ 29.946839891290772, -1.500621503805564, 0.0 ], [ 29.947096873689134, -1.50067504104773, 0.0 ], [ 29.947407392305035, -1.500653626605483, 0.0 ], [ 29.947600129218113, -1.500717871865179, 0.0 ], [ 29.947835695388349, -1.500846362359873, 0.0 ], [ 29.9482318766741, -1.501006976512072, 0.0 ], [ 29.948563810161026, -1.501124759591468, 0.0 ], [ 29.949216972313593, -1.501221127270189, 0.0 ], [ 29.949805888917108, -1.501135467514329, 0.0 ], [ 29.95028336876954, -1.500896240630163, 0.0 ], [ 29.950585024936508, -1.500766959519802, 0.0 ], [ 29.950940549619496, -1.500766959432523, 0.0 ], [ 29.951182142441358, -1.50074763218091, 0.0 ], [ 29.951210687365087, -1.500744711437392, 0.0 ], [ 29.951270086904895, -1.500738633034234, 0.0 ], [ 29.951242432141182, -1.501046491154288, 0.0 ], [ 29.951285926166474, -1.501249462317345, 0.0 ], [ 29.951329560959259, -1.501345788482445, 0.0 ], [ 29.951364117971497, -1.502006855120115, 0.0 ], [ 29.951374343680957, -1.502202452431562, 0.0 ], [ 29.952283164391485, -1.502888455243707, 0.0 ], [ 29.952380006191799, -1.503003640410318, 0.0 ], [ 29.952391972233116, -1.503017873150891, 0.0 ], [ 29.952783012482875, -1.503482984172736, 0.0 ], [ 29.952964777672875, -1.503620185555609, 0.0 ], [ 29.953412472273776, -1.503652377474593, 0.0 ], [ 29.953600962497273, -1.503665930225312, 0.0 ], [ 29.953873611955643, -1.503711668819507, 0.0 ], [ 29.954459744629439, -1.504765069108045, 0.0 ], [ 29.954483225441372, -1.504801407824306, 0.0 ], [ 29.954520237515958, -1.504869396361124, 0.0 ], [ 29.954509775677739, -1.504865693309519, 0.0 ], [ 29.954509759615384, -1.505597408747515, 0.0 ], [ 29.954509738703486, -1.506649248211309, 0.0 ], [ 29.954373395727313, -1.507472423612534, 0.0 ], [ 29.953782633182893, -1.508249857459557, 0.0 ], [ 29.953734005060198, -1.508316066021847, 0.0 ], [ 29.953646161537456, -1.508424959417816, 0.0 ], [ 29.953629155577524, -1.508448114867462, 0.0 ], [ 29.953458550423292, -1.5086803965244, 0.0 ], [ 29.953025841009573, -1.509269538111095, 0.0 ], [ 29.953010098665953, -1.509290973312526, 0.0 ], [ 29.953003724248138, -1.50932518231173, 0.0 ], [ 29.952895868742104, -1.509904016517052, 0.0 ], [ 29.952873756005463, -1.510022684831282, 0.0 ], [ 29.952873754328255, -1.51010055826111, 0.0 ], [ 29.952873732358395, -1.511120256099871, 0.0 ], [ 29.952873729075591, -1.511272563321969, 0.0 ], [ 29.952962238199291, -1.512272822762873, 0.0 ], [ 29.952994361113412, -1.512893862696004, 0.0 ], [ 29.953026484498004, -1.513075890046529, 0.0 ], [ 29.953050177556158, -1.513526052337508, 0.0 ], [ 29.953058015653067, -1.513674982498844, 0.0 ], [ 29.953069314192415, -1.513889666488756, 0.0 ], [ 29.953294172908436, -1.514735564015837, 0.0 ], [ 29.953390541359671, -1.514864055449164, 0.0 ], [ 29.953572570741279, -1.515174575375345, 0.0 ], [ 29.953636816634337, -1.516009766095627, 0.0 ], [ 29.953669860148196, -1.516288053510955, 0.0 ], [ 29.95365379096561, -1.516377978430839, 0.0 ], [ 29.953691575565308, -1.516470935333296, 0.0 ], [ 29.953855743005509, -1.516786153486446, 0.0 ], [ 29.954080602555564, -1.517278701840378, 0.0 ], [ 29.954186289974967, -1.517577707299274, 0.0 ], [ 29.95446414198485, -1.517755659860391, 0.0 ], [ 29.954578342356609, -1.517828799081052, 0.0 ], [ 29.954589679533512, -1.517836060271418, 0.0 ], [ 29.954594623315536, -1.517839226866753, 0.0 ], [ 29.95459319607582, -1.517842842840748, 0.0 ], [ 29.954603782548936, -1.517863258383478, 0.0 ], [ 29.954679243977139, -1.518008792837595, 0.0 ], [ 29.95488001161614, -1.518297896504029, 0.0 ], [ 29.955098876271819, -1.51848194104842, 0.0 ], [ 29.955221613010213, -1.518585152581268, 0.0 ], [ 29.955233361752384, -1.518595031264711, 0.0 ], [ 29.955337759948723, -1.518795798547231, 0.0 ], [ 29.955337760633764, -1.519068842134611, 0.0 ], [ 29.955145024685642, -1.519173241871097, 0.0 ], [ 29.954871980981196, -1.519365977852934, 0.0 ], [ 29.954711367364837, -1.519711296531985, 0.0 ], [ 29.954727428512275, -1.520265413771503, 0.0 ], [ 29.954687274983822, -1.520723162137563, 0.0 ], [ 29.954791674734246, -1.52154229146156, 0.0 ], [ 29.954663183404762, -1.521694874531411, 0.0 ], [ 29.954743489875167, -1.52188761159446, 0.0 ], [ 29.954896073501462, -1.52271477165983, 0.0 ], [ 29.954947574359881, -1.523075282373059, 0.0 ], [ 29.954958710581302, -1.523153233812953, 0.0 ], [ 29.95496031815815, -1.523164489767135, 0.0 ], [ 29.955016533705066, -1.523525870660986, 0.0 ], [ 29.954896072941526, -1.523606176337443, 0.0 ], [ 29.955008502234577, -1.523766790601336, 0.0 ], [ 29.95516911598979, -1.524079987127504, 0.0 ], [ 29.955313667994243, -1.524473490612516, 0.0 ], [ 29.955410036631282, -1.524706380281915, 0.0 ], [ 29.95561883471801, -1.524923208288811, 0.0 ], [ 29.955777181444539, -1.525134908792831, 0.0 ], [ 29.955789995338865, -1.525138394820404, 0.0 ], [ 29.955944995091937, -1.525446728834104, 0.0 ], [ 29.955956836349984, -1.525991418842613, 0.0 ], [ 29.955956866877571, -1.525992841548152, 0.0 ], [ 29.955956909975512, -1.525994841295085, 0.0 ], [ 29.955958328628792, -1.526060061445524, 0.0 ], [ 29.956816917895225, -1.526411390299618, 0.0 ], [ 29.95761867207808, -1.526681339510001, 0.0 ], [ 29.957729794698803, -1.52671875441881, 0.0 ], [ 29.957768328040771, -1.52673172865781, 0.0 ], [ 29.958648327892668, -1.527660061293427, 0.0 ], [ 29.959116662322788, -1.527828394484583, 0.0 ], [ 29.959208520344298, -1.527800927092116, 0.0 ], [ 29.959227813323558, -1.527795158857848, 0.0 ], [ 29.959994712539913, -1.527565846529221, 0.0 ], [ 29.960151102169757, -1.52745250789401, 0.0 ], [ 29.960550658536658, -1.527118904110099, 0.0 ], [ 29.960614010488779, -1.527061787246863, 0.0 ], [ 29.960898388406456, -1.52682296525557, 0.0 ], [ 29.961083641719146, -1.526635546022915, 0.0 ], [ 29.961175337179814, -1.52654785190192, 0.0 ], [ 29.961320495538573, -1.526373661356336, 0.0 ], [ 29.961598493402363, -1.526279028900733, 0.0 ], [ 29.96161043658638, -1.526274962693341, 0.0 ], [ 29.961610732267602, -1.526274861399886, 0.0 ], [ 29.961626123701858, -1.52638035258404, 0.0 ], [ 29.961619073494301, -1.52646683266174, 0.0 ], [ 29.961608214573435, -1.52660002587358, 0.0 ], [ 29.961624394389304, -1.526643508659726, 0.0 ], [ 29.961649239268809, -1.526710282177504, 0.0 ], [ 29.96164548913984, -1.526849027051013, 0.0 ], [ 29.96163798907439, -1.5269127745918, 0.0 ], [ 29.961630489375214, -1.527006521038563, 0.0 ], [ 29.961593630765996, -1.527120450736772, 0.0 ], [ 29.96158924116693, -1.527134017456871, 0.0 ], [ 29.96159165211705, -1.527152100234409, 0.0 ], [ 29.961604240638078, -1.52724651362397, 0.0 ], [ 29.961589241366465, -1.527325260482439, 0.0 ], [ 29.961580188356795, -1.527335519533027, 0.0 ], [ 29.961532993711774, -1.527389007145302, 0.0 ], [ 29.961487994459898, -1.527452755818337, 0.0 ], [ 29.961442995903539, -1.527527753175538, 0.0 ], [ 29.96143549632686, -1.527613999894382, 0.0 ], [ 29.961450496557728, -1.527733995788387, 0.0 ], [ 29.961479979033076, -1.52779051289138, 0.0 ], [ 29.961506944274785, -1.52784220107263, 0.0 ], [ 29.961675589763104, -1.528030922801594, 0.0 ], [ 29.961716937362763, -1.528077193563369, 0.0 ], [ 29.961773629447045, -1.528140634739886, 0.0 ], [ 29.961837288293452, -1.52821187152216, 0.0 ], [ 29.961938728043211, -1.528260181086361, 0.0 ], [ 29.962026926131184, -1.528302185466614, 0.0 ], [ 29.962062902361044, -1.528383605893478, 0.0 ], [ 29.962121922723519, -1.52851717750393, 0.0 ], [ 29.962159575011629, -1.528602392140345, 0.0 ], [ 29.962164526950495, -1.528706375410699, 0.0 ], [ 29.962325694637347, -1.528978344644363, 0.0 ], [ 29.96237150702266, -1.52908202745228, 0.0 ], [ 29.962501909736389, -1.52924715125764, 0.0 ], [ 29.962655756043752, -1.529441964144114, 0.0 ], [ 29.962736901501295, -1.529612138444081, 0.0 ], [ 29.962831610909731, -1.529810762554698, 0.0 ], [ 29.962853322378557, -1.529856294014488, 0.0 ], [ 29.962871227462895, -1.53002340653696, 0.0 ], [ 29.962946725710331, -1.530174402703771, 0.0 ], [ 29.963011891402175, -1.530322113714481, 0.0 ], [ 29.963069997904181, -1.530453822109452, 0.0 ], [ 29.963196079430407, -1.530739607098576, 0.0 ], [ 29.963256205660734, -1.530802399803254, 0.0 ], [ 29.963299530540041, -1.530901428232167, 0.0 ], [ 29.96340315995149, -1.531149238448088, 0.0 ], [ 29.963545804105738, -1.531490344584346, 0.0 ], [ 29.963552450901428, -1.531500156206954, 0.0 ], [ 29.96358800442923, -1.531552639523805, 0.0 ], [ 29.963631869464507, -1.531652066819132, 0.0 ], [ 29.963728592735016, -1.531871305223125, 0.0 ], [ 29.963833394348441, -1.532108856224935, 0.0 ], [ 29.96395185693661, -1.532272044211301, 0.0 ], [ 29.964061854464841, -1.532327042255144, 0.0 ], [ 29.964082604934688, -1.532337417588537, 0.0 ], [ 29.964101566958508, -1.532346898387314, 0.0 ], [ 29.964134264070122, -1.532363247835327, 0.0 ], [ 29.964171009901172, -1.532381620612919, 0.0 ], [ 29.96418226542967, -1.532387248310426, 0.0 ], [ 29.964266846057619, -1.532502036607154, 0.0 ], [ 29.964351672939454, -1.532617157743527, 0.0 ], [ 29.964382422102211, -1.532658887017875, 0.0 ], [ 29.964421965086832, -1.532712553412769, 0.0 ], [ 29.964431840582375, -1.532857023704253, 0.0 ], [ 29.964443779052388, -1.533031681061616, 0.0 ], [ 29.96439684257285, -1.533122014353798, 0.0 ], [ 29.964368719689109, -1.533176138174195, 0.0 ], [ 29.964318985397522, -1.533325340470286, 0.0 ], [ 29.964321296689047, -1.53333912075868, 0.0 ], [ 29.964331843978869, -1.533402004856174, 0.0 ], [ 29.964342436201161, -1.533465150341349, 0.0 ], [ 29.964486838072911, -1.533671994882303, 0.0 ], [ 29.964501838335519, -1.533856988380949, 0.0 ], [ 29.964508381582647, -1.533879343860898, 0.0 ], [ 29.964551967286464, -1.534028260100504, 0.0 ], [ 29.964561836528496, -1.53406198009069, 0.0 ], [ 29.964566771305197, -1.534069383122688, 0.0 ], [ 29.964651833524346, -1.534196975756855, 0.0 ], [ 29.964672438983413, -1.534227884884302, 0.0 ], [ 29.964714841583426, -1.534291488549064, 0.0 ], [ 29.964762917697815, -1.534363602307575, 0.0 ], [ 29.96476330144397, -1.534364178450649, 0.0 ], [ 29.964848541629394, -1.534492038798254, 0.0 ], [ 29.964831826080072, -1.534611961785602, 0.0 ], [ 29.964846826621976, -1.534781955828563, 0.0 ], [ 29.964854618026635, -1.534870264058048, 0.0 ], [ 29.964860169324137, -1.534933184248067, 0.0 ], [ 29.964976821119496, -1.535101943580497, 0.0 ], [ 29.965046819751468, -1.535291937797289, 0.0 ], [ 29.965123003378373, -1.53537387165867, 0.0 ], [ 29.965174547981601, -1.535429306442851, 0.0 ], [ 29.965311809743351, -1.535576926309583, 0.0 ], [ 29.965364518549588, -1.535666841578918, 0.0 ], [ 29.965391857930587, -1.535713480155488, 0.0 ], [ 29.965396806178028, -1.535721921498129, 0.0 ], [ 29.965463561688551, -1.535835797768897, 0.0 ], [ 29.965651797764863, -1.535961913257814, 0.0 ], [ 29.965711795759375, -1.536076909124816, 0.0 ], [ 29.965836790747968, -1.536176905679796, 0.0 ], [ 29.965962516403152, -1.536277485611662, 0.0 ], [ 29.966047767561975, -1.536345687272585, 0.0 ], [ 29.966081782061789, -1.53654689248267, 0.0 ], [ 29.966186778677613, -1.536701887594705, 0.0 ], [ 29.966264336937623, -1.536816378136673, 0.0 ], [ 29.966344821390468, -1.536935187486441, 0.0 ], [ 29.966424790893857, -1.537053239797702, 0.0 ], [ 29.966491810059043, -1.537152172664735, 0.0 ], [ 29.966501767721756, -1.537281866893079, 0.0 ], [ 29.966503808314812, -1.537308452423561, 0.0 ], [ 29.966508698190658, -1.537372151332862, 0.0 ], [ 29.966532699900096, -1.537409025365282, 0.0 ], [ 29.966525804761673, -1.537473789534526, 0.0 ], [ 29.966505768319646, -1.537661953476957, 0.0 ], [ 29.966500100120879, -1.53771518407773, 0.0 ], [ 29.966580097767789, -1.538048505295945, 0.0 ], [ 29.966614178147868, -1.538121210305142, 0.0 ], [ 29.966618878765985, -1.538161163695882, 0.0 ], [ 29.966800906696928, -1.538578758033445, 0.0 ], [ 29.96681881311406, -1.538625017478275, 0.0 ], [ 29.966820089018288, -1.538701815525805, 0.0 ], [ 29.966822646214702, -1.538855701045805, 0.0 ], [ 29.966825717006127, -1.539040453753094, 0.0 ], [ 29.966828269714004, -1.539194027236187, 0.0 ], [ 29.966804735595915, -1.539255430196663, 0.0 ], [ 29.966700093462201, -1.53952845313383, 0.0 ], [ 29.966652377201004, -1.539652950368229, 0.0 ], [ 29.966486475328221, -1.539737005823249, 0.0 ], [ 29.966446214310913, -1.53984118734232, 0.0 ], [ 29.966648984069824, -1.539970104068876, 0.0 ], [ 29.966856588060875, -1.540102094184049, 0.0 ], [ 29.966971464976503, -1.540175130575108, 0.0 ], [ 29.967170401431538, -1.540088392082319, 0.0 ], [ 29.967323960004681, -1.540075100803235, 0.0 ], [ 29.967528953653872, -1.540180096502547, 0.0 ], [ 29.967676879463561, -1.54025586481099, 0.0 ], [ 29.967858941451517, -1.540285093178347, 0.0 ], [ 29.96803284751168, -1.540313012663254, 0.0 ], [ 29.968193929562151, -1.540285093712939, 0.0 ], [ 29.968383922215974, -1.540295092574485, 0.0 ], [ 29.968589179747735, -1.540305895704366, 0.0 ], [ 29.96874890973465, -1.540365090008505, 0.0 ], [ 29.968843839122417, -1.540400270115302, 0.0 ], [ 29.968903904714505, -1.540460086107717, 0.0 ], [ 29.968940033044074, -1.540496066691649, 0.0 ], [ 29.969098896972501, -1.540535084414495, 0.0 ], [ 29.969201782952222, -1.540560353623087, 0.0 ], [ 29.969360477930344, -1.540599329719174, 0.0 ], [ 29.969438885663212, -1.540660079357729, 0.0 ], [ 29.969518423088847, -1.540721706329341, 0.0 ], [ 29.969608878947898, -1.540735077257192, 0.0 ], [ 29.969738707090244, -1.540754267091883, 0.0 ], [ 29.969821069925548, -1.540766441303402, 0.0 ], [ 29.969871274512801, -1.540712655089158, 0.0 ], [ 29.969918867894481, -1.540495085018361, 0.0 ], [ 29.969952264056463, -1.540342416499785, 0.0 ], [ 29.969984909727923, -1.540193184892039, 0.0 ], [ 29.969963866368726, -1.540040101361041, 0.0 ], [ 29.970033864133224, -1.539820109477523, 0.0 ], [ 29.970028863990475, -1.539600117435979, 0.0 ], [ 29.970023173151446, -1.539349741181918, 0.0 ], [ 29.970020510960012, -1.539232611735669, 0.0 ], [ 29.969948866977113, -1.539115134906867, 0.0 ], [ 29.970023863971523, -1.538985139808046, 0.0 ], [ 29.970080399760246, -1.538887145810626, 0.0 ], [ 29.970152156944913, -1.538878044404639, 0.0 ], [ 29.970147219446794, -1.538870285030681, 0.0 ], [ 29.970118201984924, -1.538824687515749, 0.0 ], [ 29.970141373229044, -1.538805571318331, 0.0 ], [ 29.970228559727236, -1.538733643186282, 0.0 ], [ 29.970272339590213, -1.538655812884878, 0.0 ], [ 29.970358527181375, -1.538483437059212, 0.0 ], [ 29.970423168081609, -1.538289515043636, 0.0 ], [ 29.970459287128811, -1.538084836870322, 0.0 ], [ 29.970487808641675, -1.537923217801001, 0.0 ], [ 29.970487808439358, -1.537610787084057, 0.0 ], [ 29.970509354880321, -1.537190622714899, 0.0 ], [ 29.970617090515027, -1.536867418737943, 0.0 ], [ 29.970638637099896, -1.536565761258552, 0.0 ], [ 29.970681731071586, -1.536231784342194, 0.0 ], [ 29.970694303020096, -1.536189877577595, 0.0 ], [ 29.970928832372106, -1.536415230761883, 0.0 ], [ 29.971143824734568, -1.536680221320123, 0.0 ], [ 29.971357391694088, -1.536816001642644, 0.0 ], [ 29.971424186252513, -1.536858468433104, 0.0 ], [ 29.971726662334749, -1.537138394441781, 0.0 ], [ 29.972127162702183, -1.537409061905242, 0.0 ], [ 29.972521602212165, -1.537675633851342, 0.0 ], [ 29.97259850018289, -1.537727603826839, 0.0 ], [ 29.972636662478354, -1.537753394804647, 0.0 ], [ 29.97259850046143, -1.537917172711638, 0.0 ], [ 29.972514844194155, -1.538276195261341, 0.0 ], [ 29.972533797537746, -1.538760646003825, 0.0 ], [ 29.972544571771216, -1.539159264023207, 0.0 ], [ 29.972544571099988, -1.539633296119013, 0.0 ], [ 29.972598499879304, -1.540145628888674, 0.0 ], [ 29.972609211412173, -1.540247384540985, 0.0 ], [ 29.972673852719321, -1.540786057836979, 0.0 ], [ 29.972910867912617, -1.541497105851168, 0.0 ], [ 29.973147883892342, -1.542014231825402, 0.0 ], [ 29.97333103314736, -1.542294341503539, 0.0 ], [ 29.973578822969326, -1.542617545553724, 0.0 ], [ 29.973783519063531, -1.542994616467561, 0.0 ], [ 29.973961485109548, -1.543381956194484, 0.0 ], [ 29.974032005692184, -1.543528267749355, 0.0 ], [ 29.974128269740824, -1.543727211560035, 0.0 ], [ 29.974268324063402, -1.543878040796585, 0.0 ], [ 29.974569981078883, -1.54399654862523, 0.0 ], [ 29.974740103280002, -1.54392363816779, 0.0 ], [ 29.974871638341824, -1.543867266069918, 0.0 ], [ 29.97508710697225, -1.543856493869653, 0.0 ], [ 29.975302577607863, -1.544061189544012, 0.0 ], [ 29.975615007486162, -1.544362846419202, 0.0 ], [ 29.975862797600779, -1.54463218277882, 0.0 ], [ 29.976045945461024, -1.544847651855653, 0.0 ], [ 29.976272188341827, -1.545063121401434, 0.0 ], [ 29.97658461788561, -1.545257043282406, 0.0 ], [ 29.976961690423487, -1.545450965824124, 0.0 ], [ 29.977231026143627, -1.545461739880043, 0.0 ], [ 29.977521910492165, -1.545407871048732, 0.0 ], [ 29.977877434605023, -1.545224722116707, 0.0 ], [ 29.977986837181678, -1.545204209356022, 0.0 ], [ 29.978037709764578, -1.545205269905036, 0.0 ], [ 29.978211807940529, -1.545219385701866, 0.0 ], [ 29.978362381589342, -1.54517233126092, 0.0 ], [ 29.978421245033388, -1.54514801835096, 0.0 ], [ 29.978577709469196, -1.545138535847386, 0.0 ], [ 29.979062514754855, -1.545235496290947, 0.0 ], [ 29.97939649190501, -1.545494059247474, 0.0 ], [ 29.979752016330849, -1.54602195949368, 0.0 ], [ 29.980032126405185, -1.546194334673257, 0.0 ], [ 29.980258369740444, -1.546614499657237, 0.0 ], [ 29.980516932424532, -1.547131625017071, 0.0 ], [ 29.980538479367109, -1.547637978844611, 0.0 ], [ 29.980538479229544, -1.547653070551474, 0.0 ], [ 29.980538479094466, -1.547865053589591, 0.0 ], [ 29.980538479033175, -1.548068916446093, 0.0 ], [ 29.980635440606424, -1.548542948518273, 0.0 ], [ 29.981044831529889, -1.549146262347197, 0.0 ], [ 29.981271074378459, -1.549372505208212, 0.0 ], [ 29.981572731325464, -1.549738803289725, 0.0 ], [ 29.98179897461846, -1.550137421313352, 0.0 ], [ 29.981917481985203, -1.550385210864157, 0.0 ], [ 29.982089857034062, -1.550697641235029, 0.0 ], [ 29.982359194355912, -1.550816149494895, 0.0 ], [ 29.982660849917892, -1.550848469021182, 0.0 ], [ 29.983167203201308, -1.55102084473498, 0.0 ], [ 29.983450556652699, -1.551100922750251, 0.0 ], [ 29.983467438401238, -1.551105693873825, 0.0 ], [ 29.983576650302606, -1.551136557387022, 0.0 ], [ 29.983705185762094, -1.55117875384336, 0.0 ], [ 29.984072174723362, -1.551333275253705, 0.0 ], [ 29.984470792303501, -1.551559518166504, 0.0 ], [ 29.984804769302496, -1.551818081174098, 0.0 ], [ 29.984955598522578, -1.552152058849485, 0.0 ], [ 29.985138746446371, -1.552453715201776, 0.0 ], [ 29.985343442590288, -1.552733825803471, 0.0 ], [ 29.98554813818194, -1.552970841902236, 0.0 ], [ 29.98581747458562, -1.553164763031251, 0.0 ], [ 29.986022170767097, -1.553326365774101, 0.0 ], [ 29.986108358134036, -1.55363879523997, 0.0 ], [ 29.986496203324524, -1.553994320241623, 0.0 ], [ 29.986991782493899, -1.554209789452354, 0.0 ], [ 29.987097359956426, -1.554269016414072, 0.0 ], [ 29.987244616952843, -1.554351623739884, 0.0 ], [ 29.987463822734426, -1.5544757766405, 0.0 ], [ 29.987918299101896, -1.554748462906698, 0.0 ], [ 29.988349238190885, -1.555103986005219, 0.0 ], [ 29.988769403286486, -1.555481057555246, 0.0 ], [ 29.989135700474804, -1.555804261318074, 0.0 ], [ 29.989437357420201, -1.556084371114397, 0.0 ], [ 29.989835975537652, -1.55650453682327, 0.0 ], [ 29.990223820332787, -1.557000115713672, 0.0 ], [ 29.990493157048228, -1.557334093534137, 0.0 ], [ 29.990697852287315, -1.557883539823433, 0.0 ], [ 29.990913322271034, -1.558292931560095, 0.0 ], [ 29.991042603256631, -1.558573041271491, 0.0 ], [ 29.991214977878784, -1.558820830520913, 0.0 ], [ 29.991559729727818, -1.559144034669561, 0.0 ], [ 29.991936800056145, -1.559510332462369, 0.0 ], [ 29.992313871569966, -1.559833536610167, 0.0 ], [ 29.992583208747298, -1.560232154521062, 0.0 ], [ 29.992769759586608, -1.5604400256492, 0.0 ], [ 29.992960279267177, -1.560652319549865, 0.0 ], [ 29.993068014254423, -1.560964749693558, 0.0 ], [ 29.993200031704607, -1.561162775627953, 0.0 ], [ 29.9932403892732, -1.561223312618809, 0.0 ], [ 29.993294256536302, -1.561320273790512, 0.0 ], [ 29.993865751297097, -1.56167530778634, 0.0 ], [ 29.994163328360379, -1.562020061767585, 0.0 ], [ 29.994233363185796, -1.562072354731025, 0.0 ], [ 29.994252485541626, -1.562097622491927, 0.0 ], [ 29.994360709389007, -1.562191730234745, 0.0 ], [ 29.994548925075012, -1.562384651499706, 0.0 ], [ 29.994580435598454, -1.562421640098436, 0.0 ], [ 29.994789995315521, -1.563026728843522, 0.0 ], [ 29.995014995036229, -1.563431728142637, 0.0 ], [ 29.995170036292929, -1.563799325404055, 0.0 ], [ 29.995320945228872, -1.564157126511463, 0.0 ], [ 29.995324994919976, -1.564166728195216, 0.0 ], [ 29.995776662180326, -1.564913394125701, 0.0 ], [ 29.99597166244871, -1.565296728888305, 0.0 ], [ 29.995985428348568, -1.565335585126373, 0.0 ], [ 29.996068889238789, -1.565571171813346, 0.0 ], [ 29.996078840916525, -1.565599262337771, 0.0 ], [ 29.996441662568522, -1.566623394269849, 0.0 ], [ 29.996607776694269, -1.567038680533488, 0.0 ], [ 29.996658328764752, -1.56716506165984, 0.0 ], [ 29.996878855638563, -1.567381689379687, 0.0 ], [ 29.997023722300533, -1.567523996246754, 0.0 ], [ 29.997187212632586, -1.567684596597729, 0.0 ], [ 29.997308743598825, -1.567803979144091, 0.0 ], [ 29.997318328641679, -1.567813394513474, 0.0 ], [ 29.997421586947183, -1.568264057405294, 0.0 ], [ 29.997513843880636, -1.568666702861047, 0.0 ], [ 29.997514995160245, -1.568671728003942, 0.0 ], [ 29.997562818576718, -1.568948112652286, 0.0 ], [ 29.99736908104925, -1.568773884899424, 0.0 ], [ 29.99696031587612, -1.568406281130873, 0.0 ], [ 29.996861372929548, -1.568277423548145, 0.0 ], [ 29.996724500570263, -1.568099167385149, 0.0 ], [ 29.996553214435998, -1.568024221409507, 0.0 ], [ 29.996405455495854, -1.567959569041494, 0.0 ], [ 29.996186400289599, -1.567994840514331, 0.0 ], [ 29.996154502221486, -1.567999976844886, 0.0 ], [ 29.996058666015358, -1.56801540754025, 0.0 ], [ 29.996050512634923, -1.568024221420456, 0.0 ], [ 29.995806787463501, -1.568287664621302, 0.0 ], [ 29.995684134411722, -1.568420239108358, 0.0 ], [ 29.995212500220283, -1.568783190588855, 0.0 ], [ 29.994629895498306, -1.56889486741842, 0.0 ], [ 29.994102776645803, -1.568852986193555, 0.0 ], [ 29.993794693288194, -1.568805805405002, 0.0 ], [ 29.99360613058824, -1.568776928359352, 0.0 ], [ 29.993464685199488, -1.568755266267672, 0.0 ], [ 29.993104025306899, -1.568797144899808, 0.0 ], [ 29.992660135272686, -1.568992579416883, 0.0 ], [ 29.992503713130361, -1.569012760825462, 0.0 ], [ 29.992469282366542, -1.569024237306507, 0.0 ], [ 29.99237352161818, -1.569029557855115, 0.0 ], [ 29.992119145767738, -1.569062376796364, 0.0 ], [ 29.991221983356262, -1.569027195403366, 0.0 ], [ 29.991051224572185, -1.569030442566557, 0.0 ], [ 29.990821231203782, -1.569340568583298, 0.0 ], [ 29.990820220980559, -1.569349628485519, 0.0 ], [ 29.990758998097387, -1.569512890138649, 0.0 ], [ 29.990682467930892, -1.569660846565781, 0.0 ], [ 29.990590633244217, -1.569778191705579, 0.0 ], [ 29.990452881058065, -1.569885331686453, 0.0 ], [ 29.990340638771119, -1.569977166621485, 0.0 ], [ 29.990156969091249, -1.570069001213192, 0.0 ], [ 29.990024318138286, -1.570171040073819, 0.0 ], [ 29.989891668267305, -1.570232263671261, 0.0 ], [ 29.989779425212198, -1.57028838534076, 0.0 ], [ 29.989682488473623, -1.570370016275067, 0.0 ], [ 29.989611061550839, -1.570456749352333, 0.0 ], [ 29.989575347720645, -1.57057409382124, 0.0 ], [ 29.989514124552311, -1.570767967553981, 0.0 ], [ 29.989483512141639, -1.570849598812222, 0.0 ], [ 29.989259026927638, -1.57112000109653, 0.0 ], [ 29.989137719010206, -1.571195296184329, 0.0 ], [ 29.989075180579203, -1.571282799882634, 0.0 ], [ 29.988767325152573, -1.571424552266169, 0.0 ], [ 29.98872842565137, -1.571461831802201, 0.0 ], [ 29.988646794044826, -1.571604685198214, 0.0 ], [ 29.988560061117767, -1.571757744411068, 0.0 ], [ 29.988519245645804, -1.571931210144695, 0.0 ], [ 29.988483778268925, -1.571996602809614, 0.0 ], [ 29.988421526334939, -1.572111379366599, 0.0 ], [ 29.988350659904246, -1.572236182639912, 0.0 ], [ 29.988319513723305, -1.572291035734419, 0.0 ], [ 29.987838434520498, -1.572775165892715, 0.0 ], [ 29.987749355241672, -1.572864809329141, 0.0 ], [ 29.987633562157114, -1.573040160383214, 0.0 ], [ 29.987170276440832, -1.573585079680565, 0.0 ], [ 29.986894117131992, -1.573909899603484, 0.0 ], [ 29.986419915035555, -1.574296428126256, 0.0 ], [ 29.986402937672569, -1.574315770647709, 0.0 ], [ 29.986375997679602, -1.574346461275852, 0.0 ], [ 29.986381870950531, -1.574347790860426, 0.0 ], [ 29.986548889343435, -1.574385582712734, 0.0 ], [ 29.98644527060025, -1.574535481562318, 0.0 ], [ 29.986345332226321, -1.574680055011136, 0.0 ], [ 29.986039088255161, -1.575123080296248, 0.0 ], [ 29.985862903409576, -1.575237906649331, 0.0 ], [ 29.985515826379572, -1.575464107049445, 0.0 ], [ 29.985379626717457, -1.575552880870387, 0.0 ], [ 29.98487831254452, -1.576057387497642, 0.0 ], [ 29.984420943968669, -1.576440934592658, 0.0 ], [ 29.984376987972247, -1.576477798861759, 0.0 ], [ 29.983258261229796, -1.577405815878717, 0.0 ], [ 29.982390757190654, -1.577949116302538, 0.0 ], [ 29.981654476297965, -1.57851493659378, 0.0 ], [ 29.981185935024609, -1.578919082673852, 0.0 ], [ 29.98092722956018, -1.579138099017038, 0.0 ], [ 29.980911167979958, -1.579151696414727, 0.0 ], [ 29.980342541530185, -1.579633087080383, 0.0 ], [ 29.979686589414843, -1.580185434679181, 0.0 ], [ 29.979177875390022, -1.580670417183558, 0.0 ], [ 29.978374654054743, -1.581505672122433, 0.0 ], [ 29.977558043260739, -1.58219273107041, 0.0 ], [ 29.976915466241042, -1.582772013411518, 0.0 ], [ 29.976058697084813, -1.583661153205837, 0.0 ], [ 29.975616922623335, -1.583997940056178, 0.0 ], [ 29.975081441092783, -1.584563760282818, 0.0 ], [ 29.974666442064901, -1.585021792771948, 0.0 ], [ 29.974331769345852, -1.585399004266665, 0.0 ], [ 29.973876603017818, -1.585870519669296, 0.0 ], [ 29.973381278910399, -1.586463274543778, 0.0 ], [ 29.973220635098926, -1.586597991616378, 0.0 ], [ 29.973068318905217, -1.586814133058008, 0.0 ], [ 29.972687623134281, -1.586803797375538, 0.0 ], [ 29.972669388097323, -1.586693635679849, 0.0 ], [ 29.972620059772204, -1.586395833066918, 0.0 ], [ 29.972629919500228, -1.586291571490395, 0.0 ], [ 29.972681482381855, -1.585746307392213, 0.0 ], [ 29.972683816631712, -1.585730737267144, 0.0 ], [ 29.9727801823792, -1.585087948413055, 0.0 ], [ 29.972817187608097, -1.584380564551034, 0.0 ], [ 29.972860360578739, -1.58369800980491, 0.0 ], [ 29.972897360906686, -1.582878942279096, 0.0 ], [ 29.972891204225533, -1.582277036032798, 0.0 ], [ 29.972928205741194, -1.581501413889761, 0.0 ], [ 29.972946720897596, -1.580521016122779, 0.0 ], [ 29.972903562970679, -1.579912913875105, 0.0 ], [ 29.972779811253144, -1.57929179729436, 0.0 ], [ 29.972792592495235, -1.578585031717957, 0.0 ], [ 29.972766740311908, -1.578432812854035, 0.0 ], [ 29.972758488678927, -1.578384228247282, 0.0 ], [ 29.972669292521935, -1.577859034768416, 0.0 ], [ 29.972577212099434, -1.577146269464055, 0.0 ], [ 29.972543851135235, -1.57643105657754, 0.0 ], [ 29.972328627968665, -1.575773255032197, 0.0 ], [ 29.972376096979129, -1.575218185653857, 0.0 ], [ 29.972360878772072, -1.574657433662214, 0.0 ], [ 29.972044463896733, -1.574194307897356, 0.0 ], [ 29.972056980599504, -1.573524815702253, 0.0 ], [ 29.97204543330627, -1.572666531282627, 0.0 ], [ 29.971909429385551, -1.57193427346256, 0.0 ], [ 29.971710670320007, -1.571184908856798, 0.0 ], [ 29.97163490711668, -1.57033813451621, 0.0 ], [ 29.971454469672807, -1.569745662876706, 0.0 ], [ 29.971399116073787, -1.56976039927279, 0.0 ], [ 29.970410989390704, -1.570190710602981, 0.0 ], [ 29.969915103315486, -1.570810124433571, 0.0 ], [ 29.969406983147163, -1.571006784882338, 0.0 ], [ 29.969263761565088, -1.571074054170186, 0.0 ], [ 29.968820689258738, -1.571282119681813, 0.0 ], [ 29.967950263242294, -1.571824175832623, 0.0 ], [ 29.967020539960526, -1.572460338087977, 0.0 ], [ 29.966584530436659, -1.572832737795683, 0.0 ], [ 29.96610887941371, -1.573239535817443, 0.0 ], [ 29.965490412000964, -1.573583525237705, 0.0 ], [ 29.96473583299743, -1.574013492162605, 0.0 ], [ 29.964253786760704, -1.574317299580752, 0.0 ], [ 29.9640891786201, -1.574210017768655, 0.0 ], [ 29.963739434939001, -1.573642124703312, 0.0 ], [ 29.963270410609308, -1.573170094242118, 0.0 ], [ 29.962762288441812, -1.572501398739641, 0.0 ], [ 29.962344842182826, -1.572043090454889, 0.0 ], [ 29.961770646967068, -1.57142369253035, 0.0 ], [ 29.961355225612049, -1.570888652115291, 0.0 ], [ 29.960948123762833, -1.570468891532586, 0.0 ], [ 29.960456252659863, -1.570062616462511, 0.0 ], [ 29.960411559733778, -1.569987263832493, 0.0 ], [ 29.960131603961944, -1.569515351141649, 0.0 ], [ 29.959645355373453, -1.569128980288183, 0.0 ], [ 29.959132781121262, -1.568601898549377, 0.0 ], [ 29.959082143667477, -1.568544209739815, 0.0 ], [ 29.958541068506406, -1.567899157700303, 0.0 ], [ 29.958032964495789, -1.567269802065297, 0.0 ], [ 29.957426759678565, -1.566739292867522, 0.0 ], [ 29.95741253739131, -1.566726846400579, 0.0 ], [ 29.957133989997526, -1.566483080684943, 0.0 ], [ 29.957031441280357, -1.566392771664965, 0.0 ], [ 29.956844299442814, -1.566227982812298, 0.0 ], [ 29.956821311027824, -1.566207740680452, 0.0 ], [ 29.95680238906148, -1.566160354192849, 0.0 ], [ 29.956376666306337, -1.565869640599785, 0.0 ], [ 29.956274111449353, -1.565775045341427, 0.0 ], [ 29.955929142712858, -1.565462581261221, 0.0 ], [ 29.955916583544994, -1.565472266781434, 0.0 ], [ 29.955868965446619, -1.565441711546602, 0.0 ], [ 29.955867982240402, -1.565441080217669, 0.0 ], [ 29.955883258510198, -1.565421021585236, 0.0 ], [ 29.955808031334293, -1.565383164116354, 0.0 ], [ 29.955806010992518, -1.565382147468493, 0.0 ], [ 29.95572692737538, -1.565342349863558, 0.0 ], [ 29.95561551803106, -1.565256122383758, 0.0 ], [ 29.955279838616921, -1.564996239669664, 0.0 ], [ 29.955218806331814, -1.564948993359309, 0.0 ], [ 29.955140632065863, -1.564791664815016, 0.0 ], [ 29.954827953494654, -1.5644376325995, 0.0 ], [ 29.953969512328079, -1.563748631483757, 0.0 ], [ 29.953431203295793, -1.56332007620515, 0.0 ], [ 29.953169244191596, -1.562982246346059, 0.0 ], [ 29.953108196532696, -1.562903550340903, 0.0 ], [ 29.952717344658836, -1.562549519681832, 0.0 ], [ 29.952506855460221, -1.562334021775337, 0.0 ], [ 29.952489523721972, -1.562316277824893, 0.0 ], [ 29.952169096466836, -1.561988226363436, 0.0 ], [ 29.952149781065078, -1.561977452078586, 0.0 ], [ 29.952139200373512, -1.561971550281257, 0.0 ], [ 29.951394532117273, -1.561556187533975, 0.0 ], [ 29.951394280474329, -1.561556046433484, 0.0 ], [ 29.951391859399894, -1.561550768894769, 0.0 ], [ 29.95138969967396, -1.561553490343142, 0.0 ], [ 29.951288624590106, -1.561497113442847, 0.0 ], [ 29.95015037991617, -1.562168476403612, 0.0 ], [ 29.948990463195344, -1.561390405521966, 0.0 ], [ 29.948951973641705, -1.561364582453975, 0.0 ], [ 29.948944400114179, -1.561359501052993, 0.0 ], [ 29.948701972162343, -1.560586867199057, 0.0 ], [ 29.948677535624771, -1.560508952510885, 0.0 ], [ 29.948587579462977, -1.559875195684426, 0.0 ], [ 29.948565485133141, -1.559719491778064, 0.0 ], [ 29.948549484649789, -1.559139464880032, 0.0 ], [ 29.948501467065952, -1.559026693806275, 0.0 ], [ 29.948516865470566, -1.558382213654483, 0.0 ], [ 29.948518265461548, -1.558317990301706, 0.0 ], [ 29.948523141115665, -1.557910028827475, 0.0 ], [ 29.948523191546641, -1.557905833071978, 0.0 ], [ 29.948523373461594, -1.557890566816904, 0.0 ], [ 29.948523384269738, -1.557889605383791, 0.0 ], [ 29.948523420291906, -1.557886607123507, 0.0 ], [ 29.948465462272289, -1.557829662251513, 0.0 ], [ 29.948464378424095, -1.557828597683846, 0.0 ], [ 29.948386808688131, -1.55775238567261, 0.0 ], [ 29.948179423483566, -1.557400040093868, 0.0 ], [ 29.948171110534211, -1.557385916857072, 0.0 ], [ 29.948006487198636, -1.55710622339876, 0.0 ], [ 29.947517258081717, -1.556357180442736, 0.0 ], [ 29.947124717194047, -1.555739907744562, 0.0 ], [ 29.947061200039723, -1.55563338601762, 0.0 ], [ 29.946705176247676, -1.555036282560876, 0.0 ], [ 29.946132163012109, -1.55424152521921, 0.0 ], [ 29.945569385147778, -1.553404678378181, 0.0 ], [ 29.945455045998365, -1.553111278146712, 0.0 ], [ 29.945399888115489, -1.552969740697864, 0.0 ], [ 29.945322786435241, -1.552771890538401, 0.0 ], [ 29.944886712881754, -1.552303166360779, 0.0 ], [ 29.944415234253153, -1.551651381716759, 0.0 ], [ 29.943936769644562, -1.550810768742206, 0.0 ], [ 29.943619574884323, -1.550233195679278, 0.0 ], [ 29.943153783360938, -1.549581409114011, 0.0 ], [ 29.942723180628583, -1.549078344397537, 0.0 ], [ 29.942075165535663, -1.548432464148235, 0.0 ], [ 29.941994682440445, -1.548332111084071, 0.0 ], [ 29.941979684033843, -1.548313410204482, 0.0 ], [ 29.941681672426448, -1.547941821101895, 0.0 ], [ 29.941105643151904, -1.547409290398737, 0.0 ], [ 29.940607741935473, -1.547060789858087, 0.0 ], [ 29.940379063204254, -1.54685212071477, 0.0 ], [ 29.940368830525649, -1.546842783759091, 0.0 ], [ 29.940000227681864, -1.546506433535087, 0.0 ], [ 29.939547982902891, -1.54616933739528, 0.0 ], [ 29.939084987969515, -1.545884660223744, 0.0 ], [ 29.939024143250183, -1.545847257534511, 0.0 ], [ 29.938808949338597, -1.545638698058132, 0.0 ], [ 29.938682311997969, -1.545515966469934, 0.0 ], [ 29.938591899644599, -1.545428342263868, 0.0 ], [ 29.937695378957137, -1.544703296694787, 0.0 ], [ 29.937368497082435, -1.544388012875872, 0.0 ], [ 29.937311166990639, -1.544332720167852, 0.0 ], [ 29.936782165187335, -1.543850129103097, 0.0 ], [ 29.936748576101603, -1.54381978189842, 0.0 ], [ 29.936334614348592, -1.543462672519913, 0.0 ], [ 29.935986794201959, -1.543000104066682, 0.0 ], [ 29.93588637071008, -1.542866538674588, 0.0 ], [ 29.935486142327701, -1.542463731176289, 0.0 ], [ 29.934989471663489, -1.541851807549506, 0.0 ], [ 29.934933802049269, -1.541783401171526, 0.0 ], [ 29.934857628699557, -1.541690862456967, 0.0 ], [ 29.934476009930968, -1.541224341178786, 0.0 ], [ 29.93404534402497, -1.540675327696197, 0.0 ], [ 29.933917263494745, -1.540594756860637, 0.0 ], [ 29.933643709052294, -1.540241402132784, 0.0 ], [ 29.9336068330384, -1.540194433650301, 0.0 ], [ 29.933308921512211, -1.539837496486004, 0.0 ], [ 29.933159605627239, -1.539651621314423, 0.0 ], [ 29.932700594334698, -1.539080235046141, 0.0 ], [ 29.932598295903784, -1.538993774253661, 0.0 ], [ 29.932300367017824, -1.538741890047931, 0.0 ], [ 29.932172285500108, -1.538612995108025, 0.0 ], [ 29.932108253284895, -1.538548548087854, 0.0 ], [ 29.932008907013074, -1.538440214078245, 0.0 ], [ 29.931916155375994, -1.538339082433169, 0.0 ], [ 29.931627992407737, -1.538081292376157, 0.0 ], [ 29.931489885578625, -1.53792741066348, 0.0 ], [ 29.931466164547576, -1.537900979075101, 0.0 ], [ 29.931375043260918, -1.537799450405966, 0.0 ], [ 29.931370423973707, -1.537794303016056, 0.0 ], [ 29.931214602127849, -1.537620676510574, 0.0 ], [ 29.931213578515507, -1.537619536866953, 0.0 ], [ 29.931179731907761, -1.537581822803968, 0.0 ], [ 29.930436263145413, -1.537179561303016, 0.0 ], [ 29.929931017107894, -1.53688897749187, 0.0 ], [ 29.929851328704967, -1.536840091904423, 0.0 ], [ 29.929242626914235, -1.536550617896511, 0.0 ], [ 29.929000707585516, -1.536454357060316, 0.0 ], [ 29.928996270636535, -1.536452592324739, 0.0 ], [ 29.928634409929035, -1.536308607605482, 0.0 ], [ 29.928554236601638, -1.53627670486328, 0.0 ], [ 29.927977895575133, -1.535906128418992, 0.0 ], [ 29.9271614234972, -1.535616092353073, 0.0 ], [ 29.926633130227522, -1.535438842154572, 0.0 ], [ 29.926489034066634, -1.535438841696341, 0.0 ], [ 29.926349437249222, -1.535324273462473, 0.0 ], [ 29.925837144678283, -1.535130932509788, 0.0 ], [ 29.925647179598286, -1.535073904655332, 0.0 ], [ 29.925632600636686, -1.535069527498912, 0.0 ], [ 29.925107127162658, -1.534911779743505, 0.0 ], [ 29.925021329512223, -1.534886017003304, 0.0 ], [ 29.924311345447396, -1.534672458717325, 0.0 ], [ 29.923621469534531, -1.534460601294182, 0.0 ], [ 29.923374480431878, -1.534380702108942, 0.0 ], [ 29.92327785217185, -1.534358501548782, 0.0 ], [ 29.923164053536464, -1.534318067504071, 0.0 ], [ 29.923070738980186, -1.534293023455516, 0.0 ], [ 29.922978190300935, -1.534263463498944, 0.0 ], [ 29.922263877152073, -1.534035202515088, 0.0 ], [ 29.921590236506624, -1.533716917207797, 0.0 ], [ 29.920967223579428, -1.533504968255693, 0.0 ], [ 29.920424164406612, -1.533305173438761, 0.0 ], [ 29.920050015106334, -1.533129095064222, 0.0 ], [ 29.919651178431447, -1.532939534829948, 0.0 ], [ 29.919566676430591, -1.532902116245798, 0.0 ], [ 29.919009957724882, -1.532657940889382, 0.0 ], [ 29.918969882483754, -1.532640874154124, 0.0 ], [ 29.918485715374771, -1.532462592601464, 0.0 ], [ 29.918385852700869, -1.532418097852168, 0.0 ], [ 29.917704462032248, -1.53211456178558, 0.0 ], [ 29.917128137336185, -1.531843867557602, 0.0 ], [ 29.917029275562236, -1.531808136026557, 0.0 ], [ 29.916628641141386, -1.531663399845668, 0.0 ], [ 29.916475018283698, -1.531607163112617, 0.0 ], [ 29.916442928931616, -1.53159541663431, 0.0 ], [ 29.916352245463614, -1.531562220574034, 0.0 ], [ 29.915783373568622, -1.531354020337667, 0.0 ], [ 29.914810007152237, -1.530967305610665, 0.0 ], [ 29.914224806153079, -1.530840457103372, 0.0 ], [ 29.913853267428987, -1.530626757093983, 0.0 ], [ 29.913484836327655, -1.530441367414513, 0.0 ], [ 29.912993590993, -1.530441352847125, 0.0 ], [ 29.912440955347606, -1.530317723234087, 0.0 ], [ 29.911760580186783, -1.529944271218223, 0.0 ], [ 29.911151457103866, -1.529761507657631, 0.0 ], [ 29.910806391929775, -1.529715214235897, 0.0 ], [ 29.910802673037978, -1.52971471572712, 0.0 ], [ 29.910737682304013, -1.529705996800679, 0.0 ], [ 29.910621835697452, -1.529846452493402, 0.0 ], [ 29.910614629546153, -1.529829483760956, 0.0 ], [ 29.910612778358768, -1.529825125127531, 0.0 ], [ 29.910447435903706, -1.529435767738038, 0.0 ], [ 29.910445686262761, -1.529431645170805, 0.0 ], [ 29.910109636679366, -1.528640294029889, 0.0 ], [ 29.91010309308195, -1.528597186651248, 0.0 ], [ 29.91003211892032, -1.52812957456454, 0.0 ], [ 29.909922929061146, -1.527410075407713, 0.0 ], [ 29.910015664937969, -1.527205250706375, 0.0 ], [ 29.909935632157151, -1.52677024102668, 0.0 ], [ 29.909854426293609, -1.526061351363689, 0.0 ], [ 29.909728454926519, -1.525596455728661, 0.0 ], [ 29.909624187057823, -1.52521163036286, 0.0 ], [ 29.909472440390346, -1.524447850108463, 0.0 ], [ 29.909468348576809, -1.524403417808735, 0.0 ], [ 29.909468035121197, -1.524398685700701, 0.0 ], [ 29.909465302041017, -1.524357396430381, 0.0 ], [ 29.90939688972712, -1.52332396626478, 0.0 ], [ 29.908967987308156, -1.523543524688578, 0.0 ], [ 29.908967071493262, -1.52354399315596, 0.0 ], [ 29.908191144244491, -1.523941195493614, 0.0 ], [ 29.908260254013079, -1.523218393613393, 0.0 ], [ 29.90828286500691, -1.52298191737701, 0.0 ], [ 29.908335846349047, -1.522427807819369, 0.0 ], [ 29.908401234448821, -1.521405482794424, 0.0 ], [ 29.908402451217462, -1.52138646040438, 0.0 ], [ 29.9086923677316, -1.516853660404656, 0.0 ], [ 29.908591430628935, -1.51643532336465, 0.0 ], [ 29.908536541174058, -1.516207833162864, 0.0 ], [ 29.908192203211513, -1.514780708375814, 0.0 ], [ 29.907187926294242, -1.513060083039116, 0.0 ], [ 29.906132743077865, -1.511907919695012, 0.0 ], [ 29.90606180366683, -1.511830459306127, 0.0 ], [ 29.903824293199119, -1.50938730385184, 0.0 ], [ 29.903706569169547, -1.50925875874841, 0.0 ], [ 29.900180162197923, -1.505408243308492, 0.0 ], [ 29.898817805749054, -1.503282956125637, 0.0 ], [ 29.898812536985027, -1.503274738026784, 0.0 ], [ 29.89794163050459, -1.501916117732482, 0.0 ], [ 29.897910109621218, -1.501866944800701, 0.0 ], [ 29.897906956274852, -1.501862025336756, 0.0 ], [ 29.897907153996378, -1.501861912289526, 0.0 ], [ 29.899073884091941, -1.501195130429216, 0.0 ], [ 29.899411740517532, -1.501002047338875, 0.0 ], [ 29.901658639556796, -1.49971795263265, 0.0 ], [ 29.902916893273783, -1.49943098208819, 0.0 ], [ 29.90377404835224, -1.499325859483544, 0.0 ], [ 29.903953379598409, -1.499303866601641, 0.0 ], [ 29.907791989890097, -1.49883309326864, 0.0 ], [ 29.909493675036767, -1.49814322022882, 0.0 ], [ 29.911154495393401, -1.497887232659521, 0.0 ], [ 29.911267923166665, -1.497867316714526, 0.0 ], [ 29.911268615079123, -1.497869642090416, 0.0 ], [ 29.911275122650284, -1.497891520160116, 0.0 ], [ 29.911808142726873, -1.499683571796818, 0.0 ], [ 29.913210834966485, -1.501204047490376, 0.0 ], [ 29.913457109751072, -1.501129094467151, 0.0 ], [ 29.915413376920082, -1.501432473369898, 0.0 ], [ 29.91552615594496, -1.50141354756239, 0.0 ], [ 29.915755939018005, -1.501323788648075, 0.0 ], [ 29.915857694348617, -1.501284040085222, 0.0 ], [ 29.916144709933228, -1.501171924367799, 0.0 ], [ 29.917215467457702, -1.500775744571995, 0.0 ], [ 29.917611648176162, -1.500668668799998, 0.0 ], [ 29.9186502818728, -1.500122582141475, 0.0 ], [ 29.919544748667953, -1.499670739038196, 0.0 ], [ 29.919699625745594, -1.499630034435352, 0.0 ], [ 29.920213587947682, -1.499758524538251, 0.0 ], [ 29.920716844010101, -1.499908430671132, 0.0 ], [ 29.921784086939727, -1.500150986586485, 0.0 ], [ 29.921870168308388, -1.500170550282703, 0.0 ], [ 29.921894678635759, -1.500176120783841, 0.0 ], [ 29.923201002135105, -1.500497347572316, 0.0 ], [ 29.924336005676818, -1.500690083772309, 0.0 ], [ 29.925949102957208, -1.5009325146161, 0.0 ], [ 29.926049637616028, -1.500947623307368, 0.0 ], [ 29.926188414918954, -1.500968480187084, 0.0 ], [ 29.926381151336507, -1.501000603847782, 0.0 ], [ 29.927741013705774, -1.500540177100885, 0.0 ], [ 29.927813645991321, -1.50050368031395, 0.0 ], [ 29.927993078044189, -1.500476075123527, 0.0 ], [ 29.928348602486587, -1.500422208604703, 0.0 ], [ 29.928661032499097, -1.500379114457441, 0.0 ], [ 29.928850000347861, -1.500363997290622, 0.0 ], [ 29.928897048900517, -1.500386870637023, 0.0 ], [ 29.929431827514787, -1.500834471099825, 0.0 ], [ 29.929522041952058, -1.500916777441255, 0.0 ], [ 29.930185911691925, -1.501420033810075, 0.0 ], [ 29.930635629436949, -1.501816213107105, 0.0 ], [ 29.931042516951599, -1.501741260472584, 0.0 ], [ 29.931599310943636, -1.502051779516135, 0.0 ], [ 29.93224176511103, -1.502383714023715, 0.0 ], [ 29.93288422054097, -1.502533620840822, 0.0 ], [ 29.934417216635637, -1.502769610553383, 0.0 ], [ 29.934417482688332, -1.502768468237189, 0.0 ], [ 29.934420957551467, -1.502753574713269, 0.0 ], [ 29.934457154188824, -1.50259844763151, 0.0 ], [ 29.93451543527442, -1.502489656346399, 0.0 ], [ 29.934580477735501, -1.502368243620233, 0.0 ], [ 29.934598034138741, -1.502335470386989, 0.0 ], [ 29.934750062449783, -1.50198556738386, 0.0 ], [ 29.934811415919143, -1.5018558335697, 0.0 ], [ 29.934811801490394, -1.501855018669034, 0.0 ], [ 29.934945767587912, -1.50171278748647, 0.0 ], [ 29.93548616131315, -1.50163418401517, 0.0 ], [ 29.936010832577672, -1.501259419483625, 0.0 ], [ 29.936186492319251, -1.500998002421907, 0.0 ], [ 29.936396377501893, -1.500896240412208, 0.0 ], [ 29.936698034691045, -1.500788505333896, 0.0 ], [ 29.936988917156356, -1.500745412070707, 0.0 ], [ 29.937290573992168, -1.500648450753794, 0.0 ], [ 29.937570684571693, -1.500443755742036, 0.0 ], [ 29.937624205755942, -1.500402585665952, 0.0 ], [ 29.937959609997879, -1.500210077883823, 0.0 ], [ 29.937938194988597, -1.499878142056427, 0.0 ], [ 29.937927488085769, -1.499706821136318, 0.0 ], [ 29.938023855986295, -1.499128612397574, 0.0 ], [ 29.938055978622977, -1.498807384104095, 0.0 ], [ 29.938045271457856, -1.498261298484911, 0.0 ], [ 29.938109516052126, -1.497961486743527, 0.0 ], [ 29.938323668673956, -1.497576013059783, 0.0 ], [ 29.938334184389284, -1.497418262249255, 0.0 ], [ 29.938334374995669, -1.497415400564732, 0.0 ], [ 29.938327065180058, -1.49727650438514, 0.0 ], [ 29.938346591329463, -1.497248260673346, 0.0 ], [ 29.938450569010275, -1.497097861186183, 0.0 ], [ 29.938577269258772, -1.496928929183224, 0.0 ], [ 29.938723586583674, -1.496563137151692, 0.0 ], [ 29.939287721698975, -1.496460567139189, 0.0 ], [ 29.939440733075369, -1.496432747700643, 0.0 ], [ 29.93952832888742, -1.496416820902002, 0.0 ], [ 29.940223334048341, -1.496343661662593, 0.0 ], [ 29.941137814090585, -1.496563137653676, 0.0 ] ] ] } },
{ "type": "Feature", "properties": { "sector": "Gitovu", "district": "Burera", "province": "North", "Area_m2_gis": 38003049.389214292, "Perimeter_m_gis": 31437.041121953487 }, "geometry": { "type": "Polygon", "coordinates": [ [ [ 29.792254630402226, -1.445355500692671, 0.0 ], [ 29.79308946755102, -1.449341847798699, 0.0 ], [ 29.793102465887056, -1.44940391946349, 0.0 ], [ 29.793406536368856, -1.450855852655072, 0.0 ], [ 29.793459211878055, -1.451064362649232, 0.0 ], [ 29.793475949279138, -1.451130613207956, 0.0 ], [ 29.794097678965993, -1.453591630422522, 0.0 ], [ 29.794702429958591, -1.455981835892643, 0.0 ], [ 29.795105597459404, -1.457652099269751, 0.0 ], [ 29.795623955063029, -1.459120779793691, 0.0 ], [ 29.79573914621929, -1.460157495135188, 0.0 ], [ 29.795790861698531, -1.460342194526335, 0.0 ], [ 29.795794899106912, -1.460356614513836, 0.0 ], [ 29.795940729176699, -1.460877436278411, 0.0 ], [ 29.796441097399121, -1.462350742263562, 0.0 ], [ 29.796434522464061, -1.462352050400249, 0.0 ], [ 29.796450320522332, -1.462412082786761, 0.0 ], [ 29.796515516155345, -1.462659825256437, 0.0 ], [ 29.796580311549615, -1.463210580471195, 0.0 ], [ 29.796726099440885, -1.463793732271576, 0.0 ], [ 29.79670990044616, -1.464004315293993, 0.0 ], [ 29.796855688069819, -1.464700858678188, 0.0 ], [ 29.796920483289565, -1.465024832532777, 0.0 ], [ 29.797195860088095, -1.4657861706443, 0.0 ], [ 29.797357847325866, -1.466207336319281, 0.0 ], [ 29.79743884149304, -1.466741892532781, 0.0 ], [ 29.797455929422615, -1.467049487907699, 0.0 ], [ 29.797460315129623, -1.467128437598218, 0.0 ], [ 29.797471238125894, -1.467325045752974, 0.0 ], [ 29.797438841463038, -1.467681416227544, 0.0 ], [ 29.797568429949557, -1.468053985658741, 0.0 ], [ 29.797487437469396, -1.468329363787156, 0.0 ], [ 29.797600827049891, -1.468701933552551, 0.0 ], [ 29.797746616460614, -1.469123098656043, 0.0 ], [ 29.797908602379284, -1.469511867892649, 0.0 ], [ 29.79795719838485, -1.469771045592755, 0.0 ], [ 29.798054391569007, -1.470386595719853, 0.0 ], [ 29.798183980110526, -1.47139091413683, 0.0 ], [ 29.79839456322803, -1.471828278368083, 0.0 ], [ 29.798588947625337, -1.472994583037867, 0.0 ], [ 29.798896721966806, -1.473934106694889, 0.0 ], [ 29.799013444420012, -1.474646108056381, 0.0 ], [ 29.799058709400821, -1.47492222667211, 0.0 ], [ 29.79930168904492, -1.475440584450414, 0.0 ], [ 29.799317888025502, -1.476072332219807, 0.0 ], [ 29.799398881740693, -1.476266716370578, 0.0 ], [ 29.799577067420397, -1.476282915832611, 0.0 ], [ 29.799534479741979, -1.476306076700193, 0.0 ], [ 29.799829853139631, -1.476367380756081, 0.0 ], [ 29.79984604644142, -1.476370741344121, 0.0 ], [ 29.800231066721061, -1.47645065073485, 0.0 ], [ 29.800075632569364, -1.476714251716517, 0.0 ], [ 29.799499678711129, -1.476887037784067, 0.0 ], [ 29.799730060646795, -1.477837359831879, 0.0 ], [ 29.800104429081554, -1.480054779107622, 0.0 ], [ 29.800450001064437, -1.481638650511004, 0.0 ], [ 29.800726652738838, -1.482945058044065, 0.0 ], [ 29.800733218554086, -1.482976065841274, 0.0 ], [ 29.800968359094892, -1.484086450328752, 0.0 ], [ 29.801057926971914, -1.484489505040638, 0.0 ], [ 29.801060577068935, -1.484501430431984, 0.0 ], [ 29.801198740578311, -1.485123166158556, 0.0 ], [ 29.801371526272614, -1.485727917666662, 0.0 ], [ 29.801832288394685, -1.487455776767749, 0.0 ], [ 29.801834181568424, -1.487460129144325, 0.0 ], [ 29.801875762205643, -1.487555733093266, 0.0 ], [ 29.801923599149259, -1.487747079797758, 0.0 ], [ 29.802046607466743, -1.488245948449736, 0.0 ], [ 29.802258456709676, -1.489100176554382, 0.0 ], [ 29.802340462094641, -1.489243686447714, 0.0 ], [ 29.802538642046859, -1.48958537778804, 0.0 ], [ 29.802565978609838, -1.489687884101595, 0.0 ], [ 29.802969173578791, -1.490166251521223, 0.0 ], [ 29.80359737973404, -1.490732258438863, 0.0 ], [ 29.803598872358716, -1.490733604392101, 0.0 ], [ 29.803659389713097, -1.49078812906986, 0.0 ], [ 29.80391223995602, -1.490986309161373, 0.0 ], [ 29.804044384412233, -1.491238095029798, 0.0 ], [ 29.804121736226801, -1.491405049575669, 0.0 ], [ 29.804123284301745, -1.491409449856023, 0.0 ], [ 29.804441497649446, -1.492122519273923, 0.0 ], [ 29.804521759695554, -1.492440136194482, 0.0 ], [ 29.804599807111909, -1.492699427747612, 0.0 ], [ 29.804865228426856, -1.492982307776913, 0.0 ], [ 29.804929472471802, -1.493132226754283, 0.0 ], [ 29.80493115449794, -1.493136150402008, 0.0 ], [ 29.805036951428498, -1.493383035391951, 0.0 ], [ 29.805081027221306, -1.493538342175711, 0.0 ], [ 29.805107449343009, -1.493535521749658, 0.0 ], [ 29.805112057037551, -1.49353502923633, 0.0 ], [ 29.80523322942696, -1.493522090150679, 0.0 ], [ 29.80522878271853, -1.493541655688559, 0.0 ], [ 29.805227959187441, -1.493545278835814, 0.0 ], [ 29.8052165241517, -1.493595592286088, 0.0 ], [ 29.805330738562606, -1.493738359715923, 0.0 ], [ 29.8053735684414, -1.493866850392175, 0.0 ], [ 29.805359290933851, -1.493966788870367, 0.0 ], [ 29.805330738244479, -1.494109555329831, 0.0 ], [ 29.805387845113984, -1.494266600718476, 0.0 ], [ 29.8054306753601, -1.494380814675195, 0.0 ], [ 29.805516336566793, -1.494509305549827, 0.0 ], [ 29.805560544229678, -1.494606562122888, 0.0 ], [ 29.805561038421128, -1.494607648409563, 0.0 ], [ 29.805587720263148, -1.494666349494508, 0.0 ], [ 29.805630550525169, -1.494780563449275, 0.0 ], [ 29.805773317921307, -1.494951884135299, 0.0 ], [ 29.805916085005482, -1.495208866038637, 0.0 ], [ 29.805973192314326, -1.495423018299419, 0.0 ], [ 29.806024731498105, -1.495654944287007, 0.0 ], [ 29.806027309760307, -1.495666544068625, 0.0 ], [ 29.80603029946597, -1.495680000719648, 0.0 ], [ 29.806087405941593, -1.496036919274783, 0.0 ], [ 29.806090116221487, -1.496080278778062, 0.0 ], [ 29.806115959902844, -1.49649377504351, 0.0 ], [ 29.806116765334252, -1.496501820184743, 0.0 ], [ 29.806132454619071, -1.496658723500894, 0.0 ], [ 29.80613363717378, -1.49667055650608, 0.0 ], [ 29.806134552150045, -1.496679707797609, 0.0 ], [ 29.80614451363131, -1.496779311077085, 0.0 ], [ 29.80620162140729, -1.497193337415999, 0.0 ], [ 29.806087406573106, -1.497635917325762, 0.0 ], [ 29.806016023569786, -1.49787862244022, 0.0 ], [ 29.805919636472787, -1.498032841315838, 0.0 ], [ 29.805867002139294, -1.498153947704712, 0.0 ], [ 29.805844701325753, -1.498321201758555, 0.0 ], [ 29.805716210937266, -1.498492522686932, 0.0 ], [ 29.805659103070678, -1.498692397086244, 0.0 ], [ 29.805587720342039, -1.498778058262794, 0.0 ], [ 29.805629321045295, -1.498986064325344, 0.0 ], [ 29.8056308984767, -1.498993949448039, 0.0 ], [ 29.805644827662107, -1.499063593224695, 0.0 ], [ 29.805801871230656, -1.499234914309281, 0.0 ], [ 29.805816147888706, -1.499349128433394, 0.0 ], [ 29.805816148069621, -1.499591833565695, 0.0 ], [ 29.805787594030321, -1.499748878546142, 0.0 ], [ 29.80577331790322, -1.499934476429971, 0.0 ], [ 29.805844701021389, -1.500262841014441, 0.0 ], [ 29.805830425230209, -1.500791082870852, 0.0 ], [ 29.805901808542473, -1.50121938539403, 0.0 ], [ 29.805969925578669, -1.501550236015548, 0.0 ], [ 29.805973260148715, -1.501566435889945, 0.0 ], [ 29.806001745932821, -1.501704795534528, 0.0 ], [ 29.805958916432552, -1.502018884051688, 0.0 ], [ 29.806084274610644, -1.502189013865453, 0.0 ], [ 29.806183039658006, -1.502333252367592, 0.0 ], [ 29.806287281413635, -1.502518570500931, 0.0 ], [ 29.806287281063444, -1.502818383414392, 0.0 ], [ 29.806238621199483, -1.502872449714931, 0.0 ], [ 29.806233829722967, -1.502877774679864, 0.0 ], [ 29.806217856337273, -1.502895521246394, 0.0 ], [ 29.806324425587746, -1.502909468308496, 0.0 ], [ 29.806410038676759, -1.502914482067887, 0.0 ], [ 29.806410335410241, -1.503014721215451, 0.0 ], [ 29.806432011652564, -1.50326616615848, 0.0 ], [ 29.806438267453629, -1.503338734236067, 0.0 ], [ 29.806532857548028, -1.503284746191922, 0.0 ], [ 29.806551819061987, -1.503267842835535, 0.0 ], [ 29.806679454161404, -1.503362057042316, 0.0 ], [ 29.806697887247964, -1.503375664303102, 0.0 ], [ 29.806795260040218, -1.503522684747568, 0.0 ], [ 29.806816314691844, -1.503576801584987, 0.0 ], [ 29.806866763016856, -1.503706473240297, 0.0 ], [ 29.806894094623843, -1.503776722379627, 0.0 ], [ 29.806989984098813, -1.504051942835978, 0.0 ], [ 29.807358039494584, -1.50444593433996, 0.0 ], [ 29.807369710432937, -1.504934043632718, 0.0 ], [ 29.807671568380595, -1.505355503656366, 0.0 ], [ 29.807793031947408, -1.505483586154397, 0.0 ], [ 29.808084735088848, -1.505540270283575, 0.0 ], [ 29.808275092452995, -1.505692555572333, 0.0 ], [ 29.808655806014244, -1.506073269826119, 0.0 ], [ 29.808723121418918, -1.506151803615047, 0.0 ], [ 29.808726900103817, -1.506156212231126, 0.0 ], [ 29.808884234492265, -1.506339769489136, 0.0 ], [ 29.809245912004503, -1.506986982287815, 0.0 ], [ 29.809417234360023, -1.507424803866698, 0.0 ], [ 29.809799366445873, -1.508500535314468, 0.0 ], [ 29.809802750944002, -1.508521717798788, 0.0 ], [ 29.809819167737182, -1.50862445827455, 0.0 ], [ 29.809869253467912, -1.508937914723766, 0.0 ], [ 29.810223416732317, -1.509241636176818, 0.0 ], [ 29.810265788584527, -1.509372070434347, 0.0 ], [ 29.810342003378437, -1.509676327314354, 0.0 ], [ 29.810730696698595, -1.509880407723771, 0.0 ], [ 29.810699855240372, -1.510030730719338, 0.0 ], [ 29.810748537237512, -1.510158144666421, 0.0 ], [ 29.810804058212941, -1.51020487153841, 0.0 ], [ 29.810899456559873, -1.510285157850338, 0.0 ], [ 29.811187553176424, -1.510527620519536, 0.0 ], [ 29.811035267358289, -1.510946405823985, 0.0 ], [ 29.811454052591305, -1.511003512242401, 0.0 ], [ 29.811464132763014, -1.511021655458828, 0.0 ], [ 29.811501002038636, -1.511088022600491, 0.0 ], [ 29.811506052907589, -1.511097114559683, 0.0 ], [ 29.81151969052382, -1.511121660678801, 0.0 ], [ 29.811549231054965, -1.511174834891555, 0.0 ], [ 29.811420399595381, -1.511314692107814, 0.0 ], [ 29.81147881918741, -1.511442107801036, 0.0 ], [ 29.811488544148297, -1.511608721664396, 0.0 ], [ 29.811469045252426, -1.511853738726195, 0.0 ], [ 29.811385841618662, -1.512021172037987, 0.0 ], [ 29.811381383237418, -1.512030143779075, 0.0 ], [ 29.81134242273631, -1.512108546123512, 0.0 ], [ 29.811283981027856, -1.512216350388941, 0.0 ], [ 29.811283964245945, -1.512410639527417, 0.0 ], [ 29.811283964096962, -1.512412364311011, 0.0 ], [ 29.811313163368997, -1.512608382597824, 0.0 ], [ 29.811283937002752, -1.512725989118035, 0.0 ], [ 29.811157321927656, -1.512872989832315, 0.0 ], [ 29.811029405625803, -1.513112018072426, 0.0 ], [ 29.810952778973782, -1.513255201854838, 0.0 ], [ 29.811004567031748, -1.513433949867243, 0.0 ], [ 29.811020929479159, -1.513490425074954, 0.0 ], [ 29.811196196109698, -1.513813865844105, 0.0 ], [ 29.811284900192021, -1.51394516971106, 0.0 ], [ 29.811358423388146, -1.514054001219709, 0.0 ], [ 29.811369259169687, -1.514095448527935, 0.0 ], [ 29.8115058763806, -1.513976154660849, 0.0 ], [ 29.811674933642074, -1.513823723714445, 0.0 ], [ 29.811786404347508, -1.513752115588612, 0.0 ], [ 29.81177765903983, -1.513782723177017, 0.0 ], [ 29.811828649602955, -1.513862041447995, 0.0 ], [ 29.811948979977224, -1.514049223085063, 0.0 ], [ 29.811910909138266, -1.514315722801873, 0.0 ], [ 29.811682480117579, -1.514563186230859, 0.0 ], [ 29.811796695459016, -1.514981971323711, 0.0 ], [ 29.811792115263913, -1.515027767681758, 0.0 ], [ 29.811773760297957, -1.51521131669877, 0.0 ], [ 29.811758623698427, -1.515362685712892, 0.0 ], [ 29.81195490675286, -1.515542612178911, 0.0 ], [ 29.811990574756003, -1.515575037066114, 0.0 ], [ 29.811969159160828, -1.515649990474838, 0.0 ], [ 29.811894206304459, -1.515746358358203, 0.0 ], [ 29.811904913288899, -1.515864141121752, 0.0 ], [ 29.812044112075323, -1.515917679460091, 0.0 ], [ 29.811990574612015, -1.516024755175122, 0.0 ], [ 29.81181925300347, -1.516024755575831, 0.0 ], [ 29.811947743457786, -1.516153246454862, 0.0 ], [ 29.81196915955698, -1.516249614618668, 0.0 ], [ 29.81207929162526, -1.516288947859868, 0.0 ], [ 29.812082682364473, -1.516290158308339, 0.0 ], [ 29.812082350650051, -1.516291194777547, 0.0 ], [ 29.812079771547541, -1.516299257712199, 0.0 ], [ 29.812050075460032, -1.516392087729861, 0.0 ], [ 29.812058254407059, -1.516478211855699, 0.0 ], [ 29.811928180408479, -1.516443292387475, 0.0 ], [ 29.811662423114477, -1.516544955395391, 0.0 ], [ 29.811372185009745, -1.516603346493548, 0.0 ], [ 29.811198044999429, -1.516603331216299, 0.0 ], [ 29.810965858022072, -1.516603311729123, 0.0 ], [ 29.810796233149482, -1.516603296816119, 0.0 ], [ 29.81072817847544, -1.516381881811672, 0.0 ], [ 29.810728565416955, -1.516407221782202, 0.0 ], [ 29.810591790757112, -1.516484806007489, 0.0 ], [ 29.810522153016333, -1.516537357382658, 0.0 ], [ 29.810494779121527, -1.516558015290475, 0.0 ], [ 29.810368172366726, -1.516626609271617, 0.0 ], [ 29.810282721405923, -1.516755494703323, 0.0 ], [ 29.810290237340435, -1.516920625064814, 0.0 ], [ 29.810248499608786, -1.517020361257845, 0.0 ], [ 29.810212312582099, -1.51710683329666, 0.0 ], [ 29.81016658604322, -1.517148268380413, 0.0 ], [ 29.809805199284138, -1.517475743595774, 0.0 ], [ 29.809462386750056, -1.517724215899259, 0.0 ], [ 29.80931690189324, -1.517747573043396, 0.0 ], [ 29.809200852107139, -1.517766204333556, 0.0 ], [ 29.809200795487325, -1.517766214277474, 0.0 ], [ 29.809048096440034, -1.517792025435519, 0.0 ], [ 29.809043618983779, -1.51779278387005, 0.0 ], [ 29.808917008676136, -1.517900579260784, 0.0 ], [ 29.808780664988305, -1.517929969850465, 0.0 ], [ 29.80846903325908, -1.517880938178939, 0.0 ], [ 29.808305272192339, -1.517873258378619, 0.0 ], [ 29.808301366664129, -1.517870080702843, 0.0 ], [ 29.808263007530897, -1.517842330611364, 0.0 ], [ 29.808195356706374, -1.517793390296069, 0.0 ], [ 29.807198256891873, -1.517072060463943, 0.0 ], [ 29.807080031578902, -1.516986699778465, 0.0 ], [ 29.806948328171455, -1.516963394795679, 0.0 ], [ 29.806558547480943, -1.51664898527278, 0.0 ], [ 29.806329360667075, -1.516414154478124, 0.0 ], [ 29.805998328023986, -1.516575061287228, 0.0 ], [ 29.805574040430031, -1.516645159330565, 0.0 ], [ 29.805363328430101, -1.516663394754911, 0.0 ], [ 29.805165925162722, -1.516755349327076, 0.0 ], [ 29.805103343322035, -1.516785298080517, 0.0 ], [ 29.803996661981227, -1.516808394802995, 0.0 ], [ 29.803852856670691, -1.516813995603346, 0.0 ], [ 29.802518263518401, -1.517126250877773, 0.0 ], [ 29.802410340470672, -1.517188285202378, 0.0 ], [ 29.802277957919898, -1.517123085838131, 0.0 ], [ 29.802113805430754, -1.517062896899505, 0.0 ], [ 29.801704414303682, -1.516782786880812, 0.0 ], [ 29.80158141837563, -1.516712978372836, 0.0 ], [ 29.801395367560833, -1.516607381357791, 0.0 ], [ 29.801305796632377, -1.516556543103183, 0.0 ], [ 29.800950270977967, -1.516384168559015, 0.0 ], [ 29.800573200122052, -1.516265659083828, 0.0 ], [ 29.800401156046046, -1.516265659410424, 0.0 ], [ 29.800119131946381, -1.51627675613078, 0.0 ], [ 29.799989476964317, -1.516281858735431, 0.0 ], [ 29.799962944188113, -1.516282902715104, 0.0 ], [ 29.799582042464429, -1.516513449049637, 0.0 ], [ 29.799345025996157, -1.516718145138639, 0.0 ], [ 29.799283661001486, -1.516913399783126, 0.0 ], [ 29.799247055595213, -1.517029872081377, 0.0 ], [ 29.799246039752262, -1.517033103579167, 0.0 ], [ 29.799243026384381, -1.517042690446406, 0.0 ], [ 29.799226518485142, -1.517095216530283, 0.0 ], [ 29.799129623062516, -1.517414968729248, 0.0 ], [ 29.799109520746143, -1.5175016880352, 0.0 ], [ 29.799054142719037, -1.517806264754765, 0.0 ], [ 29.798849446636549, -1.51829107040699, 0.0 ], [ 29.798687844402856, -1.518506539088269, 0.0 ], [ 29.798569336644423, -1.518883610409118, 0.0 ], [ 29.798386188681619, -1.519088306870177, 0.0 ], [ 29.798407735627926, -1.519540792424562, 0.0 ], [ 29.798418508294159, -1.519950183641252, 0.0 ], [ 29.798418507882925, -1.520187199641272, 0.0 ], [ 29.798429280940901, -1.520553497531503, 0.0 ], [ 29.79824613309351, -1.52082283303852, 0.0 ], [ 29.798196966990073, -1.521037375209911, 0.0 ], [ 29.798145337398079, -1.521262671031855, 0.0 ], [ 29.798127625545295, -1.521339960766934, 0.0 ], [ 29.798138398019599, -1.521760125755363, 0.0 ], [ 29.798192265029513, -1.522244930263773, 0.0 ], [ 29.798181643189551, -1.522282866329565, 0.0 ], [ 29.798136014672764, -1.522445829067049, 0.0 ], [ 29.798116851304883, -1.522514267736267, 0.0 ], [ 29.797858288367987, -1.522794377088271, 0.0 ], [ 29.797729006607934, -1.523236089071628, 0.0 ], [ 29.797567405661628, -1.523720894017381, 0.0 ], [ 29.797588950943918, -1.524044098676078, 0.0 ], [ 29.797524311468255, -1.524431943303536, 0.0 ], [ 29.797459670130372, -1.52473360037907, 0.0 ], [ 29.797353258511976, -1.525042191512014, 0.0 ], [ 29.797311460075154, -1.525167811733688, 0.0 ], [ 29.797246609148761, -1.525211543778549, 0.0 ], [ 29.797201107666627, -1.525283046011924, 0.0 ], [ 29.796910222927735, -1.525380007773245, 0.0 ], [ 29.796425418570877, -1.525315367832846, 0.0 ], [ 29.796156081345277, -1.525250726625161, 0.0 ], [ 29.795822104565133, -1.525218405082298, 0.0 ], [ 29.795563541091717, -1.525326140806253, 0.0 ], [ 29.795100282026418, -1.525476969200891, 0.0 ], [ 29.794874039545078, -1.525617024748119, 0.0 ], [ 29.794540062420356, -1.525692438089471, 0.0 ], [ 29.794335366197835, -1.525789399616867, 0.0 ], [ 29.794121941122341, -1.525948421667847, 0.0 ], [ 29.794044726969329, -1.526005953378834, 0.0 ], [ 29.793785920666405, -1.526198790121631, 0.0 ], [ 29.793538130679654, -1.526317299484385, 0.0 ], [ 29.793021004201044, -1.526457354726424, 0.0 ], [ 29.792751668334223, -1.5265758628055, 0.0 ], [ 29.79263955327788, -1.526578247811286, 0.0 ], [ 29.792570465239372, -1.526579717164832, 0.0 ], [ 29.792245315403001, -1.526586635354485, 0.0 ], [ 29.791857470708351, -1.526672823114753, 0.0 ], [ 29.791447200278174, -1.526703593116216, 0.0 ], [ 29.791272370556168, -1.526682843397463, 0.0 ], [ 29.791272025397056, -1.526683384223308, 0.0 ], [ 29.791271908546186, -1.52668356871919, 0.0 ], [ 29.791234537741097, -1.526678353642404, 0.0 ], [ 29.791145893182222, -1.526665984801781, 0.0 ], [ 29.790963272957704, -1.526640502228198, 0.0 ], [ 29.790586202292296, -1.526640502392405, 0.0 ], [ 29.790112170027143, -1.526511221209861, 0.0 ], [ 29.789562722980136, -1.526252658037848, 0.0 ], [ 29.789325707074106, -1.526080282302083, 0.0 ], [ 29.788787034661041, -1.525778625818887, 0.0 ], [ 29.788108306121046, -1.525261499728302, 0.0 ], [ 29.787634274460494, -1.52500293636855, 0.0 ], [ 29.78705250754583, -1.524873655641662, 0.0 ], [ 29.786427646362071, -1.524809014018051, 0.0 ], [ 29.785849730361715, -1.524818646497811, 0.0 ], [ 29.785706662560724, -1.524923394284249, 0.0 ], [ 29.785648168048464, -1.524894639667831, 0.0 ], [ 29.785436488217826, -1.525013710618153, 0.0 ], [ 29.784703892228645, -1.525207632770686, 0.0 ], [ 29.78454229058288, -1.525326140668047, 0.0 ], [ 29.784434556421527, -1.52536923485451, 0.0 ], [ 29.78402516439872, -1.525390781798499, 0.0 ], [ 29.783648093375714, -1.525272273791817, 0.0 ], [ 29.783335663545255, -1.525089124211125, 0.0 ], [ 29.78308787365388, -1.524916749492557, 0.0 ], [ 29.782796990404179, -1.524959842202055, 0.0 ], [ 29.782613841094925, -1.525132218422618, 0.0 ], [ 29.782473786717631, -1.525423101452627, 0.0 ], [ 29.782301410171595, -1.52575707988141, 0.0 ], [ 29.782303831329198, -1.525810529323123, 0.0 ], [ 29.782306274904617, -1.52586447621295, 0.0 ], [ 29.782343733141715, -1.525982799772913, 0.0 ], [ 29.782366051553975, -1.526101829068892, 0.0 ], [ 29.782419918110406, -1.526349619544828, 0.0 ], [ 29.782721575046907, -1.526748237284526, 0.0 ], [ 29.782845439430645, -1.526785935466758, 0.0 ], [ 29.782896746267419, -1.526830092162563, 0.0 ], [ 29.782927793638251, -1.526844600837124, 0.0 ], [ 29.783003797151302, -1.52688011533575, 0.0 ], [ 29.782933643281744, -1.527266605523955, 0.0 ], [ 29.782838900392242, -1.527851176128111, 0.0 ], [ 29.782664931524415, -1.528288482031078, 0.0 ], [ 29.782524513644592, -1.528759625781709, 0.0 ], [ 29.782539780622553, -1.528995976499309, 0.0 ], [ 29.782546161453119, -1.52909477531204, 0.0 ], [ 29.782549353215273, -1.529144186476343, 0.0 ], [ 29.782604106595002, -1.529608871553404, 0.0 ], [ 29.782672182138722, -1.529586555836967, 0.0 ], [ 29.782624614083559, -1.529603204570391, 0.0 ], [ 29.782595896031214, -1.529750622871093, 0.0 ], [ 29.782506338438424, -1.530210354046459, 0.0 ], [ 29.78229840392093, -1.530773518329829, 0.0 ], [ 29.782294124743952, -1.531302951247062, 0.0 ], [ 29.782008309993383, -1.531838062422575, 0.0 ], [ 29.781762841369023, -1.532194170460027, 0.0 ], [ 29.78173232347962, -1.532213220408805, 0.0 ], [ 29.7817494422188, -1.532249101569475, 0.0 ], [ 29.781676472729707, -1.532248084725744, 0.0 ], [ 29.781495978115327, -1.532360752143489, 0.0 ], [ 29.781276361399144, -1.532163299708393, 0.0 ], [ 29.780776484873353, -1.53186129060504, 0.0 ], [ 29.780262521663655, -1.531818460019458, 0.0 ], [ 29.780048369932704, -1.531764922704711, 0.0 ], [ 29.779812803598901, -1.531561478347934, 0.0 ], [ 29.779587944432851, -1.531368742823548, 0.0 ], [ 29.779256009390295, -1.530983269453614, 0.0 ], [ 29.779031149919927, -1.530715580580154, 0.0 ], [ 29.7789277299159, -1.530602955390838, 0.0 ], [ 29.778917908934055, -1.530592260194708, 0.0 ], [ 29.778692301354283, -1.530346573692992, 0.0 ], [ 29.778594577580186, -1.530171344190367, 0.0 ], [ 29.778497348922219, -1.529997003807787, 0.0 ], [ 29.778379871426672, -1.52978635321231, 0.0 ], [ 29.777938159559763, -1.529409282357386, 0.0 ], [ 29.777539541405691, -1.529118398833747, 0.0 ], [ 29.777028834307902, -1.528873877230601, 0.0 ], [ 29.776664776598842, -1.528756094688386, 0.0 ], [ 29.776386378939957, -1.528649018860394, 0.0 ], [ 29.775947369101708, -1.528541942425604, 0.0 ], [ 29.775323489391369, -1.52835313604757, 0.0 ], [ 29.775144858181918, -1.528299077466495, 0.0 ], [ 29.77514304822547, -1.52829852918129, 0.0 ], [ 29.775137624646671, -1.528296888848533, 0.0 ], [ 29.775133593134871, -1.528295668325583, 0.0 ], [ 29.774115922633314, -1.528053845771799, 0.0 ], [ 29.774109296568046, -1.528052270429552, 0.0 ], [ 29.774052127994619, -1.528038686830838, 0.0 ], [ 29.77387742641519, -1.52803262211095, 0.0 ], [ 29.773768938907164, -1.52802365931235, 0.0 ], [ 29.773761008911837, -1.528003894509829, 0.0 ], [ 29.773724562490564, -1.528088937548978, 0.0 ], [ 29.773396539331426, -1.52800389474929, 0.0 ], [ 29.772959174049756, -1.528003894411641, 0.0 ], [ 29.772881730760208, -1.528004647718761, 0.0 ], [ 29.772875286065041, -1.528004710344443, 0.0 ], [ 29.772574774182942, -1.528007631372354, 0.0 ], [ 29.771819224181389, -1.528168928389401, 0.0 ], [ 29.771818039647687, -1.52816918150775, 0.0 ], [ 29.771763827909254, -1.528180754433487, 0.0 ], [ 29.77157248156557, -1.528171643378611, 0.0 ], [ 29.77133557559295, -1.528435884540038, 0.0 ], [ 29.771107780966982, -1.528545225759371, 0.0 ], [ 29.770898211213467, -1.52855433727595, 0.0 ], [ 29.770679529263038, -1.528700125890026, 0.0 ], [ 29.770618572403237, -1.528697072259799, 0.0 ], [ 29.77061759999814, -1.528697023315206, 0.0 ], [ 29.770151778414942, -1.528673689134054, 0.0 ], [ 29.769604622633434, -1.528587296231083, 0.0 ], [ 29.769146994548279, -1.528733738102794, 0.0 ], [ 29.769145996041232, -1.528734057264229, 0.0 ], [ 29.768884681067192, -1.528817678482827, 0.0 ], [ 29.768279929994321, -1.528817678019392, 0.0 ], [ 29.767847965086485, -1.528817678100272, 0.0 ], [ 29.766832815321088, -1.529012364270042, 0.0 ], [ 29.766831393523713, -1.529012637257346, 0.0 ], [ 29.76574573704935, -1.529220845684031, 0.0 ], [ 29.76496938048086, -1.529479631677059, 0.0 ], [ 29.764968656988657, -1.529479872179915, 0.0 ], [ 29.764968279514353, -1.529479998760733, 0.0 ], [ 29.76496819952758, -1.529480008700832, 0.0 ], [ 29.764968200000958, -1.529467397108597, 0.0 ], [ 29.764968200659574, -1.52809773603178, 0.0 ], [ 29.764795414629361, -1.526369877293466, 0.0 ], [ 29.764593830287986, -1.524642018101646, 0.0 ], [ 29.763931484668177, -1.520495155231212, 0.0 ], [ 29.763729901128624, -1.519228059643933, 0.0 ], [ 29.763422227954425, -1.517354050258271, 0.0 ], [ 29.76341178915715, -1.517356585175646, 0.0 ], [ 29.763410089650801, -1.517356998320366, 0.0 ], [ 29.763280500152788, -1.516984429266295, 0.0 ], [ 29.763215705745651, -1.516547064706691, 0.0 ], [ 29.763118512932028, -1.516142097447232, 0.0 ], [ 29.763142634450425, -1.516198655098176, 0.0 ], [ 29.76263076501802, -1.514293365587998, 0.0 ], [ 29.762256956098408, -1.512666194792054, 0.0 ], [ 29.762237325923831, -1.512580745114342, 0.0 ], [ 29.762223487877527, -1.512520508405293, 0.0 ], [ 29.762141205184509, -1.512162338811316, 0.0 ], [ 29.762015384087807, -1.511751072545682, 0.0 ], [ 29.761714696660569, -1.511095025875377, 0.0 ], [ 29.76173292027114, -1.510958349854518, 0.0 ], [ 29.761508252026481, -1.509955503656194, 0.0 ], [ 29.761054689054451, -1.508422028237448, 0.0 ], [ 29.760298751599564, -1.506197409784858, 0.0 ], [ 29.760233956184038, -1.505700650289758, 0.0 ], [ 29.759607607267927, -1.50442635353057, 0.0 ], [ 29.759132445981109, -1.503195254425652, 0.0 ], [ 29.758353797384043, -1.501963853830413, 0.0 ], [ 29.758349743122434, -1.501965754523997, 0.0 ], [ 29.758341410005372, -1.50194426487398, 0.0 ], [ 29.758041968633687, -1.501172018616393, 0.0 ], [ 29.75753980918585, -1.500200098820618, 0.0 ], [ 29.757262032034603, -1.499708338880515, 0.0 ], [ 29.75711624323495, -1.499254774827681, 0.0 ], [ 29.75687326355126, -1.499011794632224, 0.0 ], [ 29.756565488236923, -1.498509635599792, 0.0 ], [ 29.756030932578028, -1.497456721638787, 0.0 ], [ 29.755334389118637, -1.496209422313346, 0.0 ], [ 29.754637845470111, -1.494929727455883, 0.0 ], [ 29.754054693258791, -1.4939740058416, 0.0 ], [ 29.753901185020759, -1.493645981486665, 0.0 ], [ 29.753703004658139, -1.493338459485516, 0.0 ], [ 29.753313477614562, -1.492579906075878, 0.0 ], [ 29.752780438965171, -1.491623171546267, 0.0 ], [ 29.752657430477107, -1.491445492022077, 0.0 ], [ 29.752513920023297, -1.491178973749453, 0.0 ], [ 29.752336241650728, -1.490850949326457, 0.0 ], [ 29.752169178429821, -1.49061424974683, 0.0 ], [ 29.752168277906268, -1.490614494749533, 0.0 ], [ 29.752034639296792, -1.490456557138356, 0.0 ], [ 29.751597273984618, -1.489727616034986, 0.0 ], [ 29.751208506617488, -1.489265954821977, 0.0 ], [ 29.751087015942122, -1.489035122080829, 0.0 ], [ 29.750904780993547, -1.488767844144064, 0.0 ], [ 29.750564608478864, -1.487856668279055, 0.0 ], [ 29.750309478915533, -1.487322112146197, 0.0 ], [ 29.750273262932403, -1.487124716483035, 0.0 ], [ 29.748929373610448, -1.485358459502542, 0.0 ], [ 29.747086323599792, -1.482248313091764, 0.0 ], [ 29.747047926521279, -1.481902741052297, 0.0 ], [ 29.747063172405067, -1.481891083603712, 0.0 ], [ 29.748353419605415, -1.480904422192415, 0.0 ], [ 29.75023486606737, -1.479944500783997, 0.0 ], [ 29.75084921597854, -1.47940694452471, 0.0 ], [ 29.751414520574869, -1.478882860558945, 0.0 ], [ 29.751418032269243, -1.478886470595943, 0.0 ], [ 29.751420535980902, -1.478886917674067, 0.0 ], [ 29.751717844112701, -1.478940008633989, 0.0 ], [ 29.7517146703393, -1.478944371321053, 0.0 ], [ 29.751707544404134, -1.478954170184151, 0.0 ], [ 29.751749080371134, -1.478961117381604, 0.0 ], [ 29.752295166603094, -1.478854042696515, 0.0 ], [ 29.752594978118871, -1.478350786846548, 0.0 ], [ 29.753076819364452, -1.478104512388413, 0.0 ], [ 29.754126160997998, -1.477836822318397, 0.0 ], [ 29.754234583922091, -1.477493238253215, 0.0 ], [ 29.754271020506192, -1.477485509299384, 0.0 ], [ 29.754464941894614, -1.47733468111496, 0.0 ], [ 29.754648090901927, -1.477173079765665, 0.0 ], [ 29.7548743334149, -1.477000704901688, 0.0 ], [ 29.754953879406212, -1.476730504282174, 0.0 ], [ 29.755270797125714, -1.47657622923693, 0.0 ], [ 29.755550907464347, -1.476533135375542, 0.0 ], [ 29.755611983609178, -1.4765985190794, 0.0 ], [ 29.755689467110621, -1.476648281202885, 0.0 ], [ 29.755815472554524, -1.476577397449354, 0.0 ], [ 29.755816662497526, -1.476576728291109, 0.0 ], [ 29.755808467627638, -1.476565609035208, 0.0 ], [ 29.755925593999063, -1.476387372021465, 0.0 ], [ 29.756171611125204, -1.476141355594002, 0.0 ], [ 29.756212709023533, -1.476085798221849, 0.0 ], [ 29.756860656091931, -1.475729427545577, 0.0 ], [ 29.757783980887631, -1.475518844594652, 0.0 ], [ 29.759403849211406, -1.47579422263964, 0.0 ], [ 29.760341732610293, -1.475954825689598, 0.0 ], [ 29.760652916180469, -1.47614632338374, 0.0 ], [ 29.764111479294598, -1.477875604723301, 0.0 ], [ 29.765181675659196, -1.478264766379092, 0.0 ], [ 29.767114966998765, -1.478967782145634, 0.0 ], [ 29.769572367720361, -1.47942285653472, 0.0 ], [ 29.772393826006478, -1.479058797735995, 0.0 ], [ 29.773042414106513, -1.478859232372602, 0.0 ], [ 29.77307021072458, -1.478850679166115, 0.0 ], [ 29.773577019730368, -1.478694738595655, 0.0 ], [ 29.773609738915013, -1.478655474492156, 0.0 ], [ 29.774032093390861, -1.478148649521082, 0.0 ], [ 29.773941078471868, -1.476419367748494, 0.0 ], [ 29.773693903644681, -1.475571912873592, 0.0 ], [ 29.773689727961187, -1.475557598670989, 0.0 ], [ 29.773448614664254, -1.474730921363584, 0.0 ], [ 29.773445825187167, -1.474721358361902, 0.0 ], [ 29.773303974241092, -1.474235012840827, 0.0 ], [ 29.773030930158122, -1.470230360359975, 0.0 ], [ 29.772666871500874, -1.467681946560585, 0.0 ], [ 29.772211797312664, -1.465224546084572, 0.0 ], [ 29.772131634033453, -1.464968024108524, 0.0 ], [ 29.772107366472135, -1.464890365823408, 0.0 ], [ 29.771756723171716, -1.463768309419861, 0.0 ], [ 29.771483678157104, -1.461856998190751, 0.0 ], [ 29.771119619003816, -1.460218731032421, 0.0 ], [ 29.771037730371045, -1.457598287089325, 0.0 ], [ 29.771034752760631, -1.457502997889149, 0.0 ], [ 29.771028604044641, -1.457306257472909, 0.0 ], [ 29.771126318359482, -1.455835409049205, 0.0 ], [ 29.771252586306677, -1.454320189523806, 0.0 ], [ 29.771210163706353, -1.453384347734722, 0.0 ], [ 29.771209319915414, -1.453365748604098, 0.0 ], [ 29.771014783585429, -1.449074255155922, 0.0 ], [ 29.771013490547567, -1.44904573962403, 0.0 ], [ 29.770979502138985, -1.448295955151873, 0.0 ], [ 29.771031383125226, -1.448295836517099, 0.0 ], [ 29.770966588528669, -1.446983743441858, 0.0 ], [ 29.771014543112624, -1.44639229975257, 0.0 ], [ 29.772142019041009, -1.44642120881747, 0.0 ], [ 29.776982035100104, -1.446133423562193, 0.0 ], [ 29.77698315666251, -1.446133356743974, 0.0 ], [ 29.777689113692791, -1.446091381385218, 0.0 ], [ 29.783026317544852, -1.446181334627354, 0.0 ], [ 29.78740402322569, -1.445881491043039, 0.0 ], [ 29.788423489139891, -1.445641617841725, 0.0 ], [ 29.789080195391715, -1.445399673458901, 0.0 ], [ 29.790132594246, -1.445011947859231, 0.0 ], [ 29.790762264455992, -1.444502214143224, 0.0 ], [ 29.790737558326391, -1.444487390663279, 0.0 ], [ 29.790735279095934, -1.444479435831157, 0.0 ], [ 29.79144802151367, -1.443939478394859, 0.0 ], [ 29.791743430299928, -1.443750417192522, 0.0 ], [ 29.792254630402226, -1.445355500692671, 0.0 ] ] ] } },
{ "type": "Feature", "properties": { "sector": "Kagogo", "district": "Burera", "province": "North", "Area_m2_gis": 26851088.679391466, "Perimeter_m_gis": 26776.841706452775 }, "geometry": { "type": "Polygon", "coordinates": [ [ [ 29.756709421944059, -1.347336493569972, 0.0 ], [ 29.757626953524959, -1.347708399138801, 0.0 ], [ 29.75785319539899, -1.347697625402153, 0.0 ], [ 29.758100985278876, -1.347783813207103, 0.0 ], [ 29.75838109564986, -1.347880774369387, 0.0 ], [ 29.75872584616793, -1.347934641439461, 0.0 ], [ 29.758973635700325, -1.34798850966106, 0.0 ], [ 29.759221424987839, -1.34799928277496, 0.0 ], [ 29.759253562739495, -1.348168656310562, 0.0 ], [ 29.759275234008999, -1.34828287653938, 0.0 ], [ 29.759521508653581, -1.34838995226819, 0.0 ], [ 29.759906980937131, -1.348604104793665, 0.0 ], [ 29.760442359054444, -1.348936038350199, 0.0 ], [ 29.760393303597336, -1.349039601708756, 0.0 ], [ 29.760380657055475, -1.349066298824628, 0.0 ], [ 29.761812929368663, -1.35016740922955, 0.0 ], [ 29.763611802274706, -1.351441611845499, 0.0 ], [ 29.765166157149139, -1.351483048872417, 0.0 ], [ 29.766781244011849, -1.352019820403574, 0.0 ], [ 29.767680679942799, -1.352598029043501, 0.0 ], [ 29.76853728638492, -1.353465342643306, 0.0 ], [ 29.77012330837255, -1.355199394516491, 0.0 ], [ 29.770924370872919, -1.355916808151921, 0.0 ], [ 29.771470457511395, -1.356291573633323, 0.0 ], [ 29.771888052104874, -1.356934027047782, 0.0 ], [ 29.772648290207751, -1.359054127098161, 0.0 ], [ 29.77334428334342, -1.360574603860988, 0.0 ], [ 29.774500701018404, -1.362062956358272, 0.0 ], [ 29.775036079048547, -1.363294327336869, 0.0 ], [ 29.775194648911729, -1.363844034849018, 0.0 ], [ 29.775207401200998, -1.363829705072529, 0.0 ], [ 29.775699949481346, -1.366056881665553, 0.0 ], [ 29.776128251913246, -1.366110419041745, 0.0 ], [ 29.776567263152529, -1.366324570098965, 0.0 ], [ 29.777520237316121, -1.366613675420227, 0.0 ], [ 29.777919995706853, -1.366406728834369, 0.0 ], [ 29.778284995320409, -1.366461728775556, 0.0 ], [ 29.77846332813651, -1.366503394255697, 0.0 ], [ 29.77873832810711, -1.366623394784748, 0.0 ], [ 29.779016662598405, -1.366620061449292, 0.0 ], [ 29.77918832874343, -1.36669672839964, 0.0 ], [ 29.779307971761856, -1.366755374829586, 0.0 ], [ 29.779405305568087, -1.366737124831203, 0.0 ], [ 29.779803923588151, -1.366726350772627, 0.0 ], [ 29.77995857176267, -1.366795675602289, 0.0 ], [ 29.780031662467575, -1.36683839489919, 0.0 ], [ 29.780149995019677, -1.366751728023007, 0.0 ], [ 29.782661661951479, -1.367225061352425, 0.0 ], [ 29.78283166233803, -1.367000061872845, 0.0 ], [ 29.783444995171532, -1.365930061254963, 0.0 ], [ 29.783603052077023, -1.366229875764891, 0.0 ], [ 29.783793328278829, -1.366320061069697, 0.0 ], [ 29.784081662036797, -1.366680061204434, 0.0 ], [ 29.784091661897147, -1.366865061581717, 0.0 ], [ 29.784091662048979, -1.36714506158981, 0.0 ], [ 29.784009995059886, -1.367518394172212, 0.0 ], [ 29.783951662331777, -1.367591728792092, 0.0 ], [ 29.783894995450229, -1.367778394548059, 0.0 ], [ 29.783774995518886, -1.367930061455513, 0.0 ], [ 29.783659262479055, -1.368080589136669, 0.0 ], [ 29.784022509375315, -1.368285902884852, 0.0 ], [ 29.784210438240656, -1.368418827674673, 0.0 ], [ 29.784648327900225, -1.368386728606752, 0.0 ], [ 29.784761233965057, -1.368465569615267, 0.0 ], [ 29.785069995240939, -1.368423394106108, 0.0 ], [ 29.785343328037346, -1.368310061508301, 0.0 ], [ 29.785508327872424, -1.36821006155383, 0.0 ], [ 29.785661662728984, -1.368246728114202, 0.0 ], [ 29.785886662097997, -1.368075061415052, 0.0 ], [ 29.78650999551926, -1.368241728465863, 0.0 ], [ 29.787231662341668, -1.368541728895, 0.0 ], [ 29.787571662369206, -1.36862506163957, 0.0 ], [ 29.787754995727617, -1.368595061135409, 0.0 ], [ 29.788039995015499, -1.368591728279354, 0.0 ], [ 29.788248328175385, -1.368775061329249, 0.0 ], [ 29.788368647283601, -1.368855171788034, 0.0 ], [ 29.788548328049362, -1.369005061193254, 0.0 ], [ 29.788599994970546, -1.369080061746799, 0.0 ], [ 29.788668328551164, -1.36892672850554, 0.0 ], [ 29.788701662390014, -1.368638394166369, 0.0 ], [ 29.788659995205656, -1.3685483942231, 0.0 ], [ 29.788733328677466, -1.36837672824727, 0.0 ], [ 29.788824994984139, -1.368211728772682, 0.0 ], [ 29.788963328466703, -1.367973394401323, 0.0 ], [ 29.789008328728183, -1.367693394669472, 0.0 ], [ 29.789078327992613, -1.367523394373267, 0.0 ], [ 29.789153328105176, -1.367355061413989, 0.0 ], [ 29.789164995085187, -1.367151728834311, 0.0 ], [ 29.789301661952219, -1.366598394727582, 0.0 ], [ 29.789384995219635, -1.366430061583795, 0.0 ], [ 29.789488328020372, -1.36627172887801, 0.0 ], [ 29.789546662655404, -1.366091728846436, 0.0 ], [ 29.789616661965628, -1.365920061620219, 0.0 ], [ 29.789754995066389, -1.365683394064575, 0.0 ], [ 29.789919995095513, -1.365608394515617, 0.0 ], [ 29.790078328323368, -1.365633394733894, 0.0 ], [ 29.790306661958137, -1.365380061531197, 0.0 ], [ 29.790399994933651, -1.365371728895471, 0.0 ], [ 29.790526662339104, -1.365261728292925, 0.0 ], [ 29.790698328101929, -1.36515006110691, 0.0 ], [ 29.790851662089558, -1.365081728057128, 0.0 ], [ 29.791029995090032, -1.365270061639729, 0.0 ], [ 29.791061662243926, -1.365181728711536, 0.0 ], [ 29.791258328099605, -1.365126728283776, 0.0 ], [ 29.791346662328639, -1.365081728820543, 0.0 ], [ 29.791479995485741, -1.365226728114935, 0.0 ], [ 29.791613328190429, -1.365366728515896, 0.0 ], [ 29.791771662106257, -1.365488394296832, 0.0 ], [ 29.79186832848999, -1.365518394241719, 0.0 ], [ 29.792066662557279, -1.365690061419727, 0.0 ], [ 29.792133328631795, -1.365758394709687, 0.0 ], [ 29.7921683282052, -1.365845061133031, 0.0 ], [ 29.792264994985491, -1.366006728005411, 0.0 ], [ 29.792339994866317, -1.366183394178982, 0.0 ], [ 29.792459995296984, -1.366333394782433, 0.0 ], [ 29.792603328758091, -1.366468394412522, 0.0 ], [ 29.792651662713308, -1.366553394187362, 0.0 ], [ 29.792778328265051, -1.366685061277354, 0.0 ], [ 29.792858327946764, -1.366740061422603, 0.0 ], [ 29.792964995345123, -1.366908394029361, 0.0 ], [ 29.793026662264495, -1.367081728854732, 0.0 ], [ 29.793138327911837, -1.367230061814111, 0.0 ], [ 29.793143327975599, -1.367325061029907, 0.0 ], [ 29.793201662750036, -1.367403394068959, 0.0 ], [ 29.793156662004375, -1.367631728221996, 0.0 ], [ 29.793093328175281, -1.367803394350183, 0.0 ], [ 29.793123328344059, -1.368008394799712, 0.0 ], [ 29.793364995647767, -1.368150061485374, 0.0 ], [ 29.793506662308612, -1.368400061608605, 0.0 ], [ 29.793599995552142, -1.368663394544869, 0.0 ], [ 29.793761662145712, -1.368888394712899, 0.0 ], [ 29.793939995124781, -1.368861728898817, 0.0 ], [ 29.793991662132036, -1.368948394037897, 0.0 ], [ 29.794204995392988, -1.369138394670471, 0.0 ], [ 29.794299995433065, -1.369141728532738, 0.0 ], [ 29.794536662152829, -1.369301728777726, 0.0 ], [ 29.794734995485047, -1.369498394772469, 0.0 ], [ 29.794889994936661, -1.369746728189644, 0.0 ], [ 29.794943328585841, -1.369933394756953, 0.0 ], [ 29.794878328536146, -1.370011728904761, 0.0 ], [ 29.794869995334704, -1.370296728175717, 0.0 ], [ 29.794836662734383, -1.370578394205539, 0.0 ], [ 29.794964995699118, -1.370698394882617, 0.0 ], [ 29.794866639644383, -1.370741673331004, 0.0 ], [ 29.79466319538486, -1.371137853237055, 0.0 ], [ 29.794909469752973, -1.371319882157818, 0.0 ], [ 29.794984423645996, -1.371512619443539, 0.0 ], [ 29.795391310274493, -1.371641109743521, 0.0 ], [ 29.795990935224815, -1.371651817473713, 0.0 ], [ 29.796151548098532, -1.371898091896006, 0.0 ], [ 29.796793380694329, -1.37294743609757, 0.0 ], [ 29.796826124986115, -1.373000971424681, 0.0 ], [ 29.796417797730463, -1.37327319008138, 0.0 ], [ 29.796412948310184, -1.373276423070813, 0.0 ], [ 29.796376406903466, -1.373300783080411, 0.0 ], [ 29.796023057100534, -1.373461397367092, 0.0 ], [ 29.79534848009957, -1.373547058481936, 0.0 ], [ 29.795166451028301, -1.373579180571698, 0.0 ], [ 29.795027253274625, -1.373932530409205, 0.0 ], [ 29.794930885641474, -1.374125267378685, 0.0 ], [ 29.794963007030333, -1.374253758873911, 0.0 ], [ 29.794929804238151, -1.37432921960187, 0.0 ], [ 29.794929317072107, -1.374330326605201, 0.0 ], [ 29.794845224293788, -1.374521447473006, 0.0 ], [ 29.795123621229642, -1.374874797191455, 0.0 ], [ 29.794845224673651, -1.374885504421457, 0.0 ], [ 29.794470459054732, -1.375367345144684, 0.0 ], [ 29.794462310003063, -1.375462284433048, 0.0 ], [ 29.79446182964125, -1.37546788564308, 0.0 ], [ 29.794452239504938, -1.375579601427794, 0.0 ], [ 29.794486788057821, -1.375730135459984, 0.0 ], [ 29.794509900405121, -1.375774514245306, 0.0 ], [ 29.794673244748576, -1.375942468266691, 0.0 ], [ 29.794676206460696, -1.375945513802464, 0.0 ], [ 29.79472189105109, -1.375992487596183, 0.0 ], [ 29.794940984191708, -1.376332373114084, 0.0 ], [ 29.795322929726474, -1.376720161451797, 0.0 ], [ 29.79532694547704, -1.376724239054239, 0.0 ], [ 29.795801354074701, -1.377205905357781, 0.0 ], [ 29.796016662321112, -1.377376728182281, 0.0 ], [ 29.796103328029002, -1.377735061120781, 0.0 ], [ 29.796208328364056, -1.377826728822959, 0.0 ], [ 29.796301661934262, -1.378050061574214, 0.0 ], [ 29.796329994912902, -1.378345061786192, 0.0 ], [ 29.796409994962161, -1.378718394434407, 0.0 ], [ 29.796149995669666, -1.378925061234628, 0.0 ], [ 29.795903996223437, -1.378797662868577, 0.0 ], [ 29.795698328385157, -1.379146728016656, 0.0 ], [ 29.795516661912099, -1.37946339423621, 0.0 ], [ 29.795936662433711, -1.379641728144489, 0.0 ], [ 29.796576662306915, -1.379718394639233, 0.0 ], [ 29.796844995275027, -1.379730061586766, 0.0 ], [ 29.79692824642402, -1.379810749202413, 0.0 ], [ 29.796928471070032, -1.379810968098369, 0.0 ], [ 29.797020637979902, -1.379900298487098, 0.0 ], [ 29.796987593201383, -1.379934614060413, 0.0 ], [ 29.79662129513002, -1.380225497667134, 0.0 ], [ 29.796222677673828, -1.380484060648089, 0.0 ], [ 29.795985661534566, -1.380677982075682, 0.0 ], [ 29.795819708282814, -1.380738533254429, 0.0 ], [ 29.795589995229445, -1.380893394831574, 0.0 ], [ 29.795435844903135, -1.381227628700681, 0.0 ], [ 29.795494995130724, -1.381600061440127, 0.0 ], [ 29.794749995228877, -1.381778394799807, 0.0 ], [ 29.794763328226075, -1.38208672888797, 0.0 ], [ 29.794891662730961, -1.382456728345354, 0.0 ], [ 29.794928328548632, -1.382733394283151, 0.0 ], [ 29.795179994889679, -1.3830117286153, 0.0 ], [ 29.795113906019484, -1.383259262376488, 0.0 ], [ 29.795109765463728, -1.383274770600599, 0.0 ], [ 29.795088328243271, -1.383355061181404, 0.0 ], [ 29.794988731578403, -1.383700871239121, 0.0 ], [ 29.794930899708667, -1.383800012791374, 0.0 ], [ 29.79489845958572, -1.383803577115206, 0.0 ], [ 29.795117719275108, -1.384073436675517, 0.0 ], [ 29.795353846662792, -1.384377027297081, 0.0 ], [ 29.795471909595914, -1.385051673161614, 0.0 ], [ 29.796011626391223, -1.385709454166239, 0.0 ], [ 29.796348950452927, -1.386191346593689, 0.0 ], [ 29.796365815356463, -1.386215439857508, 0.0 ], [ 29.796517611173176, -1.386316636396654, 0.0 ], [ 29.796720005721276, -1.386738290774012, 0.0 ], [ 29.796721570120802, -1.386740272556698, 0.0 ], [ 29.79673591299591, -1.386758440556316, 0.0 ], [ 29.797217740093259, -1.387368754518185, 0.0 ], [ 29.797225990710185, -1.387379204327892, 0.0 ], [ 29.797100392670334, -1.387529921710303, 0.0 ], [ 29.797098835131276, -1.387531790167293, 0.0 ], [ 29.796888667090577, -1.387783992061585, 0.0 ], [ 29.796704763957337, -1.388059846635552, 0.0 ], [ 29.796700283556348, -1.388066568111963, 0.0 ], [ 29.796551343689877, -1.388289977606855, 0.0 ], [ 29.796337958491538, -1.388498071896352, 0.0 ], [ 29.796330435168066, -1.388505408133186, 0.0 ], [ 29.794510537267975, -1.390280184173013, 0.0 ], [ 29.794354257168035, -1.390415968029475, 0.0 ], [ 29.794349818341974, -1.390419825114181, 0.0 ], [ 29.793481700894088, -1.39117409160531, 0.0 ], [ 29.793471528720723, -1.391155882348947, 0.0 ], [ 29.793391645216296, -1.391285693540764, 0.0 ], [ 29.793368083723085, -1.391320842861413, 0.0 ], [ 29.793005017881029, -1.391608790898459, 0.0 ], [ 29.792742018872818, -1.391825377676631, 0.0 ], [ 29.792731287171367, -1.391834215903903, 0.0 ], [ 29.79257493109899, -1.391962979272578, 0.0 ], [ 29.791803304096778, -1.392355118635175, 0.0 ], [ 29.791071494445536, -1.392669875736739, 0.0 ], [ 29.791039404677388, -1.39268367747184, 0.0 ], [ 29.789450474109064, -1.39336708744805, 0.0 ], [ 29.787757214937326, -1.394133239239291, 0.0 ], [ 29.787696855576947, -1.394160550815649, 0.0 ], [ 29.786986425375442, -1.394482000419624, 0.0 ], [ 29.786954221366436, -1.394496571766152, 0.0 ], [ 29.786190321034994, -1.394842214736673, 0.0 ], [ 29.786146297557472, -1.394869396615706, 0.0 ], [ 29.786078256688267, -1.394893410728202, 0.0 ], [ 29.78582610373757, -1.394989468084574, 0.0 ], [ 29.785285777161384, -1.395225611552231, 0.0 ], [ 29.785005607383276, -1.395361693492744, 0.0 ], [ 29.784709428443609, -1.395481766092896, 0.0 ], [ 29.784401242605139, -1.395609843717824, 0.0 ], [ 29.784045026597752, -1.395729916111631, 0.0 ], [ 29.783608763137554, -1.39587800535765, 0.0 ], [ 29.783520709384224, -1.395878005342693, 0.0 ], [ 29.783376622560816, -1.395853991558092, 0.0 ], [ 29.783256550369941, -1.395725913297927, 0.0 ], [ 29.78319978853542, -1.39568176644758, 0.0 ], [ 29.782910370026478, -1.395852102314982, 0.0 ], [ 29.782629764986631, -1.396067951686752, 0.0 ], [ 29.782632465730281, -1.396065125538031, 0.0 ], [ 29.782467032214942, -1.396166519563199, 0.0 ], [ 29.782002751538386, -1.39651339629477, 0.0 ], [ 29.781879581518666, -1.396611620505043, 0.0 ], [ 29.781869400707077, -1.396619739687869, 0.0 ], [ 29.781581163641608, -1.396849599897226, 0.0 ], [ 29.781346354118249, -1.397164456034701, 0.0 ], [ 29.781228456547154, -1.397194170575191, 0.0 ], [ 29.780182752945564, -1.398695258575509, 0.0 ], [ 29.779018988577597, -1.400618001781519, 0.0 ], [ 29.778719796956374, -1.400885698038199, 0.0 ], [ 29.778508429253673, -1.401381694244809, 0.0 ], [ 29.778262353193792, -1.402001807176682, 0.0 ], [ 29.778251063277146, -1.402030257311246, 0.0 ], [ 29.777758821700953, -1.403270705505811, 0.0 ], [ 29.777655871908216, -1.403246482693927, 0.0 ], [ 29.777667004911564, -1.403252520042187, 0.0 ], [ 29.777608006007998, -1.403344296839344, 0.0 ], [ 29.777575126174661, -1.403395442015413, 0.0 ], [ 29.777553158648374, -1.403429615371061, 0.0 ], [ 29.777363414377508, -1.404036797200985, 0.0 ], [ 29.777350764465062, -1.404163293839463, 0.0 ], [ 29.777198968947509, -1.404884322090359, 0.0 ], [ 29.77711042118192, -1.405580051752807, 0.0 ], [ 29.777059823146761, -1.406275780524622, 0.0 ], [ 29.776971275016674, -1.406566721035581, 0.0 ], [ 29.776730933181938, -1.407072706464489, 0.0 ], [ 29.776727084340703, -1.407071114266163, 0.0 ], [ 29.776659339287267, -1.40737248322674, 0.0 ], [ 29.77658379998498, -1.408033445295744, 0.0 ], [ 29.77658296442592, -1.408040763100106, 0.0 ], [ 29.776457812243969, -1.409135845223284, 0.0 ], [ 29.776456548560894, -1.409146903780953, 0.0 ], [ 29.776446117105337, -1.409238172380513, 0.0 ], [ 29.776495539009836, -1.409251330533034, 0.0 ], [ 29.7761727373477, -1.410371450318325, 0.0 ], [ 29.776166876085114, -1.410391786252717, 0.0 ], [ 29.776013879999962, -1.410922678488307, 0.0 ], [ 29.775841870618535, -1.411876559031179, 0.0 ], [ 29.775839316143028, -1.411890718812605, 0.0 ], [ 29.775828353744132, -1.411951515610936, 0.0 ], [ 29.775659691155838, -1.412592429583368, 0.0 ], [ 29.775423565762217, -1.413789926663376, 0.0 ], [ 29.775103107007986, -1.414987424487154, 0.0 ], [ 29.775052509578249, -1.415291015401029, 0.0 ], [ 29.77502486891122, -1.415508182274877, 0.0 ], [ 29.775019041112401, -1.41555397478073, 0.0 ], [ 29.774948816110463, -1.416105745030938, 0.0 ], [ 29.774948665019142, -1.416106933459993, 0.0 ], [ 29.774816383683373, -1.417146293336729, 0.0 ], [ 29.774647720959599, -1.417770341872046, 0.0 ], [ 29.774452748331587, -1.418137349297455, 0.0 ], [ 29.774450166876615, -1.418142207735313, 0.0 ], [ 29.774360996113138, -1.418310058079316, 0.0 ], [ 29.77431129314737, -1.418608277516285, 0.0 ], [ 29.774310803985756, -1.418611210590878, 0.0 ], [ 29.772582011124911, -1.417425551479987, 0.0 ], [ 29.766995266718865, -1.413941035308357, 0.0 ], [ 29.762157260185024, -1.410888484872845, 0.0 ], [ 29.761586136298845, -1.410974152208722, 0.0 ], [ 29.761516392629915, -1.410857913686498, 0.0 ], [ 29.761240401715032, -1.410673919876601, 0.0 ], [ 29.760743616926483, -1.410545123286356, 0.0 ], [ 29.760486025609559, -1.41032433028323, 0.0 ], [ 29.760320431752977, -1.410121936902522, 0.0 ], [ 29.760298024347026, -1.41008708173638, 0.0 ], [ 29.760258016643444, -1.410024846247441, 0.0 ], [ 29.760154836383713, -1.409864345147136, 0.0 ], [ 29.760123128583256, -1.409663530326996, 0.0 ], [ 29.759716143519213, -1.409139278188187, 0.0 ], [ 29.759137934155657, -1.408743098617103, 0.0 ], [ 29.759039305164556, -1.408667229723879, 0.0 ], [ 29.758951515941831, -1.408599699142564, 0.0 ], [ 29.75886665255231, -1.408534419126015, 0.0 ], [ 29.758163545541709, -1.407993568304814, 0.0 ], [ 29.758117079497342, -1.407963428206755, 0.0 ], [ 29.758087497371573, -1.407944239098153, 0.0 ], [ 29.757371184145608, -1.407479604406177, 0.0 ], [ 29.757291351485694, -1.406641353419774, 0.0 ], [ 29.757280138413325, -1.406523617759303, 0.0 ], [ 29.757264109223311, -1.406355309480514, 0.0 ], [ 29.757135618204046, -1.405927006346408, 0.0 ], [ 29.757339061949246, -1.405777100282318, 0.0 ], [ 29.757189156354013, -1.405455873214515, 0.0 ], [ 29.757317647593567, -1.405081108524925, 0.0 ], [ 29.757231986165969, -1.404834833313016, 0.0 ], [ 29.756846513291784, -1.404802711366838, 0.0 ], [ 29.756675192054932, -1.404556436219084, 0.0 ], [ 29.756118397886702, -1.404652805353213, 0.0 ], [ 29.755700803685762, -1.404866956028798, 0.0 ], [ 29.755475944522136, -1.404535021413686, 0.0 ], [ 29.755079763425112, -1.404406530225923, 0.0 ], [ 29.755032976384392, -1.404353244369097, 0.0 ], [ 29.754989886014801, -1.404304170907313, 0.0 ], [ 29.754694290890431, -1.403967520235413, 0.0 ], [ 29.754394479210447, -1.40392469017309, 0.0 ], [ 29.754142230679413, -1.403843610654793, 0.0 ], [ 29.754048993750121, -1.40381364101127, 0.0 ], [ 29.753794855420576, -1.403731953471632, 0.0 ], [ 29.75358070310569, -1.403410726703114, 0.0 ], [ 29.753291599110646, -1.403239405713276, 0.0 ], [ 29.753017632919729, -1.403267475047371, 0.0 ], [ 29.753003869529998, -1.403296453844619, 0.0 ], [ 29.753002395394702, -1.40329955774675, 0.0 ], [ 29.7529512716618, -1.403407192244028, 0.0 ], [ 29.752778894999672, -1.403417965766632, 0.0 ], [ 29.752755811131184, -1.403425322788519, 0.0 ], [ 29.752706860526821, -1.403454322260091, 0.0 ], [ 29.752680564866015, -1.403469900353575, 0.0 ], [ 29.752681479515726, -1.403428941709232, 0.0 ], [ 29.752695771866509, -1.403420473093076, 0.0 ], [ 29.752424594175384, -1.40351728777929, 0.0 ], [ 29.75216333773168, -1.403571340378088, 0.0 ], [ 29.751735034284589, -1.403485679814189, 0.0 ], [ 29.751403099938447, -1.40323940531754, 0.0 ], [ 29.751199656346863, -1.403132329718283, 0.0 ], [ 29.750867721261997, -1.403089499410933, 0.0 ], [ 29.750600031422721, -1.403100206483462, 0.0 ], [ 29.750317149287579, -1.403046694429516, 0.0 ], [ 29.750313474688738, -1.403046326829892, 0.0 ], [ 29.750234429552645, -1.403084303256083, 0.0 ], [ 29.750274309537563, -1.403033789717583, 0.0 ], [ 29.750286931022544, -1.403036177905751, 0.0 ], [ 29.750288508541058, -1.403015804528183, 0.0 ], [ 29.750360054510271, -1.402925179501701, 0.0 ], [ 29.75040314844432, -1.402752804888902, 0.0 ], [ 29.750446242127552, -1.402591202224017, 0.0 ], [ 29.750467788436346, -1.402354186358845, 0.0 ], [ 29.750575523719672, -1.402160264821664, 0.0 ], [ 29.750575523091602, -1.401987888292524, 0.0 ], [ 29.7505970700288, -1.401761645276458, 0.0 ], [ 29.75072635234746, -1.401535403850796, 0.0 ], [ 29.750877180157662, -1.401427668837708, 0.0 ], [ 29.751006462495972, -1.40131993422118, 0.0 ], [ 29.751135742970867, -1.401255293729483, 0.0 ], [ 29.751232704166423, -1.400975183624322, 0.0 ], [ 29.751383533528255, -1.400835128192058, 0.0 ], [ 29.751534361737662, -1.4007058465066, 0.0 ], [ 29.751631322254021, -1.400576565395786, 0.0 ], [ 29.751825244932764, -1.400447283758173, 0.0 ], [ 29.75195452631343, -1.400296455837569, 0.0 ], [ 29.752083808575978, -1.400145626097859, 0.0 ], [ 29.752124046745809, -1.400097843070905, 0.0 ], [ 29.752153031349064, -1.400063424748771, 0.0 ], [ 29.752256182879886, -1.399940931221693, 0.0 ], [ 29.752363918321134, -1.399768555264386, 0.0 ], [ 29.752378622262693, -1.399631320711395, 0.0 ], [ 29.752396238024311, -1.399466898819976, 0.0 ], [ 29.752493199335543, -1.399337617654421, 0.0 ], [ 29.752590159967035, -1.399197562721626, 0.0 ], [ 29.752607113301615, -1.399102628438625, 0.0 ], [ 29.75260757188909, -1.399100056242759, 0.0 ], [ 29.752616525126633, -1.399049918322532, 0.0 ], [ 29.752632871504922, -1.398958381073741, 0.0 ], [ 29.752644028655279, -1.398895905838563, 0.0 ], [ 29.752751762017823, -1.398648115327948, 0.0 ], [ 29.752897688237688, -1.398480300878479, 0.0 ], [ 29.752967231517381, -1.398400326270378, 0.0 ], [ 29.753007055141303, -1.398302979530737, 0.0 ], [ 29.753008167070949, -1.398300261788044, 0.0 ], [ 29.753064193221068, -1.398163310164132, 0.0 ], [ 29.753258114953702, -1.397980161355178, 0.0 ], [ 29.753311982368931, -1.39781855971906, 0.0 ], [ 29.753344303224583, -1.397624636326545, 0.0 ], [ 29.753419717621984, -1.397473808010229, 0.0 ], [ 29.753624413330883, -1.397333753532206, 0.0 ], [ 29.753786014124998, -1.397215245629812, 0.0 ], [ 29.754012257259443, -1.397150604292061, 0.0 ], [ 29.754164102678587, -1.397078871476041, 0.0 ], [ 29.754242374603503, -1.397041894198863, 0.0 ], [ 29.754345821256258, -1.396974075239556, 0.0 ], [ 29.754421649238274, -1.396924362191557, 0.0 ], [ 29.754626343974728, -1.396827400848885, 0.0 ], [ 29.754777173057303, -1.396633478102199, 0.0 ], [ 29.755057283528274, -1.396310274695606, 0.0 ], [ 29.755283526624474, -1.396062485563185, 0.0 ], [ 29.755307376451011, -1.396042782890654, 0.0 ], [ 29.755307578667225, -1.39604261558927, 0.0 ], [ 29.755427815507474, -1.395943289228014, 0.0 ], [ 29.755430142341471, -1.395941367523255, 0.0 ], [ 29.755413527386949, -1.395876579395243, 0.0 ], [ 29.755413332455745, -1.395875820544429, 0.0 ], [ 29.755408764601356, -1.39585800518863, 0.0 ], [ 29.755013642522865, -1.395600078146118, 0.0 ], [ 29.755013138407659, -1.395599749779307, 0.0 ], [ 29.754830555282453, -1.39548056351625, 0.0 ], [ 29.754498953580693, -1.395446552288965, 0.0 ], [ 29.75449811334105, -1.39544646627835, 0.0 ], [ 29.75420416247832, -1.395416317331964, 0.0 ], [ 29.754024850196998, -1.395369696883498, 0.0 ], [ 29.75380262799969, -1.395311918274345, 0.0 ], [ 29.753567040331934, -1.395147555592388, 0.0 ], [ 29.753566430185082, -1.395147130438395, 0.0 ], [ 29.753457308266039, -1.395070998036141, 0.0 ], [ 29.753155317069091, -1.394972760513897, 0.0 ], [ 29.753154990866076, -1.394972654659266, 0.0 ], [ 29.752798623555005, -1.394856727625598, 0.0 ], [ 29.752814854542233, -1.394854170663232, 0.0 ], [ 29.752804485054245, -1.394835376082176, 0.0 ], [ 29.752803807591771, -1.394834148677253, 0.0 ], [ 29.752690679461661, -1.394629102410802, 0.0 ], [ 29.752689935511011, -1.394627753803049, 0.0 ], [ 29.752686363110083, -1.394621280304802, 0.0 ], [ 29.752565903683003, -1.394115347570258, 0.0 ], [ 29.75251780090764, -1.394056555297913, 0.0 ], [ 29.752516559116653, -1.394055038410531, 0.0 ], [ 29.752204521912642, -1.393673659280651, 0.0 ], [ 29.751864054865692, -1.39363497080685, 0.0 ], [ 29.75185117271787, -1.393633506047546, 0.0 ], [ 29.751473730320622, -1.392942868121446, 0.0 ], [ 29.75075096929972, -1.392428904111878, 0.0 ], [ 29.749996085060435, -1.392179953628649, 0.0 ], [ 29.749166939166912, -1.391601115544188, 0.0 ], [ 29.749168925088195, -1.391593713771849, 0.0 ], [ 29.749217109577788, -1.391617805224779, 0.0 ], [ 29.74920525001912, -1.391583260455471, 0.0 ], [ 29.749032402892428, -1.391079750522179, 0.0 ], [ 29.748831636168894, -1.390951259732274, 0.0 ], [ 29.74884769742015, -1.390437295634963, 0.0 ], [ 29.748952096215199, -1.390397142177553, 0.0 ], [ 29.749193016883467, -1.390397142620056, 0.0 ], [ 29.749482121297742, -1.39030880462277, 0.0 ], [ 29.7495945508768, -1.390051822846374, 0.0 ], [ 29.749867594658255, -1.38986711707863, 0.0 ], [ 29.749859563454443, -1.389481644087524, 0.0 ], [ 29.749731072496697, -1.389377245578279, 0.0 ], [ 29.749538336744298, -1.389321030898189, 0.0 ], [ 29.749522275012449, -1.389184509408251, 0.0 ], [ 29.74908058769465, -1.388333257496569, 0.0 ], [ 29.749072556658188, -1.388236889740355, 0.0 ], [ 29.748919974638078, -1.388003999434905, 0.0 ], [ 29.748912705182118, -1.387844081776573, 0.0 ], [ 29.748966297061429, -1.38783184944384, 0.0 ], [ 29.749056494869809, -1.3878112621294, 0.0 ], [ 29.749201046914763, -1.387698833227403, 0.0 ], [ 29.749249231332882, -1.38772292557057, 0.0 ], [ 29.749297416335938, -1.387835354238548, 0.0 ], [ 29.749385753498014, -1.387827324039338, 0.0 ], [ 29.749554397229325, -1.388052183648775, 0.0 ], [ 29.749803348755197, -1.387755048126247, 0.0 ], [ 29.750092453490989, -1.387763078704638, 0.0 ], [ 29.750317312701018, -1.387835354265464, 0.0 ], [ 29.750437772157444, -1.387538219475093, 0.0 ], [ 29.750381557189744, -1.38736957503431, 0.0 ], [ 29.750453834245057, -1.38733745226314, 0.0 ], [ 29.75048595586507, -1.387208961032205, 0.0 ], [ 29.750526110643055, -1.387088501228071, 0.0 ], [ 29.750510048177343, -1.386984102038069, 0.0 ], [ 29.750791122624275, -1.386895765654238, 0.0 ], [ 29.750815214369872, -1.38659863056149, 0.0 ], [ 29.750854010182003, -1.386359385185888, 0.0 ], [ 29.750863398221458, -1.386301494399769, 0.0 ], [ 29.750785161176506, -1.386257486625825, 0.0 ], [ 29.750606416970978, -1.386156942134663, 0.0 ], [ 29.750758999204429, -1.385916022024072, 0.0 ], [ 29.750691901493656, -1.385764496697308, 0.0 ], [ 29.751048104271828, -1.385634948081782, 0.0 ], [ 29.751135372733511, -1.38556778410165, 0.0 ], [ 29.751189610176368, -1.385526040605086, 0.0 ], [ 29.751126377744153, -1.385441729602682, 0.0 ], [ 29.751060329315305, -1.385353664850603, 0.0 ], [ 29.750931047114356, -1.385245930753682, 0.0 ], [ 29.75068325831171, -1.385084328871668, 0.0 ], [ 29.750424695115349, -1.384858085073011, 0.0 ], [ 29.750198452650412, -1.384567202118867, 0.0 ], [ 29.750011016719181, -1.384338538298482, 0.0 ], [ 29.749832154586063, -1.384190131391184, 0.0 ], [ 29.749616685735155, -1.384006982625948, 0.0 ], [ 29.749304255504111, -1.383737645216424, 0.0 ], [ 29.748937957403008, -1.383457535518792, 0.0 ], [ 29.748722488496647, -1.383242066321712, 0.0 ], [ 29.74844237845932, -1.382940409189602, 0.0 ], [ 29.748394202068209, -1.382892233264557, 0.0 ], [ 29.748173040873546, -1.382671073558774, 0.0 ], [ 29.748032986299688, -1.382380189727023, 0.0 ], [ 29.747774422966888, -1.381981571019878, 0.0 ], [ 29.747558954277597, -1.381604500806208, 0.0 ], [ 29.747383165030421, -1.381430359907465, 0.0 ], [ 29.74729824735152, -1.381346237362277, 0.0 ], [ 29.747095695549483, -1.381033507166148, 0.0 ], [ 29.746869452685694, -1.38075339778254, 0.0 ], [ 29.746600116064016, -1.380419419498573, 0.0 ], [ 29.74635232642575, -1.380171630857346, 0.0 ], [ 29.746071488450305, -1.379850836312813, 0.0 ], [ 29.746059113671219, -1.379836701210271, 0.0 ], [ 29.745839502699628, -1.379585846777534, 0.0 ], [ 29.745837601376241, -1.379583674094545, 0.0 ], [ 29.745875056205065, -1.379560265638537, 0.0 ], [ 29.745970068307699, -1.379500882706181, 0.0 ], [ 29.746196311566457, -1.379156131380387, 0.0 ], [ 29.746368686037066, -1.378800607723236, 0.0 ], [ 29.746519515445637, -1.378434309786211, 0.0 ], [ 29.746519515685634, -1.378355552457723, 0.0 ], [ 29.746539812926894, -1.378013361192224, 0.0 ], [ 29.746605702247152, -1.377486245488821, 0.0 ], [ 29.746756530884895, -1.376538180841286, 0.0 ], [ 29.746831945396153, -1.376031828584091, 0.0 ], [ 29.746928906066859, -1.375439287642651, 0.0 ], [ 29.746961226680003, -1.37492216152996, 0.0 ], [ 29.747025866889793, -1.374383488626138, 0.0 ], [ 29.747068961298591, -1.373952550101693, 0.0 ], [ 29.747068961333877, -1.373661666752677, 0.0 ], [ 29.747090508271501, -1.373209181122466, 0.0 ], [ 29.747122828133801, -1.372595094772538, 0.0 ], [ 29.747112055683527, -1.372110288037077, 0.0 ], [ 29.747123476979692, -1.371841876854607, 0.0 ], [ 29.747126058886497, -1.371781204187569, 0.0 ], [ 29.747133159577391, -1.371614354579088, 0.0 ], [ 29.74713360190923, -1.371603935409802, 0.0 ], [ 29.747165922507111, -1.371076036405158, 0.0 ], [ 29.747187469570907, -1.370569683769254, 0.0 ], [ 29.747187468889688, -1.370319065435209, 0.0 ], [ 29.747187469565876, -1.370192612144053, 0.0 ], [ 29.747232898966736, -1.369790851254164, 0.0 ], [ 29.747230563029259, -1.369373829098097, 0.0 ], [ 29.747257677558888, -1.368760496466143, 0.0 ], [ 29.747263705443764, -1.368617110775753, 0.0 ], [ 29.747284430504983, -1.368124107654975, 0.0 ], [ 29.747273990682491, -1.36785113934946, 0.0 ], [ 29.747267459181643, -1.367680367513533, 0.0 ], [ 29.747267434982692, -1.367679749774422, 0.0 ], [ 29.747277661738824, -1.367558402255842, 0.0 ], [ 29.747349071442251, -1.36710062814143, 0.0 ], [ 29.747316751623273, -1.366540409113069, 0.0 ], [ 29.747316751717481, -1.366109470481549, 0.0 ], [ 29.747370618443384, -1.365689305879438, 0.0 ], [ 29.7473706180579, -1.365193726492631, 0.0 ], [ 29.74737450291104, -1.365073275508094, 0.0 ], [ 29.747381390877017, -1.364859749214608, 0.0 ], [ 29.747381391122943, -1.364547318316595, 0.0 ], [ 29.747392165045781, -1.364159474044949, 0.0 ], [ 29.747424485186301, -1.36358848083894, 0.0 ], [ 29.747435259511033, -1.363092901674127, 0.0 ], [ 29.747442248035359, -1.362750419481973, 0.0 ], [ 29.747445948682, -1.362569121872635, 0.0 ], [ 29.747446032685481, -1.362565001225728, 0.0 ], [ 29.747424485317051, -1.362414173545786, 0.0 ], [ 29.747430239367379, -1.362137981683238, 0.0 ], [ 29.747434271983092, -1.3619444370053, 0.0 ], [ 29.747435259139124, -1.361897047759081, 0.0 ], [ 29.747392165260596, -1.361379921717629, 0.0 ], [ 29.747370618691079, -1.360755060344936, 0.0 ], [ 29.747359844404333, -1.360076332208447, 0.0 ], [ 29.747316750905924, -1.359408377139888, 0.0 ], [ 29.747305976883357, -1.358363352903049, 0.0 ], [ 29.747219789441708, -1.357792358047236, 0.0 ], [ 29.74721978950318, -1.35739374066898, 0.0 ], [ 29.747199897198293, -1.357201995125523, 0.0 ], [ 29.747195842967251, -1.357162917206323, 0.0 ], [ 29.747156806182975, -1.356786633728462, 0.0 ], [ 29.747156634448292, -1.356770219824853, 0.0 ], [ 29.747155149286169, -1.356628824011528, 0.0 ], [ 29.747079734618843, -1.356068604053497, 0.0 ], [ 29.747015094331896, -1.355616119216404, 0.0 ], [ 29.746961225924526, -1.355217501601621, 0.0 ], [ 29.746896586353714, -1.354818883759829, 0.0 ], [ 29.746842718354923, -1.354312530351618, 0.0 ], [ 29.746698760158857, -1.35377244249413, 0.0 ], [ 29.746508741530963, -1.352976621317883, 0.0 ], [ 29.7463790573231, -1.352637448588205, 0.0 ], [ 29.746350797219982, -1.352563537006333, 0.0 ], [ 29.746228630864888, -1.352244026816571, 0.0 ], [ 29.74595929487467, -1.351565298626104, 0.0 ], [ 29.745702339565085, -1.351051388008959, 0.0 ], [ 29.745700731325982, -1.351048172534352, 0.0 ], [ 29.745646396755358, -1.350942898351276, 0.0 ], [ 29.745355981126718, -1.350380217377807, 0.0 ], [ 29.745118965267991, -1.349960052849407, 0.0 ], [ 29.744774214445428, -1.349378285023017, 0.0 ], [ 29.744515651310785, -1.348990441281016, 0.0 ], [ 29.744472901932415, -1.34893020338409, 0.0 ], [ 29.744465382674178, -1.34879531805851, 0.0 ], [ 29.744784987337869, -1.348688784567799, 0.0 ], [ 29.745420622065371, -1.348516408088963, 0.0 ], [ 29.745948521314375, -1.348376353153103, 0.0 ], [ 29.746304045226545, -1.348247072775842, 0.0 ], [ 29.746702663123369, -1.348139337136726, 0.0 ], [ 29.747090508059745, -1.348031603012583, 0.0 ], [ 29.747672275239147, -1.347902321625846, 0.0 ], [ 29.748264815250181, -1.347729946159271, 0.0 ], [ 29.748577246229324, -1.347654531545615, 0.0 ], [ 29.748835809204685, -1.34761143801395, 0.0 ], [ 29.749169786325069, -1.347568344128517, 0.0 ], [ 29.749385255749552, -1.347525250591105, 0.0 ], [ 29.749654783420699, -1.347505032451067, 0.0 ], [ 29.749821857149659, -1.347481028535775, 0.0 ], [ 29.749821883210867, -1.347481023111798, 0.0 ], [ 29.749904173188945, -1.347469200553352, 0.0 ], [ 29.750063456868144, -1.347415887235029, 0.0 ], [ 29.750123831274461, -1.347125292172962, 0.0 ], [ 29.750596662591374, -1.346671728545644, 0.0 ], [ 29.750850568726449, -1.346557529437487, 0.0 ], [ 29.750968328722205, -1.346743394410568, 0.0 ], [ 29.750966661981394, -1.346838394566718, 0.0 ], [ 29.751084995632763, -1.347198394455792, 0.0 ], [ 29.751181662210001, -1.347460061617587, 0.0 ], [ 29.751271661878938, -1.347880061372325, 0.0 ], [ 29.751833328351875, -1.347393394837593, 0.0 ], [ 29.751868327956174, -1.347036728188781, 0.0 ], [ 29.751751662273769, -1.346896728736469, 0.0 ], [ 29.751593328535581, -1.346790061091719, 0.0 ], [ 29.751628328195547, -1.346521728107943, 0.0 ], [ 29.75147999544685, -1.346300061132448, 0.0 ], [ 29.751506662635613, -1.346211728400868, 0.0 ], [ 29.751548328565907, -1.346128394272523, 0.0 ], [ 29.751521969001899, -1.34609849690434, 0.0 ], [ 29.751561497046357, -1.346068550215849, 0.0 ], [ 29.751651441378119, -1.346023578603893, 0.0 ], [ 29.752154697702327, -1.345648813063288, 0.0 ], [ 29.752540169489411, -1.345445369181032, 0.0 ], [ 29.752797151666655, -1.345284755758148, 0.0 ], [ 29.75295776497239, -1.345027774568984, 0.0 ], [ 29.753019462986423, -1.344939340459413, 0.0 ], [ 29.754217239316787, -1.346010268056761, 0.0 ], [ 29.75426408891655, -1.3460128712826, 0.0 ], [ 29.754767345550448, -1.346162777300245, 0.0 ], [ 29.755345554724833, -1.346526834810508, 0.0 ], [ 29.756566218166672, -1.347222826404065, 0.0 ], [ 29.756709421944059, -1.347336493569972, 0.0 ] ] ] } },
{ "type": "Feature", "properties": { "sector": "Kinoni", "district": "Burera", "province": "North", "Area_m2_gis": 30617972.794602226, "Perimeter_m_gis": 28872.069366459345 }, "geometry": { "type": "Polygon", "coordinates": [ [ [ 29.728946794013194, -1.421823415163284, 0.0 ], [ 29.729063387471633, -1.421923353734643, 0.0 ], [ 29.729146668254533, -1.421906697375634, 0.0 ], [ 29.729296574626186, -1.42189004073568, 0.0 ], [ 29.729331946536377, -1.421872354885236, 0.0 ], [ 29.729396512538891, -1.421840072035145, 0.0 ], [ 29.729821179115845, -1.422125093463188, 0.0 ], [ 29.730131698458852, -1.422457028492221, 0.0 ], [ 29.72990683948716, -1.422596226737572, 0.0 ], [ 29.730485047903297, -1.42336717251024, 0.0 ], [ 29.730742030425038, -1.423688399820604, 0.0 ], [ 29.730799023307824, -1.423842615171024, 0.0 ], [ 29.730845041478137, -1.423967134517292, 0.0 ], [ 29.73092405927537, -1.424180947193062, 0.0 ], [ 29.731511853597766, -1.424455099880273, 0.0 ], [ 29.732198260300567, -1.424930478431545, 0.0 ], [ 29.732776469084786, -1.424641373408987, 0.0 ], [ 29.733290432900223, -1.424170240379875, 0.0 ], [ 29.733429631055468, -1.423870428719149, 0.0 ], [ 29.733568148997353, -1.42377309133218, 0.0 ], [ 29.733697368529185, -1.423682289274286, 0.0 ], [ 29.734114916466662, -1.423891843293355, 0.0 ], [ 29.735228504761501, -1.423741937562883, 0.0 ], [ 29.735459160560179, -1.424055629217729, 0.0 ], [ 29.735514281237837, -1.424073319283801, 0.0 ], [ 29.735567151244979, -1.424110279186135, 0.0 ], [ 29.735569550516942, -1.42411186043232, 0.0 ], [ 29.736136439194695, -1.424478264784508, 0.0 ], [ 29.736320229233705, -1.424556868629494, 0.0 ], [ 29.736189480456716, -1.424771671841608, 0.0 ], [ 29.736197736914438, -1.424855387286965, 0.0 ], [ 29.736201057270623, -1.424889054717885, 0.0 ], [ 29.736209729334277, -1.424976981305544, 0.0 ], [ 29.736002694717179, -1.425154581325094, 0.0 ], [ 29.736040051166835, -1.425332028629831, 0.0 ], [ 29.736293319915557, -1.425824513477054, 0.0 ], [ 29.736494727176005, -1.426262664156843, 0.0 ], [ 29.736514137286505, -1.426304886775059, 0.0 ], [ 29.736709235700708, -1.426729310870104, 0.0 ], [ 29.735935779608521, -1.426794981130402, 0.0 ], [ 29.735684042634141, -1.427645052195052, 0.0 ], [ 29.735695382736985, -1.427639343747954, 0.0 ], [ 29.735721523687435, -1.42769126731886, 0.0 ], [ 29.735790481174039, -1.427828241672788, 0.0 ], [ 29.735925837328963, -1.42809710258168, 0.0 ], [ 29.736042748442237, -1.42826976100752, 0.0 ], [ 29.736130934735051, -1.428399999467085, 0.0 ], [ 29.736394944672238, -1.42878990077208, 0.0 ], [ 29.736780968603977, -1.429549495234266, 0.0 ], [ 29.736933844356638, -1.429694083823581, 0.0 ], [ 29.737005480695156, -1.429761835893199, 0.0 ], [ 29.737019498493567, -1.429775093050311, 0.0 ], [ 29.737053236459371, -1.429807002129686, 0.0 ], [ 29.737417923029039, -1.430151918849777, 0.0 ], [ 29.737503205901806, -1.430147210177576, 0.0 ], [ 29.737889230246022, -1.430931710248147, 0.0 ], [ 29.737883915259744, -1.431582758807943, 0.0 ], [ 29.738013754130691, -1.432127139133644, 0.0 ], [ 29.738492261223339, -1.432620861783891, 0.0 ], [ 29.73885128456001, -1.432977320262273, 0.0 ], [ 29.738974957085283, -1.433100110114986, 0.0 ], [ 29.738988908344677, -1.43311396238248, 0.0 ], [ 29.739129268304008, -1.433253319049727, 0.0 ], [ 29.739458231178617, -1.433434639131003, 0.0 ], [ 29.739707278215771, -1.433745949510388, 0.0 ], [ 29.740068397269113, -1.434169330689572, 0.0 ], [ 29.740491778433661, -1.434505545827516, 0.0 ], [ 29.740540149981985, -1.434582370375068, 0.0 ], [ 29.740527893872667, -1.434590087509416, 0.0 ], [ 29.740584936458571, -1.434653501032425, 0.0 ], [ 29.740915160539522, -1.435177973839818, 0.0 ], [ 29.741022780252894, -1.435660114042868, 0.0 ], [ 29.741035196472339, -1.43569906809233, 0.0 ], [ 29.74106716547621, -1.435799367443345, 0.0 ], [ 29.741073857352713, -1.435820363086246, 0.0 ], [ 29.741076640469263, -1.435829093105924, 0.0 ], [ 29.741313636630512, -1.436572640779267, 0.0 ], [ 29.741427502900535, -1.436705297835806, 0.0 ], [ 29.741476368329245, -1.436762227356643, 0.0 ], [ 29.741489248272575, -1.436777232660528, 0.0 ], [ 29.74149831648797, -1.436796158299268, 0.0 ], [ 29.741698190193052, -1.437012689797385, 0.0 ], [ 29.742064626888332, -1.437345813229325, 0.0 ], [ 29.742364438893269, -1.437579000545005, 0.0 ], [ 29.742597627537485, -1.437812187509731, 0.0 ], [ 29.742675222024115, -1.437884305905102, 0.0 ], [ 29.742735403520893, -1.438006609074709, 0.0 ], [ 29.742738549038183, -1.438013320413593, 0.0 ], [ 29.745162090554835, -1.438868204232169, 0.0 ], [ 29.749389945107257, -1.440714853160647, 0.0 ], [ 29.750912621344078, -1.441459993107992, 0.0 ], [ 29.754443934146721, -1.443031265740643, 0.0 ], [ 29.760000081161895, -1.444602537230447, 0.0 ], [ 29.759400730169002, -1.445380074630184, 0.0 ], [ 29.758882372264697, -1.447129531883975, 0.0 ], [ 29.758655591298051, -1.44756689501774, 0.0 ], [ 29.758726139498339, -1.447602169637273, 0.0 ], [ 29.758726139375163, -1.448436273309831, 0.0 ], [ 29.758726139598355, -1.448451156874172, 0.0 ], [ 29.758726138943668, -1.449850153122012, 0.0 ], [ 29.759014116700957, -1.451088452040175, 0.0 ], [ 29.75909358801702, -1.451370218116295, 0.0 ], [ 29.759098974502841, -1.451389313358789, 0.0 ], [ 29.759330889899037, -1.452211561081571, 0.0 ], [ 29.759359688470546, -1.452413145297594, 0.0 ], [ 29.758956521276801, -1.452672323537262, 0.0 ], [ 29.758996258054957, -1.452692435446531, 0.0 ], [ 29.762713244930261, -1.454573736757183, 0.0 ], [ 29.76301649342928, -1.454876983535664, 0.0 ], [ 29.763319741452975, -1.454987255812457, 0.0 ], [ 29.763430013550341, -1.455014823216182, 0.0 ], [ 29.763579746196623, -1.455014823634573, 0.0 ], [ 29.763636853151581, -1.455014823324544, 0.0 ], [ 29.763705693341596, -1.455014823345209, 0.0 ], [ 29.76378839776082, -1.454546168768352, 0.0 ], [ 29.763788396888135, -1.454105080234839, 0.0 ], [ 29.763760828899319, -1.453801832752301, 0.0 ], [ 29.764119212489966, -1.453388312350372, 0.0 ], [ 29.764450028161701, -1.453085064507794, 0.0 ], [ 29.764835980425175, -1.452836952003546, 0.0 ], [ 29.765387340439375, -1.452836952700044, 0.0 ], [ 29.765911132051631, -1.453085064480623, 0.0 ], [ 29.766048971038856, -1.453333176664035, 0.0 ], [ 29.766021403984485, -1.45366399228135, 0.0 ], [ 29.766159243064198, -1.454077512353986, 0.0 ], [ 29.766352219293587, -1.454298056417273, 0.0 ], [ 29.7666830350061, -1.454518600341903, 0.0 ], [ 29.766986283242844, -1.4546288721445, 0.0 ], [ 29.767234395626968, -1.454684007648041, 0.0 ], [ 29.767427371118981, -1.454904551642836, 0.0 ], [ 29.767688796092301, -1.454982979792073, 0.0 ], [ 29.767771269339924, -1.455071061536617, 0.0 ], [ 29.769819103674795, -1.456299761902984, 0.0 ], [ 29.771116064523596, -1.455958456180684, 0.0 ], [ 29.771126318359482, -1.455835409049205, 0.0 ], [ 29.771028604044641, -1.457306257472909, 0.0 ], [ 29.771034752760631, -1.457502997889149, 0.0 ], [ 29.771037730371045, -1.457598287089325, 0.0 ], [ 29.771119619003816, -1.460218731032421, 0.0 ], [ 29.771483678157104, -1.461856998190751, 0.0 ], [ 29.771756723171716, -1.463768309419861, 0.0 ], [ 29.772107366472135, -1.464890365823408, 0.0 ], [ 29.772131634033453, -1.464968024108524, 0.0 ], [ 29.772211797312664, -1.465224546084572, 0.0 ], [ 29.772666871500874, -1.467681946560585, 0.0 ], [ 29.773030930158122, -1.470230360359975, 0.0 ], [ 29.773303974241092, -1.474235012840827, 0.0 ], [ 29.773445825187167, -1.474721358361902, 0.0 ], [ 29.773448614664254, -1.474730921363584, 0.0 ], [ 29.773689727961187, -1.475557598670989, 0.0 ], [ 29.773693903644681, -1.475571912873592, 0.0 ], [ 29.773941078471868, -1.476419367748494, 0.0 ], [ 29.774032093390861, -1.478148649521082, 0.0 ], [ 29.773609738915013, -1.478655474492156, 0.0 ], [ 29.773577019730368, -1.478694738595655, 0.0 ], [ 29.77307021072458, -1.478850679166115, 0.0 ], [ 29.773042414106513, -1.478859232372602, 0.0 ], [ 29.772393826006478, -1.479058797735995, 0.0 ], [ 29.769572367720361, -1.47942285653472, 0.0 ], [ 29.767114966998765, -1.478967782145634, 0.0 ], [ 29.765181675659196, -1.478264766379092, 0.0 ], [ 29.764111479294598, -1.477875604723301, 0.0 ], [ 29.760652916180469, -1.47614632338374, 0.0 ], [ 29.760341732610293, -1.475954825689598, 0.0 ], [ 29.759403849211406, -1.47579422263964, 0.0 ], [ 29.757783980887631, -1.475518844594652, 0.0 ], [ 29.756860656091931, -1.475729427545577, 0.0 ], [ 29.756212709023533, -1.476085798221849, 0.0 ], [ 29.756171611125204, -1.476141355594002, 0.0 ], [ 29.755925593999063, -1.476387372021465, 0.0 ], [ 29.755808467627638, -1.476565609035208, 0.0 ], [ 29.755816662497526, -1.476576728291109, 0.0 ], [ 29.755815472554524, -1.476577397449354, 0.0 ], [ 29.755689467110621, -1.476648281202885, 0.0 ], [ 29.755611983609178, -1.4765985190794, 0.0 ], [ 29.755550907464347, -1.476533135375542, 0.0 ], [ 29.755270797125714, -1.47657622923693, 0.0 ], [ 29.754953879406212, -1.476730504282174, 0.0 ], [ 29.7548743334149, -1.477000704901688, 0.0 ], [ 29.754648090901927, -1.477173079765665, 0.0 ], [ 29.754464941894614, -1.47733468111496, 0.0 ], [ 29.754271020506192, -1.477485509299384, 0.0 ], [ 29.754234583922091, -1.477493238253215, 0.0 ], [ 29.754126160997998, -1.477836822318397, 0.0 ], [ 29.753076819364452, -1.478104512388413, 0.0 ], [ 29.752594978118871, -1.478350786846548, 0.0 ], [ 29.752295166603094, -1.478854042696515, 0.0 ], [ 29.751749080371134, -1.478961117381604, 0.0 ], [ 29.751707544404134, -1.478954170184151, 0.0 ], [ 29.7517146703393, -1.478944371321053, 0.0 ], [ 29.751717844112701, -1.478940008633989, 0.0 ], [ 29.751420535980902, -1.478886917674067, 0.0 ], [ 29.751418032269243, -1.478886470595943, 0.0 ], [ 29.751414520574869, -1.478882860558945, 0.0 ], [ 29.75084921597854, -1.47940694452471, 0.0 ], [ 29.75023486606737, -1.479944500783997, 0.0 ], [ 29.748353419605415, -1.480904422192415, 0.0 ], [ 29.747063172405067, -1.481891083603712, 0.0 ], [ 29.747106801191141, -1.481821131604881, 0.0 ], [ 29.745916497643005, -1.482627465461893, 0.0 ], [ 29.744495812922878, -1.483510593497205, 0.0 ], [ 29.743497494209013, -1.484316927219868, 0.0 ], [ 29.742729556961436, -1.484892881883683, 0.0 ], [ 29.742345588575784, -1.485123262244914, 0.0 ], [ 29.742331809049169, -1.485090695195348, 0.0 ], [ 29.742317841747315, -1.485057680423655, 0.0 ], [ 29.741769635412719, -1.485468834442649, 0.0 ], [ 29.740771316705104, -1.486236771106654, 0.0 ], [ 29.740579331980776, -1.48669753485509, 0.0 ], [ 29.739312235606739, -1.487273487730154, 0.0 ], [ 29.738160329746439, -1.488156615460246, 0.0 ], [ 29.737200407549292, -1.488770965532495, 0.0 ], [ 29.736283979995292, -1.489430792157336, 0.0 ], [ 29.736317279364076, -1.489423712559767, 0.0 ], [ 29.736273583875295, -1.489438277894299, 0.0 ], [ 29.736240485620122, -1.489462108725499, 0.0 ], [ 29.736238406575481, -1.489450003394616, 0.0 ], [ 29.735165373421296, -1.489807680127021, 0.0 ], [ 29.734167054414097, -1.489922871246654, 0.0 ], [ 29.732669576322877, -1.490345237874523, 0.0 ], [ 29.731901639077464, -1.490690808816415, 0.0 ], [ 29.730519351181101, -1.491036380740675, 0.0 ], [ 29.729833892502889, -1.491240559382577, 0.0 ], [ 29.729809278083831, -1.491247891380739, 0.0 ], [ 29.729434297328826, -1.491359588141638, 0.0 ], [ 29.728714698440463, -1.491573937162165, 0.0 ], [ 29.726986839675988, -1.492111493381441, 0.0 ], [ 29.725911727551072, -1.492418668822456, 0.0 ], [ 29.724990202092208, -1.492802636678741, 0.0 ], [ 29.724759820479502, -1.491381952499294, 0.0 ], [ 29.724337455180919, -1.488310202887157, 0.0 ], [ 29.724068676907898, -1.485660818693916, 0.0 ], [ 29.723915088919345, -1.485430437689664, 0.0 ], [ 29.722993564393779, -1.484278531327498, 0.0 ], [ 29.72299202559687, -1.484273178638693, 0.0 ], [ 29.722911301369951, -1.484323151612032, 0.0 ], [ 29.722765228503899, -1.484150170189802, 0.0 ], [ 29.722453862710147, -1.483773456547809, 0.0 ], [ 29.72224244109756, -1.483581254672784, 0.0 ], [ 29.722038708441488, -1.483427493493563, 0.0 ], [ 29.721865727373622, -1.483266045709777, 0.0 ], [ 29.721769626497181, -1.483150724292937, 0.0 ], [ 29.721622571187829, -1.483016380509607, 0.0 ], [ 29.72162299717554, -1.48301632448805, 0.0 ], [ 29.721533663734437, -1.482970902902002, 0.0 ], [ 29.721246688165351, -1.483001926036019, 0.0 ], [ 29.721239303342944, -1.482989625578791, 0.0 ], [ 29.720770265033561, -1.482231947617801, 0.0 ], [ 29.72062501306484, -1.482280543902591, 0.0 ], [ 29.72038983034037, -1.482417733417217, 0.0 ], [ 29.720374288374558, -1.482431794626867, 0.0 ], [ 29.72016358830053, -1.482622428045637, 0.0 ], [ 29.719905025159424, -1.482837898583599, 0.0 ], [ 29.719452538871721, -1.482934859618654, 0.0 ], [ 29.719150882052894, -1.483031820821916, 0.0 ], [ 29.718838452023974, -1.483225742306071, 0.0 ], [ 29.718622983157726, -1.483182648799688, 0.0 ], [ 29.718444707133262, -1.483079436291375, 0.0 ], [ 29.718418287484759, -1.483064140589675, 0.0 ], [ 29.718390858248505, -1.483044548654923, 0.0 ], [ 29.718041216406981, -1.48279480438483, 0.0 ], [ 29.717782653340915, -1.482547014499951, 0.0 ], [ 29.71761027860769, -1.48227767826166, 0.0 ], [ 29.717567184626294, -1.481900607815415, 0.0 ], [ 29.717427129381765, -1.481221879690637, 0.0 ], [ 29.717284316438487, -1.480675251415916, 0.0 ], [ 29.71711469867547, -1.480026024235746, 0.0 ], [ 29.716941467011821, -1.479606272718432, 0.0 ], [ 29.716882382699549, -1.479463106313401, 0.0 ], [ 29.716722657531495, -1.47890876549592, 0.0 ], [ 29.716508506009205, -1.478544708824071, 0.0 ], [ 29.716313373974018, -1.47849592523614, 0.0 ], [ 29.716241062179908, -1.478477847885515, 0.0 ], [ 29.716123033619787, -1.478448339731217, 0.0 ], [ 29.715801087712524, -1.478064081084178, 0.0 ], [ 29.715772861505247, -1.477973130310116, 0.0 ], [ 29.715768015950612, -1.47795752081418, 0.0 ], [ 29.71562796160859, -1.47778514584635, 0.0 ], [ 29.715490451737423, -1.477653135573543, 0.0 ], [ 29.715358624508628, -1.477526581625896, 0.0 ], [ 29.714942157043229, -1.477264026084776, 0.0 ], [ 29.714863045373551, -1.477214151235972, 0.0 ], [ 29.714575445875525, -1.476978843237773, 0.0 ], [ 29.714507520953152, -1.476923268219054, 0.0 ], [ 29.714141223493744, -1.476664705832594, 0.0 ], [ 29.714033489128582, -1.476427688141857, 0.0 ], [ 29.714022715643246, -1.476082938564929, 0.0 ], [ 29.714001168122209, -1.475770507848906, 0.0 ], [ 29.713904207097602, -1.475436530789712, 0.0 ], [ 29.713721057910512, -1.475027139200062, 0.0 ], [ 29.713434785464873, -1.474860516473971, 0.0 ], [ 29.71335232649486, -1.47486527310598, 0.0 ], [ 29.713175449204584, -1.474997931893257, 0.0 ], [ 29.712804705281812, -1.474818176487694, 0.0 ], [ 29.712760082730291, -1.474796541856139, 0.0 ], [ 29.7123747745831, -1.474589883668455, 0.0 ], [ 29.712250356332738, -1.474667644112443, 0.0 ], [ 29.71222936126329, -1.474680766650108, 0.0 ], [ 29.712216551528051, -1.4746583483779, 0.0 ], [ 29.712214323278992, -1.474654450845568, 0.0 ], [ 29.712156653865819, -1.474553529273726, 0.0 ], [ 29.712126664864524, -1.474383594205419, 0.0 ], [ 29.711926817306601, -1.474283669816938, 0.0 ], [ 29.711773833741319, -1.474483996550054, 0.0 ], [ 29.711688479371805, -1.474459609801966, 0.0 ], [ 29.711505579010019, -1.474362062651905, 0.0 ], [ 29.71140000650939, -1.47425648960595, 0.0 ], [ 29.711359258899925, -1.474215742780072, 0.0 ], [ 29.711239933049193, -1.474087892424232, 0.0 ], [ 29.711188552202305, -1.474032842261858, 0.0 ], [ 29.711182906751912, -1.474011030897625, 0.0 ], [ 29.711135446345061, -1.4738276815756, 0.0 ], [ 29.710997690174885, -1.473616466356519, 0.0 ], [ 29.710997690423692, -1.473565728045231, 0.0 ], [ 29.711068722466077, -1.473484549144366, 0.0 ], [ 29.711050511210782, -1.473402601577034, 0.0 ], [ 29.711043049231225, -1.473369021371913, 0.0 ], [ 29.71102813245767, -1.473301894426999, 0.0 ], [ 29.710936805589409, -1.473220715136912, 0.0 ], [ 29.710845478398156, -1.473169977564561, 0.0 ], [ 29.710853706291132, -1.473104147898686, 0.0 ], [ 29.710855625172886, -1.473088797049364, 0.0 ], [ 29.710951557138639, -1.473000860694103, 0.0 ], [ 29.710978121493596, -1.472972820116935, 0.0 ], [ 29.711004812580118, -1.472944646602826, 0.0 ], [ 29.711040432187044, -1.472630009320341, 0.0 ], [ 29.71117019703998, -1.472500244189565, 0.0 ], [ 29.711139754115109, -1.472317590797232, 0.0 ], [ 29.711067352386703, -1.472302075597253, 0.0 ], [ 29.711060122047986, -1.471983990414391, 0.0 ], [ 29.711109312640914, -1.471942134711913, 0.0 ], [ 29.711089017144815, -1.471840659059068, 0.0 ], [ 29.710967247504044, -1.471708742022536, 0.0 ], [ 29.710875919875964, -1.471647857524003, 0.0 ], [ 29.710825183704131, -1.471576825048176, 0.0 ], [ 29.710726266656824, -1.4715090323291, 0.0 ], [ 29.710715990928584, -1.471454232635545, 0.0 ], [ 29.71071661573216, -1.471452560403174, 0.0 ], [ 29.71070500060782, -1.47145629333002, 0.0 ], [ 29.710587217565596, -1.471338510521313, 0.0 ], [ 29.709987593369696, -1.471156481898173, 0.0 ], [ 29.709826979500484, -1.470588980337447, 0.0 ], [ 29.709216648517334, -1.470567565530103, 0.0 ], [ 29.709227354877754, -1.4699679407258, 0.0 ], [ 29.708611645385091, -1.469808425804541, 0.0 ], [ 29.708362051723544, -1.469790597218418, 0.0 ], [ 29.707984634203704, -1.469876604360015, 0.0 ], [ 29.708027464517315, -1.469705283329104, 0.0 ], [ 29.707877558392607, -1.469191319790989, 0.0 ], [ 29.707963219203972, -1.469019998061946, 0.0 ], [ 29.708100275751811, -1.468745885091388, 0.0 ], [ 29.708102416979369, -1.468741601030303, 0.0 ], [ 29.708102417395061, -1.468516742239239, 0.0 ], [ 29.707781190116989, -1.46802419418337, 0.0 ], [ 29.707856143205777, -1.467574475609449, 0.0 ], [ 29.70838081442723, -1.467510230523364, 0.0 ], [ 29.708734163949163, -1.467242541150594, 0.0 ], [ 29.708691334455889, -1.466824945523594, 0.0 ], [ 29.708477182350975, -1.46662150117618, 0.0 ], [ 29.708370107165109, -1.466214614774005, 0.0 ], [ 29.708305861597548, -1.46566852767072, 0.0 ], [ 29.708177370709318, -1.465283055656259, 0.0 ], [ 29.708252322887684, -1.464886874575063, 0.0 ], [ 29.708327276388278, -1.464619185780325, 0.0 ], [ 29.708209493715696, -1.464126636456223, 0.0 ], [ 29.707866850924454, -1.463837532743199, 0.0 ], [ 29.707663406864061, -1.46353772057098, 0.0 ], [ 29.707824020299018, -1.463387814059275, 0.0 ], [ 29.707909521956235, -1.463221756112412, 0.0 ], [ 29.708049522658136, -1.463221447041773, 0.0 ], [ 29.708245242658986, -1.463221447338258, 0.0 ], [ 29.708503805722984, -1.463146033492687, 0.0 ], [ 29.708719274649525, -1.463059845694932, 0.0 ], [ 29.708945517562654, -1.462941337225879, 0.0 ], [ 29.709247174534028, -1.462801282084821, 0.0 ], [ 29.70932308101408, -1.462801282030972, 0.0 ], [ 29.709408741029549, -1.462541915419849, 0.0 ], [ 29.709301665964418, -1.462370594668774, 0.0 ], [ 29.709430156993243, -1.462092197835626, 0.0 ], [ 29.709258834948944, -1.461781678666074, 0.0 ], [ 29.708905485060921, -1.461599649773472, 0.0 ], [ 29.708991146478443, -1.461364082670594, 0.0 ], [ 29.709269543202215, -1.461289129824753, 0.0 ], [ 29.70979421422426, -1.461439035246633, 0.0 ], [ 29.710019073046244, -1.461621064502172, 0.0 ], [ 29.710179687102769, -1.461856631101728, 0.0 ], [ 29.71060463001325, -1.461960952180026, 0.0 ], [ 29.71059816636825, -1.461851063397613, 0.0 ], [ 29.71080932613539, -1.461756256365381, 0.0 ], [ 29.710992474169668, -1.461497693664342, 0.0 ], [ 29.711164850195324, -1.461368412360005, 0.0 ], [ 29.711358772095867, -1.461260677643879, 0.0 ], [ 29.711552694350988, -1.461185263159659, 0.0 ], [ 29.711746617494576, -1.461109849560515, 0.0 ], [ 29.711951312253571, -1.461034435522655, 0.0 ], [ 29.71206482675824, -1.46097137253255, 0.0 ], [ 29.712077553921219, -1.460964301433032, 0.0 ], [ 29.712145234997024, -1.460926700724793, 0.0 ], [ 29.712360704656842, -1.460775871089246, 0.0 ], [ 29.712533079276884, -1.460614270300657, 0.0 ], [ 29.712705454971456, -1.460344933196645, 0.0 ], [ 29.712770095493237, -1.460344933369021, 0.0 ], [ 29.71285628371643, -1.460366480132233, 0.0 ], [ 29.713060979357596, -1.460247972898352, 0.0 ], [ 29.713222581075275, -1.459989409881486, 0.0 ], [ 29.71338418355425, -1.459795487361381, 0.0 ], [ 29.713675066522285, -1.459633885368487, 0.0 ], [ 29.713922856522888, -1.459601564279898, 0.0 ], [ 29.714138325319361, -1.459612338437402, 0.0 ], [ 29.714343021072512, -1.459698525441163, 0.0 ], [ 29.714450755370152, -1.459590791136906, 0.0 ], [ 29.71456926317752, -1.459375322789914, 0.0 ], [ 29.714903241319796, -1.458858195081813, 0.0 ], [ 29.714989428336899, -1.458653500819372, 0.0 ], [ 29.715086390090502, -1.458459577123013, 0.0 ], [ 29.715269538505154, -1.458578085166022, 0.0 ], [ 29.7154634616771, -1.458750461374296, 0.0 ], [ 29.715628719704601, -1.458857393869072, 0.0 ], [ 29.715689784709763, -1.458954669034679, 0.0 ], [ 29.715705562339945, -1.458944764678323, 0.0 ], [ 29.71609026849438, -1.458826387617224, 0.0 ], [ 29.71612239135413, -1.458601528203107, 0.0 ], [ 29.716079559999361, -1.458408792320855, 0.0 ], [ 29.716189559342322, -1.458132015102056, 0.0 ], [ 29.71632583565059, -1.457851998775423, 0.0 ], [ 29.716529278269636, -1.457445110262027, 0.0 ], [ 29.716518571636112, -1.4572416662294, 0.0 ], [ 29.716507863509857, -1.456877609413906, 0.0 ], [ 29.716679185064855, -1.456716995701138, 0.0 ], [ 29.716978997601103, -1.456620627227736, 0.0 ], [ 29.717096780746896, -1.457016807122254, 0.0 ], [ 29.717246685905021, -1.456963269467407, 0.0 ], [ 29.717396591974193, -1.456577796701065, 0.0 ], [ 29.717396591896033, -1.456181616300574, 0.0 ], [ 29.717589059191781, -1.455791054143203, 0.0 ], [ 29.717614434297765, -1.455806199526017, 0.0 ], [ 29.717803480019139, -1.455453501411869, 0.0 ], [ 29.718103292735481, -1.455057321628414, 0.0 ], [ 29.718188953001267, -1.454886000129171, 0.0 ], [ 29.718156830595539, -1.45468255609492, 0.0 ], [ 29.718435227713698, -1.45437203606005, 0.0 ], [ 29.718542302352922, -1.454297083827541, 0.0 ], [ 29.718542302117097, -1.453740289659944, 0.0 ], [ 29.718617255729292, -1.453515430082218, 0.0 ], [ 29.718809992586436, -1.453419062307103, 0.0 ], [ 29.718981313556654, -1.453194203020398, 0.0 ], [ 29.718959898137914, -1.452872976503712, 0.0 ], [ 29.719131219363927, -1.45259457958514, 0.0 ], [ 29.719131219423847, -1.452433965855288, 0.0 ], [ 29.719099095868071, -1.452166276509179, 0.0 ], [ 29.719291833323283, -1.452005662448594, 0.0 ], [ 29.719709428131427, -1.451930709109782, 0.0 ], [ 29.719868345088098, -1.451729415243035, 0.0 ], [ 29.719862741668912, -1.451708681088015, 0.0 ], [ 29.719752258320238, -1.451427453304912, 0.0 ], [ 29.719773673992776, -1.450988443757649, 0.0 ], [ 29.719655890401818, -1.450570847641234, 0.0 ], [ 29.719313248148755, -1.450517309800808, 0.0 ], [ 29.719377493151637, -1.450238912113029, 0.0 ], [ 29.719366786169356, -1.450035468037557, 0.0 ], [ 29.719291833142734, -1.449885562602815, 0.0 ], [ 29.719163342561444, -1.449885562848574, 0.0 ], [ 29.718917068058243, -1.449799902130135, 0.0 ], [ 29.718510180597136, -1.449714241200192, 0.0 ], [ 29.718189146411476, -1.449420644108664, 0.0 ], [ 29.71785701792896, -1.449360891165639, 0.0 ], [ 29.7178356148776, -1.449318085713588, 0.0 ], [ 29.717749942482726, -1.44914674089299, 0.0 ], [ 29.717376971268916, -1.449025776393372, 0.0 ], [ 29.717372622733084, -1.449024366725192, 0.0 ], [ 29.717355708759108, -1.44900926402059, 0.0 ], [ 29.717354114435622, -1.44900979563295, 0.0 ], [ 29.717341363686909, -1.448997576815401, 0.0 ], [ 29.717330905008652, -1.448989079164281, 0.0 ], [ 29.717315859931826, -1.448976855536356, 0.0 ], [ 29.717310668743053, -1.4489729585439, 0.0 ], [ 29.717290019906816, -1.448957459223948, 0.0 ], [ 29.717289518610929, -1.448956109731972, 0.0 ], [ 29.717268632174498, -1.448899934865016, 0.0 ], [ 29.717204386965953, -1.448685783626784, 0.0 ], [ 29.717364999902092, -1.448482339377497, 0.0 ], [ 29.71717226442593, -1.448375263494672, 0.0 ], [ 29.717000943479139, -1.44820394227439, 0.0 ], [ 29.717065188712944, -1.447968376398538, 0.0 ], [ 29.716722546521559, -1.447657856145524, 0.0 ], [ 29.716958112617725, -1.447347336186762, 0.0 ], [ 29.716829622220203, -1.446876203816154, 0.0 ], [ 29.71659405524532, -1.44691903305891, 0.0 ], [ 29.716615470684513, -1.446629929638091, 0.0 ], [ 29.716594055564158, -1.446351532152518, 0.0 ], [ 29.716561932570723, -1.446008889830172, 0.0 ], [ 29.716390611352978, -1.445826861807908, 0.0 ], [ 29.716519102644899, -1.445623417168811, 0.0 ], [ 29.716390611319252, -1.445559171099482, 0.0 ], [ 29.716412026387008, -1.445323605278973, 0.0 ], [ 29.716412026365735, -1.445099175886819, 0.0 ], [ 29.716689892536607, -1.445045739200192, 0.0 ], [ 29.716689745203066, -1.44504533851344, 0.0 ], [ 29.716690423721062, -1.445045208358801, 0.0 ], [ 29.716572640561413, -1.444723980635071, 0.0 ], [ 29.716412025977899, -1.444392046163436, 0.0 ], [ 29.715908770614863, -1.444445583825385, 0.0 ], [ 29.715737448933076, -1.444434876274646, 0.0 ], [ 29.715534005089495, -1.444242140096237, 0.0 ], [ 29.715630372965492, -1.443953035282581, 0.0 ], [ 29.71566868689429, -1.443817913613501, 0.0 ], [ 29.715656215487776, -1.443821616642377, 0.0 ], [ 29.71563212195624, -1.443828769562797, 0.0 ], [ 29.715634278048178, -1.44382744301635, 0.0 ], [ 29.71571123857456, -1.443780104207622, 0.0 ], [ 29.715912112330322, -1.443667615861592, 0.0 ], [ 29.716299956920942, -1.443409052676297, 0.0 ], [ 29.716644707220894, -1.443193583429115, 0.0 ], [ 29.716957138302075, -1.44295656714049, 0.0 ], [ 29.717161833285196, -1.442762645792385, 0.0 ], [ 29.717528131235714, -1.442428667173892, 0.0 ], [ 29.71786210803684, -1.442256292152942, 0.0 ], [ 29.718123202486797, -1.442029606128791, 0.0 ], [ 29.718303820078699, -1.441922315538994, 0.0 ], [ 29.718433102119132, -1.441803807065584, 0.0 ], [ 29.718637798203918, -1.441599111809426, 0.0 ], [ 29.718831719912966, -1.441534470031069, 0.0 ], [ 29.718971775242618, -1.441415962855167, 0.0 ], [ 29.719090283464613, -1.441308228530344, 0.0 ], [ 29.719316526049127, -1.441243587096124, 0.0 ], [ 29.719499674741666, -1.441146626347437, 0.0 ], [ 29.719769011066827, -1.441071211046618, 0.0 ], [ 29.719984479932684, -1.441038891198785, 0.0 ], [ 29.72028613735749, -1.440888063724512, 0.0 ], [ 29.720533926902185, -1.440791101818508, 0.0 ], [ 29.720717076709736, -1.440780328076684, 0.0 ], [ 29.720889451046826, -1.440801875084871, 0.0 ], [ 29.72113724169558, -1.440769554581075, 0.0 ], [ 29.72138503054515, -1.440737234048572, 0.0 ], [ 29.721568179049598, -1.440737234870843, 0.0 ], [ 29.721686687706139, -1.440661820665466, 0.0 ], [ 29.721826742044705, -1.440564859829124, 0.0 ], [ 29.721867077983383, -1.440500322793265, 0.0 ], [ 29.721919325491974, -1.440416726072642, 0.0 ], [ 29.721987926394643, -1.440390956046799, 0.0 ], [ 29.722311548135686, -1.440381710732431, 0.0 ], [ 29.722505470544995, -1.440414030370127, 0.0 ], [ 29.722753260574809, -1.44034939029129, 0.0 ], [ 29.722968728981385, -1.440327843869321, 0.0 ], [ 29.723205744972795, -1.440209335568432, 0.0 ], [ 29.723388894271174, -1.440090826087477, 0.0 ], [ 29.723561269020259, -1.440004639183145, 0.0 ], [ 29.723765965057034, -1.439907678854046, 0.0 ], [ 29.723916793219026, -1.439843037659528, 0.0 ], [ 29.724089169336452, -1.439767623535801, 0.0 ], [ 29.724380052724037, -1.439724529638201, 0.0 ], [ 29.724681709723704, -1.439649115810433, 0.0 ], [ 29.724843311525227, -1.439649115541806, 0.0 ], [ 29.725015686156301, -1.439638341026569, 0.0 ], [ 29.725134195177631, -1.439573700340734, 0.0 ], [ 29.725263476470879, -1.439562927813427, 0.0 ], [ 29.725306570234661, -1.439476739549189, 0.0 ], [ 29.725457300988641, -1.439369492594364, 0.0 ], [ 29.725577240457515, -1.439284154762352, 0.0 ], [ 29.725657655370643, -1.439235264840422, 0.0 ], [ 29.725845243421535, -1.439121215469843, 0.0 ], [ 29.726065511666388, -1.438910524782356, 0.0 ], [ 29.72584242348794, -1.438344870428814, 0.0 ], [ 29.725435535291282, -1.43791656708701, 0.0 ], [ 29.725307044124555, -1.437167037183791, 0.0 ], [ 29.725446243706049, -1.436910055423293, 0.0 ], [ 29.72542174627241, -1.436853524724985, 0.0 ], [ 29.725340694606988, -1.436666481377333, 0.0 ], [ 29.725341878942139, -1.436659952341066, 0.0 ], [ 29.725381997036642, -1.436438922893932, 0.0 ], [ 29.725371289941215, -1.435914251054092, 0.0 ], [ 29.725606856751117, -1.435079060042505, 0.0 ], [ 29.725821008595091, -1.434275992230449, 0.0 ], [ 29.725756762461824, -1.433248065090368, 0.0 ], [ 29.725727555985323, -1.433131137787125, 0.0 ], [ 29.725705188736356, -1.43303421036983, 0.0 ], [ 29.725662094079418, -1.432872608199635, 0.0 ], [ 29.725640547694887, -1.432689459347707, 0.0 ], [ 29.725575906560515, -1.432473990430034, 0.0 ], [ 29.725478945139447, -1.432193880635796, 0.0 ], [ 29.725328117104965, -1.431816808876333, 0.0 ], [ 29.725251291903042, -1.431577798530786, 0.0 ], [ 29.725231156495923, -1.431515152516655, 0.0 ], [ 29.725187558618952, -1.431398892767394, 0.0 ], [ 29.725166515675554, -1.431342776728005, 0.0 ], [ 29.725091101691802, -1.431116533681064, 0.0 ], [ 29.725026460757874, -1.430922611327702, 0.0 ], [ 29.724940272733761, -1.430717915354066, 0.0 ], [ 29.724940272338785, -1.430577860425438, 0.0 ], [ 29.724961819398111, -1.43021156329114, 0.0 ], [ 29.724843311274732, -1.43003918733815, 0.0 ], [ 29.72478759843171, -1.429998331414244, 0.0 ], [ 29.724712019470633, -1.429942906120787, 0.0 ], [ 29.724681708990559, -1.429920679375194, 0.0 ], [ 29.724520107367645, -1.429759077372286, 0.0 ], [ 29.724293865151481, -1.429597475692873, 0.0 ], [ 29.724132263441049, -1.429489741435854, 0.0 ], [ 29.723927567359745, -1.429241951561643, 0.0 ], [ 29.723798285199365, -1.428994162662717, 0.0 ], [ 29.723679776878591, -1.42868173176058, 0.0 ], [ 29.723640732060741, -1.428525549506141, 0.0 ], [ 29.723612523169098, -1.428491917066577, 0.0 ], [ 29.723615136998202, -1.428487809399648, 0.0 ], [ 29.723626173342279, -1.428467314232211, 0.0 ], [ 29.72376596491905, -1.42820769972515, 0.0 ], [ 29.723927567726786, -1.428056871616687, 0.0 ], [ 29.724099942257958, -1.427798307455039, 0.0 ], [ 29.724207677474009, -1.427604385111271, 0.0 ], [ 29.72430463837447, -1.427539744458609, 0.0 ], [ 29.724541654056523, -1.427539744099007, 0.0 ], [ 29.724681709367875, -1.427615159029088, 0.0 ], [ 29.724854084925845, -1.427755214824979, 0.0 ], [ 29.724972592942329, -1.427852175520278, 0.0 ], [ 29.72517728810173, -1.42794913663217, 0.0 ], [ 29.725349664478426, -1.428067644026717, 0.0 ], [ 29.725457397937131, -1.42809996461574, 0.0 ], [ 29.725640547631709, -1.428013777745808, 0.0 ], [ 29.72568364169933, -1.427884495384567, 0.0 ], [ 29.725845243248845, -1.427765987412932, 0.0 ], [ 29.726028392152923, -1.427701346165917, 0.0 ], [ 29.726286955126962, -1.42760438549396, 0.0 ], [ 29.726556290988608, -1.42751819800474, 0.0 ], [ 29.726836401604668, -1.427388916822332, 0.0 ], [ 29.727105737920851, -1.427184220870032, 0.0 ], [ 29.727256566187023, -1.427141126741, 0.0 ], [ 29.727428942373383, -1.426979524064266, 0.0 ], [ 29.727515128892502, -1.426839469426547, 0.0 ], [ 29.727536676691486, -1.426645547441054, 0.0 ], [ 29.727612091342923, -1.426516266153749, 0.0 ], [ 29.727612090943094, -1.42634389088164, 0.0 ], [ 29.727687505087491, -1.426149968069756, 0.0 ], [ 29.727784466495109, -1.425934499437531, 0.0 ], [ 29.727913747163356, -1.425708256381081, 0.0 ], [ 29.72796761507821, -1.425503560868354, 0.0 ], [ 29.727967615170751, -1.425341958422792, 0.0 ], [ 29.727913747683051, -1.425137263668721, 0.0 ], [ 29.728021481886636, -1.424986434196281, 0.0 ], [ 29.728226178735657, -1.424792512231979, 0.0 ], [ 29.728377005950406, -1.424695551112872, 0.0 ], [ 29.728377006003573, -1.424533949565105, 0.0 ], [ 29.728344686240547, -1.424426214682591, 0.0 ], [ 29.728290819604332, -1.424275386814448, 0.0 ], [ 29.728277844111499, -1.424241159302064, 0.0 ], [ 29.7282437022448, -1.424145404469717, 0.0 ], [ 29.728234277381709, -1.424119013482082, 0.0 ], [ 29.728163951610679, -1.423922100425994, 0.0 ], [ 29.728180607486046, -1.423638944475791, 0.0 ], [ 29.728113982183906, -1.423505694774243, 0.0 ], [ 29.728070567650562, -1.423411627439111, 0.0 ], [ 29.728014045745141, -1.42328916352667, 0.0 ], [ 29.728004204507521, -1.422797313008999, 0.0 ], [ 29.728017888178957, -1.422677771545188, 0.0 ], [ 29.728020894609649, -1.422651511367989, 0.0 ], [ 29.728021272437772, -1.422648209287467, 0.0 ], [ 29.728011808368187, -1.42264202719407, 0.0 ], [ 29.728026636666783, -1.422616937865239, 0.0 ], [ 29.728180607543749, -1.422356415625819, 0.0 ], [ 29.728230576458973, -1.422139884063862, 0.0 ], [ 29.728513732065903, -1.421940009214616, 0.0 ], [ 29.728647197248748, -1.421846583263696, 0.0 ], [ 29.728680294369273, -1.421823415319205, 0.0 ], [ 29.72881354388743, -1.421806759453927, 0.0 ], [ 29.728844093723083, -1.421810578009998, 0.0 ], [ 29.728946794013194, -1.421823415163284, 0.0 ] ] ] } },
{ "type": "Feature", "properties": { "sector": "Kinyababa", "district": "Burera", "province": "North", "Area_m2_gis": 53389457.051077671, "Perimeter_m_gis": 46002.09121627135 }, "geometry": { "type": "Polygon", "coordinates": [ [ [ 29.824056662170808, -1.308745061220137, 0.0 ], [ 29.824144995225598, -1.308770061050264, 0.0 ], [ 29.824233328603309, -1.308751728634672, 0.0 ], [ 29.824328328653792, -1.308763394608962, 0.0 ], [ 29.824411661918141, -1.308798394591437, 0.0 ], [ 29.824491662240018, -1.308845061753545, 0.0 ], [ 29.82455999522713, -1.308910061312316, 0.0 ], [ 29.824651662314505, -1.308946728777539, 0.0 ], [ 29.824744995063423, -1.308963394424621, 0.0 ], [ 29.824833328545079, -1.309008394355774, 0.0 ], [ 29.824916662378172, -1.309048394128164, 0.0 ], [ 29.825011662099541, -1.309065061692004, 0.0 ], [ 29.82508999556725, -1.309123394328668, 0.0 ], [ 29.825156662164833, -1.309193394466333, 0.0 ], [ 29.8252166623531, -1.309268394844314, 0.0 ], [ 29.82528832863574, -1.30933006171905, 0.0 ], [ 29.82536832809447, -1.309376728857231, 0.0 ], [ 29.825419995144706, -1.30945339464612, 0.0 ], [ 29.825446662289679, -1.309541728813287, 0.0 ], [ 29.82550832800921, -1.309611728593673, 0.0 ], [ 29.825591662105104, -1.309648394541185, 0.0 ], [ 29.82564499488932, -1.309730061152941, 0.0 ], [ 29.825703328253077, -1.309803394502739, 0.0 ], [ 29.825761662749031, -1.30987339404537, 0.0 ], [ 29.825819994875374, -1.309951728102578, 0.0 ], [ 29.82587832836413, -1.310023394546365, 0.0 ], [ 29.825961662134791, -1.310065061193374, 0.0 ], [ 29.826048328713167, -1.310110061877117, 0.0 ], [ 29.826096662763238, -1.310186728327891, 0.0 ], [ 29.826179995415114, -1.310231728775008, 0.0 ], [ 29.826233328229932, -1.31031339447355, 0.0 ], [ 29.826274995759785, -1.310396728069385, 0.0 ], [ 29.826361662753712, -1.310553394073224, 0.0 ], [ 29.826409995443669, -1.310650061549313, 0.0 ], [ 29.826443327918994, -1.310736728368596, 0.0 ], [ 29.826506662458673, -1.310806728247623, 0.0 ], [ 29.826569995089919, -1.310878394124079, 0.0 ], [ 29.826638328740991, -1.310948394349053, 0.0 ], [ 29.826703328232064, -1.311021728146807, 0.0 ], [ 29.826744995328795, -1.31111172844631, 0.0 ], [ 29.826803328085028, -1.311181728876068, 0.0 ], [ 29.826886662008118, -1.311235061108094, 0.0 ], [ 29.826943328358901, -1.311310061224669, 0.0 ], [ 29.827004995386744, -1.31138839459015, 0.0 ], [ 29.827023328432738, -1.311480061071584, 0.0 ], [ 29.827069995110449, -1.311563394102633, 0.0 ], [ 29.827104995369478, -1.311651728840726, 0.0 ], [ 29.827144995635546, -1.311740061212798, 0.0 ], [ 29.82717999522913, -1.311825061239399, 0.0 ], [ 29.827219995728509, -1.311910061613291, 0.0 ], [ 29.827293328530878, -1.311980061268793, 0.0 ], [ 29.827343328719682, -1.312056728724255, 0.0 ], [ 29.827411662536974, -1.312125061126771, 0.0 ], [ 29.82748999504366, -1.31217339409594, 0.0 ], [ 29.827551662107837, -1.312251728356866, 0.0 ], [ 29.827601662195416, -1.312330061807559, 0.0 ], [ 29.82763832799467, -1.312413394138301, 0.0 ], [ 29.827694995062448, -1.312491728050161, 0.0 ], [ 29.827759995748572, -1.312561728022329, 0.0 ], [ 29.827774995358478, -1.312633394145093, 0.0 ], [ 29.827848328210024, -1.312690061275736, 0.0 ], [ 29.827909995069181, -1.312771728432721, 0.0 ], [ 29.827971662160074, -1.312850061782078, 0.0 ], [ 29.828031662627712, -1.312923394305114, 0.0 ], [ 29.828511662008193, -1.313641728057503, 0.0 ], [ 29.828961662664987, -1.314251728147946, 0.0 ], [ 29.82915666260638, -1.31447006160254, 0.0 ], [ 29.829499995228463, -1.314791728834215, 0.0 ], [ 29.829601662588672, -1.314948394892734, 0.0 ], [ 29.829686662327358, -1.31498172884927, 0.0 ], [ 29.829824994973748, -1.315111728772384, 0.0 ], [ 29.830044995252344, -1.315248394665421, 0.0 ], [ 29.830194995693361, -1.31548672872046, 0.0 ], [ 29.83030832832322, -1.315643394652936, 0.0 ], [ 29.830549995027205, -1.315790061605017, 0.0 ], [ 29.830734994973909, -1.315798394289377, 0.0 ], [ 29.830804995729849, -1.315856728028117, 0.0 ], [ 29.831546662074061, -1.315843394468436, 0.0 ], [ 29.832379619440324, -1.315623564361511, 0.0 ], [ 29.833589574287686, -1.314809788023404, 0.0 ], [ 29.834178491160568, -1.31531304427738, 0.0 ], [ 29.835441985025032, -1.316587245378211, 0.0 ], [ 29.835823328604551, -1.31707172830748, 0.0 ], [ 29.836144995214894, -1.317218394646852, 0.0 ], [ 29.836369995360542, -1.317848394301685, 0.0 ], [ 29.836479995096667, -1.318203394228505, 0.0 ], [ 29.837465716086928, -1.319049988646927, 0.0 ], [ 29.838258076978814, -1.318878666033885, 0.0 ], [ 29.838814871683375, -1.319082110814478, 0.0 ], [ 29.839286004333783, -1.319221309435182, 0.0 ], [ 29.840174733697321, -1.319467583177052, 0.0 ], [ 29.840688696265484, -1.319328384168335, 0.0 ], [ 29.841138414230631, -1.31967102751494, 0.0 ], [ 29.842401907947419, -1.320527633163896, 0.0 ], [ 29.842819503907158, -1.321352116312067, 0.0 ], [ 29.843034273419843, -1.322279806164081, 0.0 ], [ 29.843022692757415, -1.322278152089551, 0.0 ], [ 29.842959836227788, -1.322340064137009, 0.0 ], [ 29.841582395707569, -1.323455136855261, 0.0 ], [ 29.841651532572072, -1.324630466203364, 0.0 ], [ 29.841098436558188, -1.326773714873171, 0.0 ], [ 29.841114855186007, -1.326921483420591, 0.0 ], [ 29.841205216482713, -1.327734736825067, 0.0 ], [ 29.841236710155169, -1.32801818131509, 0.0 ], [ 29.841098436592709, -1.329193511675439, 0.0 ], [ 29.841110393481902, -1.329875086324813, 0.0 ], [ 29.841110519729479, -1.329882294811715, 0.0 ], [ 29.841112782351566, -1.330011246231174, 0.0 ], [ 29.841122972645412, -1.330592085664523, 0.0 ], [ 29.841103875589891, -1.333524292729976, 0.0 ], [ 29.841138328052146, -1.333520061230171, 0.0 ], [ 29.841224995517273, -1.333568394414716, 0.0 ], [ 29.841246662537532, -1.333753394142129, 0.0 ], [ 29.841464995755071, -1.33392672834922, 0.0 ], [ 29.8418583282544, -1.334155061804882, 0.0 ], [ 29.84228166233499, -1.334520061579664, 0.0 ], [ 29.842481662619559, -1.334705061049184, 0.0 ], [ 29.842748328248238, -1.334970061728802, 0.0 ], [ 29.843163328623206, -1.335206728209079, 0.0 ], [ 29.843491662183567, -1.335370061567564, 0.0 ], [ 29.843914994917231, -1.335550061862756, 0.0 ], [ 29.844208328418087, -1.33576672841088, 0.0 ], [ 29.844461662407227, -1.335883394400088, 0.0 ], [ 29.844734995157296, -1.335895061132505, 0.0 ], [ 29.845103328464521, -1.335886728296573, 0.0 ], [ 29.845466662068922, -1.335858394043947, 0.0 ], [ 29.84607166265662, -1.33612006119148, 0.0 ], [ 29.846266662591916, -1.336316728413563, 0.0 ], [ 29.846226662576271, -1.33659839476686, 0.0 ], [ 29.846254995224232, -1.336783394008312, 0.0 ], [ 29.846413328556384, -1.337228394220606, 0.0 ], [ 29.846506661894644, -1.337241728095631, 0.0 ], [ 29.846754994882271, -1.337131728010194, 0.0 ], [ 29.846849995650153, -1.336978394134321, 0.0 ], [ 29.846938328394724, -1.336956728109431, 0.0 ], [ 29.847091662761329, -1.337066728099785, 0.0 ], [ 29.847258328111081, -1.337140061538518, 0.0 ], [ 29.847489994923286, -1.337290061266792, 0.0 ], [ 29.847584995260998, -1.337303394301278, 0.0 ], [ 29.847896662711793, -1.337503394373313, 0.0 ], [ 29.848121661937562, -1.337663394156977, 0.0 ], [ 29.848513328414736, -1.337911728523237, 0.0 ], [ 29.848998328287283, -1.3383217285261, 0.0 ], [ 29.849444995150215, -1.338681728888809, 0.0 ], [ 29.849696662678745, -1.33906506106184, 0.0 ], [ 29.849743328278389, -1.339245061613654, 0.0 ], [ 29.849689995159999, -1.339426728326736, 0.0 ], [ 29.849835400673889, -1.340133361094463, 0.0 ], [ 29.850207612701499, -1.341730533827661, 0.0 ], [ 29.8502133284005, -1.341755061104684, 0.0 ], [ 29.849846661985055, -1.341808394812528, 0.0 ], [ 29.849394994874434, -1.341926728862929, 0.0 ], [ 29.849303328633233, -1.342290061365806, 0.0 ], [ 29.849064995482383, -1.342573394133854, 0.0 ], [ 29.849119995167534, -1.34272339454693, 0.0 ], [ 29.84911166224877, -1.343261728251139, 0.0 ], [ 29.848874995396166, -1.343393394476343, 0.0 ], [ 29.848328327994974, -1.34348839475418, 0.0 ], [ 29.848158328360192, -1.343500061505242, 0.0 ], [ 29.847981662748705, -1.343726728664917, 0.0 ], [ 29.847733328600057, -1.343888394698999, 0.0 ], [ 29.847476662432012, -1.343828394443054, 0.0 ], [ 29.847458328399803, -1.344028394696215, 0.0 ], [ 29.847164995246317, -1.344263394396078, 0.0 ], [ 29.846661662491002, -1.34452672811463, 0.0 ], [ 29.846523328169464, -1.344643394536133, 0.0 ], [ 29.846398328595185, -1.344865061393717, 0.0 ], [ 29.846636662055896, -1.34514672814874, 0.0 ], [ 29.846598328204724, -1.34523672861307, 0.0 ], [ 29.846493328528915, -1.345220061064444, 0.0 ], [ 29.84627166271159, -1.345233394014856, 0.0 ], [ 29.846198328283489, -1.345295061208603, 0.0 ], [ 29.845953328565418, -1.345345061831166, 0.0 ], [ 29.845843328386984, -1.345478394525171, 0.0 ], [ 29.845618328017164, -1.345643394691693, 0.0 ], [ 29.845684995527396, -1.345708394638476, 0.0 ], [ 29.845594587968325, -1.345793683190543, 0.0 ], [ 29.845425073398552, -1.34596319827234, 0.0 ], [ 29.845123416419622, -1.346200214068358, 0.0 ], [ 29.844854080035066, -1.346297175754309, 0.0 ], [ 29.844648002393789, -1.346532692591117, 0.0 ], [ 29.844627837064049, -1.346555738532617, 0.0 ], [ 29.844498556734095, -1.346965130234458, 0.0 ], [ 29.844383472332176, -1.347204151297492, 0.0 ], [ 29.844374605097279, -1.347222566265552, 0.0 ], [ 29.844378258615052, -1.347271157255321, 0.0 ], [ 29.844358500987902, -1.34752508166116, 0.0 ], [ 29.844358501361146, -1.347589990530708, 0.0 ], [ 29.844315407707946, -1.347913194422144, 0.0 ], [ 29.844132258325558, -1.348171757185692, 0.0 ], [ 29.84402452319226, -1.348322586528356, 0.0 ], [ 29.84378750766508, -1.348527282078366, 0.0 ], [ 29.843453530503904, -1.348775071153314, 0.0 ], [ 29.843270380876675, -1.348936673014387, 0.0 ], [ 29.843108779179524, -1.349152142673476, 0.0 ], [ 29.842796349473254, -1.349389158306369, 0.0 ], [ 29.842505465054675, -1.349496893005168, 0.0 ], [ 29.84250092917377, -1.349503079157547, 0.0 ], [ 29.842379560734251, -1.349663779605627, 0.0 ], [ 29.842160715161501, -1.34982009704041, 0.0 ], [ 29.841902152597157, -1.349938605784284, 0.0 ], [ 29.841736406154443, -1.349959323151928, 0.0 ], [ 29.841557400929133, -1.349981699306859, 0.0 ], [ 29.841244969981943, -1.350164848295794, 0.0 ], [ 29.841007954067241, -1.350272582716156, 0.0 ], [ 29.840684749949283, -1.350401864503968, 0.0 ], [ 29.840372319907026, -1.350541919876371, 0.0 ], [ 29.839887514125355, -1.350563466187317, 0.0 ], [ 29.839575084474255, -1.350778935503281, 0.0 ], [ 29.839509722246298, -1.350817668809865, 0.0 ], [ 29.839353283720783, -1.35091037280635, 0.0 ], [ 29.839284200931754, -1.35095131000622, 0.0 ], [ 29.839036411298576, -1.351231420152645, 0.0 ], [ 29.838777848362398, -1.351446889318717, 0.0 ], [ 29.838519285345274, -1.351608491143228, 0.0 ], [ 29.838260722667535, -1.351791640582147, 0.0 ], [ 29.837980612444319, -1.351888601574882, 0.0 ], [ 29.837910897351552, -1.351882948594889, 0.0 ], [ 29.837581994135899, -1.35185628134588, 0.0 ], [ 29.836946360166582, -1.351802414588075, 0.0 ], [ 29.836686583164486, -1.351745390367913, 0.0 ], [ 29.836558701373441, -1.351320032796191, 0.0 ], [ 29.836518377703193, -1.35127164373698, 0.0 ], [ 29.836434139080737, -1.351394047356041, 0.0 ], [ 29.836362880910304, -1.351497591330992, 0.0 ], [ 29.836073776687012, -1.351840233883823, 0.0 ], [ 29.836084483939651, -1.352097215410587, 0.0 ], [ 29.836170144377771, -1.35258976452084, 0.0 ], [ 29.836277220099912, -1.353906795561598, 0.0 ], [ 29.83615943719477, -1.354367221015203, 0.0 ], [ 29.836258499281172, -1.354538100277966, 0.0 ], [ 29.836289225963323, -1.354725385254466, 0.0 ], [ 29.836512787044814, -1.354898317031133, 0.0 ], [ 29.836759061330493, -1.355155298263204, 0.0 ], [ 29.837144533900336, -1.355508648222015, 0.0 ], [ 29.837390808425393, -1.356033320722411, 0.0 ], [ 29.837597854926237, -1.356318009814244, 0.0 ], [ 29.837621932089025, -1.356351115257623, 0.0 ], [ 29.837596875993096, -1.356349494598182, 0.0 ], [ 29.837499893931092, -1.356343220200697, 0.0 ], [ 29.837344977890368, -1.356197986526459, 0.0 ], [ 29.837226469297299, -1.356208759567423, 0.0 ], [ 29.837054094113668, -1.356079478309815, 0.0 ], [ 29.836827851264136, -1.355960970828789, 0.0 ], [ 29.836601608967545, -1.355874782081651, 0.0 ], [ 29.836418460243301, -1.355820915902109, 0.0 ], [ 29.836192217577256, -1.355820915884876, 0.0 ], [ 29.836073709612009, -1.355702407532642, 0.0 ], [ 29.835793599072481, -1.355756274725435, 0.0 ], [ 29.835804372966521, -1.355530031539051, 0.0 ], [ 29.835761446666574, -1.355282931663508, 0.0 ], [ 29.835527293113003, -1.355218090046608, 0.0 ], [ 29.835270312525807, -1.355185967173232, 0.0 ], [ 29.834991914920444, -1.355185967098375, 0.0 ], [ 29.834702810131812, -1.355367996075881, 0.0 ], [ 29.834531489065665, -1.35545365662007, 0.0 ], [ 29.83379266636403, -1.355378703597546, 0.0 ], [ 29.833278703226995, -1.35535728863635, 0.0 ], [ 29.833064551515719, -1.355442949720315, 0.0 ], [ 29.832903938651715, -1.355582147145548, 0.0 ], [ 29.832614832871499, -1.355592855650317, 0.0 ], [ 29.832422097440585, -1.355774884696395, 0.0 ], [ 29.832090162183821, -1.355742761686528, 0.0 ], [ 29.831929548226181, -1.355753469120633, 0.0 ], [ 29.831883856157877, -1.355768700499845, 0.0 ], [ 29.831862145918731, -1.355634468516874, 0.0 ], [ 29.831925927462002, -1.355389976371346, 0.0 ], [ 29.831925927436163, -1.355312140228867, 0.0 ], [ 29.831925927203613, -1.355276406277106, 0.0 ], [ 29.831836578979583, -1.355313373085678, 0.0 ], [ 29.830814371517508, -1.356208258301343, 0.0 ], [ 29.829722546391729, -1.35691309846342, 0.0 ], [ 29.829899016113245, -1.357148392079555, 0.0 ], [ 29.829732346588774, -1.3571900600855, 0.0 ], [ 29.829649584875742, -1.357247130493878, 0.0 ], [ 29.829647587076863, -1.357248508735316, 0.0 ], [ 29.829652611610463, -1.357258884046656, 0.0 ], [ 29.829665881985395, -1.357310443205498, 0.0 ], [ 29.829689121976511, -1.357375208052661, 0.0 ], [ 29.82961671196276, -1.357455973090224, 0.0 ], [ 29.829413268283751, -1.357670124464934, 0.0 ], [ 29.829113456543638, -1.35806630505882, 0.0 ], [ 29.828492417710407, -1.35837682476123, 0.0 ], [ 29.828331803591755, -1.358387532835133, 0.0 ], [ 29.827143262869477, -1.358955033790666, 0.0 ], [ 29.826543638623601, -1.359276261354408, 0.0 ], [ 29.826372316992483, -1.359501120718074, 0.0 ], [ 29.826124412101663, -1.360041002806595, 0.0 ], [ 29.826079497639942, -1.360138817693206, 0.0 ], [ 29.825890476128638, -1.360550462862343, 0.0 ], [ 29.826136749968644, -1.360978765232759, 0.0 ], [ 29.826565053136893, -1.361471313044994, 0.0 ], [ 29.826340194258808, -1.362220844829659, 0.0 ], [ 29.826018966891741, -1.362649147608076, 0.0 ], [ 29.825933307294299, -1.362948959515624, 0.0 ], [ 29.826329487417347, -1.363366554147145, 0.0 ], [ 29.826638152359266, -1.363569391442577, 0.0 ], [ 29.82657097008196, -1.363629666397619, 0.0 ], [ 29.826637956334096, -1.363847372516186, 0.0 ], [ 29.826664834595871, -1.364268459536706, 0.0 ], [ 29.826602119729756, -1.364626831785196, 0.0 ], [ 29.826566661913166, -1.364910061537425, 0.0 ], [ 29.826064560668286, -1.364994163372297, 0.0 ], [ 29.825840577911265, -1.364949366807751, 0.0 ], [ 29.825613327921385, -1.364913394708956, 0.0 ], [ 29.825262702454509, -1.365240544132731, 0.0 ], [ 29.824984964434694, -1.365500364300606, 0.0 ], [ 29.824859533913184, -1.365760184747703, 0.0 ], [ 29.824680348390149, -1.366046882411656, 0.0 ], [ 29.824402609441066, -1.366441091169991, 0.0 ], [ 29.824272737673983, -1.366688177484721, 0.0 ], [ 29.824270353904744, -1.366695561242914, 0.0 ], [ 29.824274515026971, -1.366703103761834, 0.0 ], [ 29.824282005238132, -1.366765980806106, 0.0 ], [ 29.824327314386355, -1.36703982280437, 0.0 ], [ 29.824257293683701, -1.367277466532894, 0.0 ], [ 29.824255757503149, -1.367282679672255, 0.0 ], [ 29.824221662202344, -1.367398394362686, 0.0 ], [ 29.824318328607209, -1.367696728141248, 0.0 ], [ 29.824289265353137, -1.367719332739868, 0.0 ], [ 29.824374920116227, -1.367677544392178, 0.0 ], [ 29.824391131356485, -1.367672049240259, 0.0 ], [ 29.824392154949965, -1.36767170200664, 0.0 ], [ 29.824416661880516, -1.36766339462432, 0.0 ], [ 29.824444006932939, -1.367677496115711, 0.0 ], [ 29.824529118972251, -1.367721390838571, 0.0 ], [ 29.824568766155114, -1.367741838858352, 0.0 ], [ 29.824700778370957, -1.367807009700639, 0.0 ], [ 29.824701936627854, -1.367820905763118, 0.0 ], [ 29.824674325954909, -1.367912937901902, 0.0 ], [ 29.825685895747931, -1.368320469738873, 0.0 ], [ 29.825687032406336, -1.368334869578949, 0.0 ], [ 29.826126043690614, -1.368720341382376, 0.0 ], [ 29.826404440148814, -1.368581143218556, 0.0 ], [ 29.827243469320031, -1.36791204458509, 0.0 ], [ 29.827250336337936, -1.367906564111843, 0.0 ], [ 29.82725470944504, -1.367903069631451, 0.0 ], [ 29.827518028723368, -1.367692414102323, 0.0 ], [ 29.828310388168859, -1.367253404790707, 0.0 ], [ 29.828695861674138, -1.36710349809048, 0.0 ], [ 29.829119053514841, -1.367258324268912, 0.0 ], [ 29.829189395370321, -1.367340050045408, 0.0 ], [ 29.829274070574442, -1.367424725355549, 0.0 ], [ 29.829520344162376, -1.367274819406596, 0.0 ], [ 29.829830864146171, -1.367306941435957, 0.0 ], [ 29.829861454671047, -1.367468632276698, 0.0 ], [ 29.829862185005794, -1.36747249614236, 0.0 ], [ 29.829905817359762, -1.36770312243523, 0.0 ], [ 29.829913840555687, -1.367703122102939, 0.0 ], [ 29.829948609970216, -1.367760777890353, 0.0 ], [ 29.829945559295922, -1.367782602069235, 0.0 ], [ 29.829951662438912, -1.367790061509673, 0.0 ], [ 29.829926662578806, -1.367881728522977, 0.0 ], [ 29.829908327927356, -1.367975061104936, 0.0 ], [ 29.829878328020122, -1.368078394270506, 0.0 ], [ 29.829851662591807, -1.36817506187134, 0.0 ], [ 29.829939995668656, -1.368230061491726, 0.0 ], [ 29.829908328557647, -1.368323394026494, 0.0 ], [ 29.829843328352727, -1.368393394779206, 0.0 ], [ 29.829868328005219, -1.368483394838208, 0.0 ], [ 29.829918328303549, -1.368560061459561, 0.0 ], [ 29.829928328261012, -1.368653394253374, 0.0 ], [ 29.829949994921119, -1.368741728075941, 0.0 ], [ 29.829948327942013, -1.368843394550748, 0.0 ], [ 29.829971662391735, -1.368933394490568, 0.0 ], [ 29.829943328736405, -1.369021728362923, 0.0 ], [ 29.829929995403422, -1.369123394004704, 0.0 ], [ 29.829933328231878, -1.369216728131348, 0.0 ], [ 29.829893328452744, -1.36930172826852, 0.0 ], [ 29.82989832847997, -1.369405061216786, 0.0 ], [ 29.829919467922345, -1.369451017867733, 0.0 ], [ 29.829919711420992, -1.369451545179891, 0.0 ], [ 29.829936661971164, -1.369488394617264, 0.0 ], [ 29.829933328684795, -1.369580061365071, 0.0 ], [ 29.829938327931647, -1.369681728314988, 0.0 ], [ 29.829916662292156, -1.369770061756908, 0.0 ], [ 29.829891662283437, -1.369863394763805, 0.0 ], [ 29.829879995635693, -1.369956728722735, 0.0 ], [ 29.829858328033612, -1.370060061573971, 0.0 ], [ 29.82987166254879, -1.370158394409198, 0.0 ], [ 29.829843328088952, -1.370245061374451, 0.0 ], [ 29.829821662438473, -1.370333394814039, 0.0 ], [ 29.82977832873441, -1.370416728709089, 0.0 ], [ 29.829796662044519, -1.370508394291112, 0.0 ], [ 29.829761662240958, -1.370595061682062, 0.0 ], [ 29.829741662692157, -1.370683394334606, 0.0 ], [ 29.82978166261195, -1.370775061466658, 0.0 ], [ 29.829804995149967, -1.370866728310761, 0.0 ], [ 29.829818328336714, -1.370958394439619, 0.0 ], [ 29.829808328683775, -1.371051728515572, 0.0 ], [ 29.829828212643193, -1.371111378462246, 0.0 ], [ 29.829834444406043, -1.371130074808636, 0.0 ], [ 29.829839995131376, -1.371146728856605, 0.0 ], [ 29.829804995434955, -1.371231728439673, 0.0 ], [ 29.829868328751605, -1.371186728406829, 0.0 ], [ 29.829723388108153, -1.371833656249817, 0.0 ], [ 29.829722227575502, -1.37183884047812, 0.0 ], [ 29.829594995075844, -1.372406728718185, 0.0 ], [ 29.829549995325848, -1.372488394675429, 0.0 ], [ 29.829504995290741, -1.372586728753057, 0.0 ], [ 29.829429995041345, -1.372651728050777, 0.0 ], [ 29.829428962052436, -1.372657820356419, 0.0 ], [ 29.829428461290711, -1.372660778778644, 0.0 ], [ 29.829413328764158, -1.372750061445767, 0.0 ], [ 29.829359995324943, -1.372825061902278, 0.0 ], [ 29.829396662607291, -1.37291006119208, 0.0 ], [ 29.829369324059389, -1.372891650039906, 0.0 ], [ 29.829359111306061, -1.372884772767981, 0.0 ], [ 29.829366403217772, -1.373033968761765, 0.0 ], [ 29.82933666233567, -1.373120061285161, 0.0 ], [ 29.829336661888586, -1.373215061165995, 0.0 ], [ 29.829356662625013, -1.373313394479976, 0.0 ], [ 29.829326662647336, -1.373403394210866, 0.0 ], [ 29.829236662494313, -1.373448394111607, 0.0 ], [ 29.829176662009569, -1.37352172808342, 0.0 ], [ 29.829191662490842, -1.373621728845378, 0.0 ], [ 29.829153328587662, -1.37370839416796, 0.0 ], [ 29.829093328719711, -1.373671728847523, 0.0 ], [ 29.829083165546848, -1.373725886621394, 0.0 ], [ 29.82906375527854, -1.373829319105613, 0.0 ], [ 29.828927158743539, -1.374557237376704, 0.0 ], [ 29.828926355937661, -1.374561513561471, 0.0 ], [ 29.828845633009241, -1.374991681648737, 0.0 ], [ 29.828843692069686, -1.375002024806175, 0.0 ], [ 29.828839995384037, -1.375021728901009, 0.0 ], [ 29.828811661896832, -1.37503006136927, 0.0 ], [ 29.828716662384934, -1.375088394291199, 0.0 ], [ 29.828639995376491, -1.375148394531146, 0.0 ], [ 29.828554994921848, -1.375198394559754, 0.0 ], [ 29.828483328701143, -1.375261728055584, 0.0 ], [ 29.828416662557544, -1.375338394416942, 0.0 ], [ 29.828403091135936, -1.375349366229962, 0.0 ], [ 29.828336581132643, -1.37540397485825, 0.0 ], [ 29.828279995509991, -1.375476728386454, 0.0 ], [ 29.828226662270328, -1.375560061507097, 0.0 ], [ 29.828159995266542, -1.375623394448195, 0.0 ], [ 29.828123328179156, -1.37571172857612, 0.0 ], [ 29.828061662742883, -1.375780061678903, 0.0 ], [ 29.828013328065005, -1.375860061350353, 0.0 ], [ 29.82797666240705, -1.37595339437319, 0.0 ], [ 29.827939994948462, -1.376046728299326, 0.0 ], [ 29.827888328392966, -1.376121728826668, 0.0 ], [ 29.827879688694587, -1.376146739875719, 0.0 ], [ 29.827857678325561, -1.376227872016658, 0.0 ], [ 29.827863328709174, -1.376308394757621, 0.0 ], [ 29.827976662569277, -1.376365061388317, 0.0 ], [ 29.827638328544804, -1.378226728899012, 0.0 ], [ 29.827884995040503, -1.378655061171321, 0.0 ], [ 29.827883938436631, -1.378777136595663, 0.0 ], [ 29.827908161434788, -1.378832326122096, 0.0 ], [ 29.828153695947723, -1.379295065404395, 0.0 ], [ 29.828281957366347, -1.37955536022037, 0.0 ], [ 29.828328534419761, -1.379649882305342, 0.0 ], [ 29.828454444421553, -1.379905405063935, 0.0 ], [ 29.828464547485119, -1.379925909691725, 0.0 ], [ 29.82851775390121, -1.380033888671292, 0.0 ], [ 29.82858199903815, -1.381490118457346, 0.0 ], [ 29.828585298967184, -1.381539612041188, 0.0 ], [ 29.827825863664518, -1.381560974175592, 0.0 ], [ 29.82824982059315, -1.383219698624278, 0.0 ], [ 29.82823935763308, -1.383267576760695, 0.0 ], [ 29.82819652744049, -1.383867200832757, 0.0 ], [ 29.828194679722241, -1.383905646177051, 0.0 ], [ 29.828188491264022, -1.384034355368424, 0.0 ], [ 29.828165843434391, -1.384505439490612, 0.0 ], [ 29.828165495131753, -1.384512669642749, 0.0 ], [ 29.828165483430727, -1.384512925601414, 0.0 ], [ 29.828165471729704, -1.384513181560064, 0.0 ], [ 29.828161220985965, -1.384601575009252, 0.0 ], [ 29.828138014022631, -1.38461299381333, 0.0 ], [ 29.828130323003311, -1.38461677747327, 0.0 ], [ 29.828158328417182, -1.384648394584392, 0.0 ], [ 29.82814999500096, -1.384700061617431, 0.0 ], [ 29.828148401097621, -1.384745495669016, 0.0 ], [ 29.828148179571382, -1.384751819570932, 0.0 ], [ 29.828146662211999, -1.384795061239971, 0.0 ], [ 29.828161661883062, -1.384893394195617, 0.0 ], [ 29.82815825850702, -1.384945299458636, 0.0 ], [ 29.828158041926702, -1.38498276901926, 0.0 ], [ 29.828158040108718, -1.384983055729954, 0.0 ], [ 29.828157954552051, -1.384998084073655, 0.0 ], [ 29.828157892671712, -1.385008792763373, 0.0 ], [ 29.828158051682742, -1.385009516335394, 0.0 ], [ 29.828158093905845, -1.385009710795353, 0.0 ], [ 29.828196526989966, -1.38518423185068, 0.0 ], [ 29.828335725607925, -1.385366260862347, 0.0 ], [ 29.828373691152088, -1.385419399194266, 0.0 ], [ 29.828376935893765, -1.385423941581352, 0.0 ], [ 29.828418524480242, -1.385482150526538, 0.0 ], [ 29.828370685591487, -1.38582500343406, 0.0 ], [ 29.828392232310307, -1.386331356207237, 0.0 ], [ 29.828379593385272, -1.386483026212012, 0.0 ], [ 29.828370685334303, -1.386589919856401, 0.0 ], [ 29.828354492496572, -1.386650064634859, 0.0 ], [ 29.828352985036396, -1.386655662169154, 0.0 ], [ 29.828295270065428, -1.386870029010614, 0.0 ], [ 29.828316817291547, -1.387107045459743, 0.0 ], [ 29.828273723662605, -1.387419476603681, 0.0 ], [ 29.828327591660244, -1.387688812334104, 0.0 ], [ 29.828300921676156, -1.38789327770462, 0.0 ], [ 29.828299946987013, -1.387900744776844, 0.0 ], [ 29.828295270454888, -1.387936602280167, 0.0 ], [ 29.828230630206505, -1.388227485119921, 0.0 ], [ 29.828333830152875, -1.388399485683671, 0.0 ], [ 29.828334333343825, -1.388400323241618, 0.0 ], [ 29.82835991161409, -1.388442954576187, 0.0 ], [ 29.828306044477038, -1.388809252190757, 0.0 ], [ 29.828280572988909, -1.388855949821557, 0.0 ], [ 29.828280028326951, -1.388856947390648, 0.0 ], [ 29.828176762732543, -1.389046268461152, 0.0 ], [ 29.828136388624443, -1.389118942626336, 0.0 ], [ 29.828134915713445, -1.389118966034244, 0.0 ], [ 29.828125071496856, -1.389134969565251, 0.0 ], [ 29.828124800967476, -1.389135408203935, 0.0 ], [ 29.828101253219561, -1.38917369186967, 0.0 ], [ 29.828028328002954, -1.38936672882446, 0.0 ], [ 29.827995234007904, -1.389438700760994, 0.0 ], [ 29.827978327988209, -1.389493394356455, 0.0 ], [ 29.827965209889587, -1.389522482331654, 0.0 ], [ 29.827931716182945, -1.389579295647326, 0.0 ], [ 29.827928876057449, -1.389584113446864, 0.0 ], [ 29.827918130316696, -1.389602341858617, 0.0 ], [ 29.827869994978098, -1.389655061461292, 0.0 ], [ 29.827834995641123, -1.389741728765878, 0.0 ], [ 29.827871662273122, -1.389825061190697, 0.0 ], [ 29.827794995304661, -1.389926728462384, 0.0 ], [ 29.827729995521068, -1.389993394354044, 0.0 ], [ 29.82765999527426, -1.39005172807851, 0.0 ], [ 29.827605546513372, -1.390120892832774, 0.0 ], [ 29.827602953629551, -1.390124186650863, 0.0 ], [ 29.827598328679755, -1.390130061621283, 0.0 ], [ 29.827528327942048, -1.390195061140669, 0.0 ], [ 29.827523670333925, -1.390205154465413, 0.0 ], [ 29.827505820963282, -1.390243826550391, 0.0 ], [ 29.827488328417466, -1.390281728069574, 0.0 ], [ 29.82744832799105, -1.390368394092839, 0.0 ], [ 29.827389995009252, -1.390440061168943, 0.0 ], [ 29.82732832863725, -1.3905150618021, 0.0 ], [ 29.827273327944493, -1.39059839472137, 0.0 ], [ 29.82722332789865, -1.390675061302971, 0.0 ], [ 29.827217169357453, -1.390687380368769, 0.0 ], [ 29.827216408977186, -1.390688900693944, 0.0 ], [ 29.827181662472825, -1.390758394296868, 0.0 ], [ 29.827176661928895, -1.390850061788934, 0.0 ], [ 29.827159995583781, -1.390945061321009, 0.0 ], [ 29.827133328539066, -1.391045061726432, 0.0 ], [ 29.82708499525716, -1.391125061325746, 0.0 ], [ 29.826993399543703, -1.391178161185276, 0.0 ], [ 29.826914994992006, -1.391223394200275, 0.0 ], [ 29.826824995237061, -1.391203394678597, 0.0 ], [ 29.826734995700836, -1.391205061263257, 0.0 ], [ 29.826641661971959, -1.391233394413734, 0.0 ], [ 29.826553327874951, -1.391256728128237, 0.0 ], [ 29.826513478584499, -1.391291265236428, 0.0 ], [ 29.826511672155213, -1.391292830706408, 0.0 ], [ 29.826478328705452, -1.391321728142561, 0.0 ], [ 29.826416661991839, -1.391388394234279, 0.0 ], [ 29.826336662434038, -1.391431728668112, 0.0 ], [ 29.826304995012936, -1.391521728180285, 0.0 ], [ 29.826293328138785, -1.391613394266991, 0.0 ], [ 29.826251661885088, -1.391695061239827, 0.0 ], [ 29.826286662234427, -1.391780061367847, 0.0 ], [ 29.82625166255777, -1.391870061535642, 0.0 ], [ 29.826216703490282, -1.3919086057145, 0.0 ], [ 29.8262165866545, -1.391908734137788, 0.0 ], [ 29.826186662310086, -1.391941728077394, 0.0 ], [ 29.82580735775797, -1.392503483879742, 0.0 ], [ 29.82580699016426, -1.392504027427076, 0.0 ], [ 29.825791662672028, -1.392526728895672, 0.0 ], [ 29.825819995081471, -1.392585061719307, 0.0 ], [ 29.825756662312429, -1.392650061665021, 0.0 ], [ 29.825735955450931, -1.392660000033962, 0.0 ], [ 29.825734664923036, -1.392660619486449, 0.0 ], [ 29.825683535393392, -1.39268516246447, 0.0 ], [ 29.825683415878832, -1.392685055730421, 0.0 ], [ 29.825683152587715, -1.392684816031491, 0.0 ], [ 29.825682517273883, -1.392684243467137, 0.0 ], [ 29.825659485127829, -1.392663461101777, 0.0 ], [ 29.825679297141548, -1.392687196257879, 0.0 ], [ 29.825673328000565, -1.392690061112339, 0.0 ], [ 29.825665086479916, -1.39270048519366, 0.0 ], [ 29.82566478360177, -1.39270086865807, 0.0 ], [ 29.825656945619013, -1.392710781754929, 0.0 ], [ 29.825595991024244, -1.392795942070422, 0.0 ], [ 29.825568328556503, -1.392841728713446, 0.0 ], [ 29.82561999560793, -1.392840061136703, 0.0 ], [ 29.825488328322919, -1.392856728489388, 0.0 ], [ 29.825417301642538, -1.392878681441134, 0.0 ], [ 29.82541602461092, -1.392879076590733, 0.0 ], [ 29.825396662439616, -1.392885061704069, 0.0 ], [ 29.825341661991288, -1.392926728343038, 0.0 ], [ 29.825251662479193, -1.392915061455597, 0.0 ], [ 29.825161662354205, -1.392911728170036, 0.0 ], [ 29.825069994884409, -1.392888394646639, 0.0 ], [ 29.824984995452333, -1.392926728849459, 0.0 ], [ 29.824978963388091, -1.392929803529729, 0.0 ], [ 29.824978703664179, -1.392929936464525, 0.0 ], [ 29.824899995648888, -1.392970061041201, 0.0 ], [ 29.824804995021346, -1.392983394578072, 0.0 ], [ 29.824714995302511, -1.392986728882741, 0.0 ], [ 29.824646662324362, -1.393051728418691, 0.0 ], [ 29.824561662543452, -1.393021728671557, 0.0 ], [ 29.824468328619417, -1.393015061305445, 0.0 ], [ 29.824386662323029, -1.393053394830086, 0.0 ], [ 29.824309995207173, -1.393105061228181, 0.0 ], [ 29.824219995643077, -1.393118394210942, 0.0 ], [ 29.824146312336325, -1.393142483233697, 0.0 ], [ 29.824145643713528, -1.393142702060449, 0.0 ], [ 29.824133328113486, -1.393146728652546, 0.0 ], [ 29.824063328216933, -1.393210061141737, 0.0 ], [ 29.824014995033494, -1.39328672866277, 0.0 ], [ 29.823944995377047, -1.393346728248229, 0.0 ], [ 29.823874995115361, -1.393281728283411, 0.0 ], [ 29.823804298731016, -1.39324845909281, 0.0 ], [ 29.823804260988378, -1.393248441905414, 0.0 ], [ 29.823789995184157, -1.3932417289065, 0.0 ], [ 29.823696662372686, -1.393220061201525, 0.0 ], [ 29.82367221728828, -1.393226851782105, 0.0 ], [ 29.823672131913391, -1.393226875291394, 0.0 ], [ 29.823636322079807, -1.393236822451484, 0.0 ], [ 29.823636269037333, -1.39323710825377, 0.0 ], [ 29.823636098286325, -1.39323717155242, 0.0 ], [ 29.8236351052626, -1.393237160624218, 0.0 ], [ 29.823635036966238, -1.393237131676665, 0.0 ], [ 29.823634775463002, -1.393237021314038, 0.0 ], [ 29.823633488615172, -1.393236482164768, 0.0 ], [ 29.823633057269504, -1.393236302146663, 0.0 ], [ 29.823521123976672, -1.393189421483323, 0.0 ], [ 29.823213710670686, -1.393031056192161, 0.0 ], [ 29.823159945536727, -1.393028718651035, 0.0 ], [ 29.823156482094486, -1.393028567346305, 0.0 ], [ 29.822290182108848, -1.392990903770952, 0.0 ], [ 29.82198529801169, -1.392925144272199, 0.0 ], [ 29.82198235493297, -1.392924509124472, 0.0 ], [ 29.82160757476511, -1.392843674316504, 0.0 ], [ 29.821313116233494, -1.392883827544282, 0.0 ], [ 29.821005636579038, -1.392905033317483, 0.0 ], [ 29.820896477670182, -1.392904121426313, 0.0 ], [ 29.820829280687843, -1.392883561753185, 0.0 ], [ 29.820826869626828, -1.392882823537447, 0.0 ], [ 29.820681662287218, -1.392838394879369, 0.0 ], [ 29.820596662411955, -1.392870061307872, 0.0 ], [ 29.820508328111263, -1.392906728182006, 0.0 ], [ 29.820414994885372, -1.392915061865619, 0.0 ], [ 29.82001666236118, -1.393121728878592, 0.0 ], [ 29.819974407968637, -1.393111015132707, 0.0 ], [ 29.819972313221967, -1.393110484059476, 0.0 ], [ 29.819194995139032, -1.392913394252413, 0.0 ], [ 29.819113010445076, -1.392872015664036, 0.0 ], [ 29.819109178937214, -1.3929728733036, 0.0 ], [ 29.819110555586182, -1.392974249078419, 0.0 ], [ 29.819209589413699, -1.393043557496009, 0.0 ], [ 29.818930681154264, -1.393097978410661, 0.0 ], [ 29.818448839905514, -1.393271977177796, 0.0 ], [ 29.817659156160676, -1.393579819515507, 0.0 ], [ 29.816882857161975, -1.39422227470109, 0.0 ], [ 29.816615168743994, -1.394704115692293, 0.0 ], [ 29.816608074764165, -1.394726284107181, 0.0 ], [ 29.816584203143549, -1.394800879452674, 0.0 ], [ 29.816508092059049, -1.395038726615611, 0.0 ], [ 29.816334094700064, -1.395520567665852, 0.0 ], [ 29.816285889174491, -1.395998233695288, 0.0 ], [ 29.816274976374324, -1.39610636886215, 0.0 ], [ 29.816211110287927, -1.396739234533257, 0.0 ], [ 29.816206939065495, -1.396780563040803, 0.0 ], [ 29.816198268353915, -1.396866476049361, 0.0 ], [ 29.816186865389781, -1.396979474402164, 0.0 ], [ 29.816012865933967, -1.397969925519068, 0.0 ], [ 29.81571840811969, -1.39896037612311, 0.0 ], [ 29.815357028223072, -1.399857135725155, 0.0 ], [ 29.814714573090214, -1.400727125589719, 0.0 ], [ 29.814669817189824, -1.401030596571058, 0.0 ], [ 29.814602201262293, -1.401101771382037, 0.0 ], [ 29.814462147039347, -1.401371108066446, 0.0 ], [ 29.814246677055003, -1.401737405677395, 0.0 ], [ 29.814220763477156, -1.401766559449617, 0.0 ], [ 29.814181773126574, -1.401810423051801, 0.0 ], [ 29.814074302723821, -1.401931328539118, 0.0 ], [ 29.81397734156652, -1.402060609159822, 0.0 ], [ 29.813934247484326, -1.402200664270635, 0.0 ], [ 29.813826512274677, -1.402351492534107, 0.0 ], [ 29.813757664392089, -1.402420341872508, 0.0 ], [ 29.813670585760768, -1.402493875701682, 0.0 ], [ 29.812532905259253, -1.402453722593942, 0.0 ], [ 29.811966076550078, -1.402863583341096, 0.0 ], [ 29.811877372913802, -1.40292772244391, 0.0 ], [ 29.81166291410425, -1.403082792859073, 0.0 ], [ 29.81053861959408, -1.404019704865457, 0.0 ], [ 29.80986939599622, -1.404662159336892, 0.0 ], [ 29.80988527531067, -1.404664090732022, 0.0 ], [ 29.809873099651011, -1.404670279787349, 0.0 ], [ 29.809937273872077, -1.404811020089782, 0.0 ], [ 29.809938073545428, -1.404812772073837, 0.0 ], [ 29.809938192142251, -1.404813111252096, 0.0 ], [ 29.810046861956113, -1.405123071357899, 0.0 ], [ 29.810047788270076, -1.405125712426116, 0.0 ], [ 29.81007620750901, -1.40520677241669, 0.0 ], [ 29.810154767203084, -1.405430847153703, 0.0 ], [ 29.810162552962421, -1.405501416555729, 0.0 ], [ 29.810164053539811, -1.405515015076203, 0.0 ], [ 29.810173145007138, -1.405597431064155, 0.0 ], [ 29.810173880478512, -1.405604097821316, 0.0 ], [ 29.810186402350549, -1.405717601826905, 0.0 ], [ 29.810193453348301, -1.405850622499996, 0.0 ], [ 29.810193421155944, -1.406249199809562, 0.0 ], [ 29.810225619284246, -1.406508609403392, 0.0 ], [ 29.810227659732721, -1.406525046130426, 0.0 ], [ 29.810232116028285, -1.406560954043167, 0.0 ], [ 29.810193351881097, -1.407106516593151, 0.0 ], [ 29.810193299220174, -1.407768989635601, 0.0 ], [ 29.810228128636918, -1.408506354851263, 0.0 ], [ 29.81022814298959, -1.408506676836428, 0.0 ], [ 29.810231953115217, -1.408587341377005, 0.0 ], [ 29.810219766407045, -1.40868539988283, 0.0 ], [ 29.810326207163673, -1.40900159870435, 0.0 ], [ 29.810564978896668, -1.409963162891433, 0.0 ], [ 29.810588514362411, -1.410283282040084, 0.0 ], [ 29.81060031530933, -1.410443799268461, 0.0 ], [ 29.810642106964899, -1.411012247361802, 0.0 ], [ 29.810644510961559, -1.411044944310739, 0.0 ], [ 29.810647464340981, -1.411085108439326, 0.0 ], [ 29.810719433504065, -1.411329638573427, 0.0 ], [ 29.81072792720656, -1.411358497537595, 0.0 ], [ 29.810950372607895, -1.412114300844605, 0.0 ], [ 29.811005285339068, -1.412321729063325, 0.0 ], [ 29.811307869051724, -1.413578358811907, 0.0 ], [ 29.811456253550674, -1.414231959591016, 0.0 ], [ 29.811460815386347, -1.414252053213245, 0.0 ], [ 29.811603060601538, -1.414878609545047, 0.0 ], [ 29.811603189964021, -1.414879183881032, 0.0 ], [ 29.811638054154393, -1.415032751396303, 0.0 ], [ 29.811885710987713, -1.415905389902661, 0.0 ], [ 29.811995529234569, -1.416524612113688, 0.0 ], [ 29.812000020558614, -1.416549938874605, 0.0 ], [ 29.812092057686126, -1.417068898695506, 0.0 ], [ 29.812266741328578, -1.418335457875207, 0.0 ], [ 29.81255499732082, -1.419194130456468, 0.0 ], [ 29.812564164294379, -1.419221438342849, 0.0 ], [ 29.812782821330345, -1.419872786421605, 0.0 ], [ 29.812844805127401, -1.420057428504737, 0.0 ], [ 29.812992868530252, -1.420498486316685, 0.0 ], [ 29.813454143333182, -1.42226317086048, 0.0 ], [ 29.813806576721813, -1.423464043457702, 0.0 ], [ 29.813807384410541, -1.423466796667648, 0.0 ], [ 29.813990740593415, -1.424091558256716, 0.0 ], [ 29.814057512243281, -1.424360456521014, 0.0 ], [ 29.814136952958858, -1.424545681569817, 0.0 ], [ 29.814151477472194, -1.424533123562527, 0.0 ], [ 29.814328007267704, -1.425665070036352, 0.0 ], [ 29.814310345867309, -1.425706279845782, 0.0 ], [ 29.81415522141301, -1.426068237896519, 0.0 ], [ 29.812744136027145, -1.426269821377605, 0.0 ], [ 29.811851409510847, -1.426212225133709, 0.0 ], [ 29.810641907455206, -1.425837856049414, 0.0 ], [ 29.80957639443788, -1.425693868829674, 0.0 ], [ 29.808597274763795, -1.425693868536072, 0.0 ], [ 29.808185992375833, -1.425775091620671, 0.0 ], [ 29.807869217332676, -1.425803889837605, 0.0 ], [ 29.806602121276633, -1.426149461726504, 0.0 ], [ 29.805702861064979, -1.426423305153656, 0.0 ], [ 29.805249297892502, -1.426682484382993, 0.0 ], [ 29.8046661452241, -1.427136047472508, 0.0 ], [ 29.803996600472015, -1.427762396136856, 0.0 ], [ 29.803844747202241, -1.428093711699167, 0.0 ], [ 29.803784874343272, -1.428224343354263, 0.0 ], [ 29.803759019110021, -1.428280754327139, 0.0 ], [ 29.803391849292126, -1.428777513028787, 0.0 ], [ 29.803111071875584, -1.429274273674739, 0.0 ], [ 29.802830294146968, -1.429857425415613, 0.0 ], [ 29.802203946377258, -1.430958936529606, 0.0 ], [ 29.801944767737478, -1.431606883776024, 0.0 ], [ 29.801383212180738, -1.432622000878221, 0.0 ], [ 29.800540881454115, -1.43400428849855, 0.0 ], [ 29.799676951023081, -1.435321780850648, 0.0 ], [ 29.799396174446382, -1.436077719590167, 0.0 ], [ 29.799232245134295, -1.436296291349338, 0.0 ], [ 29.79829466393733, -1.437546399507931, 0.0 ], [ 29.797993487104435, -1.437947968677793, 0.0 ], [ 29.797964243304769, -1.437986960468436, 0.0 ], [ 29.797387537963562, -1.438755901008654, 0.0 ], [ 29.796653198606773, -1.439641428698566, 0.0 ], [ 29.796242831283667, -1.440094992625044, 0.0 ], [ 29.795746071492829, -1.440591751448443, 0.0 ], [ 29.794493373151433, -1.441455681115207, 0.0 ], [ 29.794169399969974, -1.441758056677869, 0.0 ], [ 29.793888623189247, -1.441995637824012, 0.0 ], [ 29.793759033595418, -1.442341209369831, 0.0 ], [ 29.793327067971251, -1.44229801238182, 0.0 ], [ 29.792203960331154, -1.443313129050425, 0.0 ], [ 29.791987976944608, -1.443593907779108, 0.0 ], [ 29.791743430299928, -1.443750417192522, 0.0 ], [ 29.79144802151367, -1.443939478394859, 0.0 ], [ 29.790735279095934, -1.444479435831157, 0.0 ], [ 29.790737558326391, -1.444487390663279, 0.0 ], [ 29.790762264455992, -1.444502214143224, 0.0 ], [ 29.790132594246, -1.445011947859231, 0.0 ], [ 29.789080195391715, -1.445399673458901, 0.0 ], [ 29.788423489139891, -1.445641617841725, 0.0 ], [ 29.78740402322569, -1.445881491043039, 0.0 ], [ 29.783026317544852, -1.446181334627354, 0.0 ], [ 29.777689113692791, -1.446091381385218, 0.0 ], [ 29.77698315666251, -1.446133356743974, 0.0 ], [ 29.776982035100104, -1.446133423562193, 0.0 ], [ 29.772142019041009, -1.44642120881747, 0.0 ], [ 29.771014543112624, -1.44639229975257, 0.0 ], [ 29.770997175222472, -1.446391854810229, 0.0 ], [ 29.770972631372484, -1.446391224631901, 0.0 ], [ 29.770882679351811, -1.445281805589613, 0.0 ], [ 29.770926094961933, -1.444022723160439, 0.0 ], [ 29.770926834024937, -1.444001304124186, 0.0 ], [ 29.770942647288432, -1.443542716785237, 0.0 ], [ 29.770951341630415, -1.443286235520827, 0.0 ], [ 29.770955385949609, -1.443166916773983, 0.0 ], [ 29.771002616123312, -1.441773643714128, 0.0 ], [ 29.771182522586294, -1.440814146834355, 0.0 ], [ 29.771122553244933, -1.439944601877963, 0.0 ], [ 29.771332443393842, -1.438565324288242, 0.0 ], [ 29.771560585379248, -1.43709507918134, 0.0 ], [ 29.771568329758715, -1.437045171671688, 0.0 ], [ 29.771602302687466, -1.436826235608054, 0.0 ], [ 29.771752223738318, -1.435386989698589, 0.0 ], [ 29.771692254233983, -1.433707869659046, 0.0 ], [ 29.772053485468987, -1.432892332512291, 0.0 ], [ 29.771969019897416, -1.432872221813756, 0.0 ], [ 29.772023768612751, -1.431640389407854, 0.0 ], [ 29.772075631400877, -1.430473478804501, 0.0 ], [ 29.772218993685517, -1.429542924712055, 0.0 ], [ 29.772505717889725, -1.428649017692919, 0.0 ], [ 29.772558944505743, -1.428421919038452, 0.0 ], [ 29.772568828689362, -1.428379747462724, 0.0 ], [ 29.77275871119204, -1.427569583426924, 0.0 ], [ 29.772775577710856, -1.426844337886982, 0.0 ], [ 29.772920535985222, -1.426264499462446, 0.0 ], [ 29.772924181539796, -1.426249919231809, 0.0 ], [ 29.772943100664424, -1.426174243303157, 0.0 ], [ 29.772956095200097, -1.426122265110468, 0.0 ], [ 29.773028569345509, -1.425832368044811, 0.0 ], [ 29.773163499519654, -1.42455053919289, 0.0 ], [ 29.773467090085031, -1.423403640647645, 0.0 ], [ 29.773551419919031, -1.423116915698166, 0.0 ], [ 29.773551420749708, -1.422712127631621, 0.0 ], [ 29.773703216573228, -1.421733890679821, 0.0 ], [ 29.774023673582281, -1.420502660216056, 0.0 ], [ 29.774105446392603, -1.419957506334556, 0.0 ], [ 29.774110159383572, -1.41992608810842, 0.0 ], [ 29.774156582470642, -1.419616603474629, 0.0 ], [ 29.774179533224221, -1.419463593147247, 0.0 ], [ 29.774276665163551, -1.418816043750833, 0.0 ], [ 29.774310803985756, -1.418611210590878, 0.0 ], [ 29.77431129314737, -1.418608277516285, 0.0 ], [ 29.774360996113138, -1.418310058079316, 0.0 ], [ 29.774450166876615, -1.418142207735313, 0.0 ], [ 29.774452748331587, -1.418137349297455, 0.0 ], [ 29.774647720959599, -1.417770341872046, 0.0 ], [ 29.774816383683373, -1.417146293336729, 0.0 ], [ 29.774948665019142, -1.416106933459993, 0.0 ], [ 29.774948816110463, -1.416105745030938, 0.0 ], [ 29.775019041112401, -1.41555397478073, 0.0 ], [ 29.77502486891122, -1.415508182274877, 0.0 ], [ 29.775052509578249, -1.415291015401029, 0.0 ], [ 29.775103107007986, -1.414987424487154, 0.0 ], [ 29.775423565762217, -1.413789926663376, 0.0 ], [ 29.775659691155838, -1.412592429583368, 0.0 ], [ 29.775828353744132, -1.411951515610936, 0.0 ], [ 29.775839316143028, -1.411890718812605, 0.0 ], [ 29.775841870618535, -1.411876559031179, 0.0 ], [ 29.776013879999962, -1.410922678488307, 0.0 ], [ 29.776166876085114, -1.410391786252717, 0.0 ], [ 29.7761727373477, -1.410371450318325, 0.0 ], [ 29.776495539009836, -1.409251330533034, 0.0 ], [ 29.776446117105337, -1.409238172380513, 0.0 ], [ 29.776456548560894, -1.409146903780953, 0.0 ], [ 29.776457812243969, -1.409135845223284, 0.0 ], [ 29.77658296442592, -1.408040763100106, 0.0 ], [ 29.77658379998498, -1.408033445295744, 0.0 ], [ 29.776659339287267, -1.40737248322674, 0.0 ], [ 29.776727084340703, -1.407071114266163, 0.0 ], [ 29.776730933181938, -1.407072706464489, 0.0 ], [ 29.776971275016674, -1.406566721035581, 0.0 ], [ 29.777059823146761, -1.406275780524622, 0.0 ], [ 29.77711042118192, -1.405580051752807, 0.0 ], [ 29.777198968947509, -1.404884322090359, 0.0 ], [ 29.777350764465062, -1.404163293839463, 0.0 ], [ 29.777363414377508, -1.404036797200985, 0.0 ], [ 29.777553158648374, -1.403429615371061, 0.0 ], [ 29.777575126174661, -1.403395442015413, 0.0 ], [ 29.777608006007998, -1.403344296839344, 0.0 ], [ 29.777667004911564, -1.403252520042187, 0.0 ], [ 29.777655871908216, -1.403246482693927, 0.0 ], [ 29.777758821700953, -1.403270705505811, 0.0 ], [ 29.778251063277146, -1.402030257311246, 0.0 ], [ 29.778262353193792, -1.402001807176682, 0.0 ], [ 29.778508429253673, -1.401381694244809, 0.0 ], [ 29.778719796956374, -1.400885698038199, 0.0 ], [ 29.779018988577597, -1.400618001781519, 0.0 ], [ 29.780182752945564, -1.398695258575509, 0.0 ], [ 29.781228456547154, -1.397194170575191, 0.0 ], [ 29.781346354118249, -1.397164456034701, 0.0 ], [ 29.781581163641608, -1.396849599897226, 0.0 ], [ 29.781869400707077, -1.396619739687869, 0.0 ], [ 29.781879581518666, -1.396611620505043, 0.0 ], [ 29.782002751538386, -1.39651339629477, 0.0 ], [ 29.782467032214942, -1.396166519563199, 0.0 ], [ 29.782632465730281, -1.396065125538031, 0.0 ], [ 29.782629764986631, -1.396067951686752, 0.0 ], [ 29.782910370026478, -1.395852102314982, 0.0 ], [ 29.78319978853542, -1.39568176644758, 0.0 ], [ 29.783256550369941, -1.395725913297927, 0.0 ], [ 29.783376622560816, -1.395853991558092, 0.0 ], [ 29.783520709384224, -1.395878005342693, 0.0 ], [ 29.783608763137554, -1.39587800535765, 0.0 ], [ 29.784045026597752, -1.395729916111631, 0.0 ], [ 29.784401242605139, -1.395609843717824, 0.0 ], [ 29.784709428443609, -1.395481766092896, 0.0 ], [ 29.785005607383276, -1.395361693492744, 0.0 ], [ 29.785285777161384, -1.395225611552231, 0.0 ], [ 29.78582610373757, -1.394989468084574, 0.0 ], [ 29.786078256688267, -1.394893410728202, 0.0 ], [ 29.786146297557472, -1.394869396615706, 0.0 ], [ 29.786190321034994, -1.394842214736673, 0.0 ], [ 29.786954221366436, -1.394496571766152, 0.0 ], [ 29.786986425375442, -1.394482000419624, 0.0 ], [ 29.787696855576947, -1.394160550815649, 0.0 ], [ 29.787757214937326, -1.394133239239291, 0.0 ], [ 29.789450474109064, -1.39336708744805, 0.0 ], [ 29.791039404677388, -1.39268367747184, 0.0 ], [ 29.791071494445536, -1.392669875736739, 0.0 ], [ 29.791803304096778, -1.392355118635175, 0.0 ], [ 29.79257493109899, -1.391962979272578, 0.0 ], [ 29.792731287171367, -1.391834215903903, 0.0 ], [ 29.792742018872818, -1.391825377676631, 0.0 ], [ 29.793005017881029, -1.391608790898459, 0.0 ], [ 29.793368083723085, -1.391320842861413, 0.0 ], [ 29.793391645216296, -1.391285693540764, 0.0 ], [ 29.793471528720723, -1.391155882348947, 0.0 ], [ 29.793481700894088, -1.39117409160531, 0.0 ], [ 29.794349818341974, -1.390419825114181, 0.0 ], [ 29.794354257168035, -1.390415968029475, 0.0 ], [ 29.794510537267975, -1.390280184173013, 0.0 ], [ 29.796330435168066, -1.388505408133186, 0.0 ], [ 29.796337958491538, -1.388498071896352, 0.0 ], [ 29.796551343689877, -1.388289977606855, 0.0 ], [ 29.796700283556348, -1.388066568111963, 0.0 ], [ 29.796704763957337, -1.388059846635552, 0.0 ], [ 29.796888667090577, -1.387783992061585, 0.0 ], [ 29.797098835131276, -1.387531790167293, 0.0 ], [ 29.797100392670334, -1.387529921710303, 0.0 ], [ 29.797225990710185, -1.387379204327892, 0.0 ], [ 29.797217740093259, -1.387368754518185, 0.0 ], [ 29.79673591299591, -1.386758440556316, 0.0 ], [ 29.796721570120802, -1.386740272556698, 0.0 ], [ 29.796720005721276, -1.386738290774012, 0.0 ], [ 29.796517611173176, -1.386316636396654, 0.0 ], [ 29.796365815356463, -1.386215439857508, 0.0 ], [ 29.796348950452927, -1.386191346593689, 0.0 ], [ 29.796011626391223, -1.385709454166239, 0.0 ], [ 29.795471909595914, -1.385051673161614, 0.0 ], [ 29.795353846662792, -1.384377027297081, 0.0 ], [ 29.795117719275108, -1.384073436675517, 0.0 ], [ 29.79489845958572, -1.383803577115206, 0.0 ], [ 29.794930899708667, -1.383800012791374, 0.0 ], [ 29.794988731578403, -1.383700871239121, 0.0 ], [ 29.795088328243271, -1.383355061181404, 0.0 ], [ 29.795109765463728, -1.383274770600599, 0.0 ], [ 29.795113906019484, -1.383259262376488, 0.0 ], [ 29.795179994889679, -1.3830117286153, 0.0 ], [ 29.794928328548632, -1.382733394283151, 0.0 ], [ 29.794891662730961, -1.382456728345354, 0.0 ], [ 29.794763328226075, -1.38208672888797, 0.0 ], [ 29.794749995228877, -1.381778394799807, 0.0 ], [ 29.795494995130724, -1.381600061440127, 0.0 ], [ 29.795435844903135, -1.381227628700681, 0.0 ], [ 29.795589995229445, -1.380893394831574, 0.0 ], [ 29.795819708282814, -1.380738533254429, 0.0 ], [ 29.795985661534566, -1.380677982075682, 0.0 ], [ 29.796222677673828, -1.380484060648089, 0.0 ], [ 29.79662129513002, -1.380225497667134, 0.0 ], [ 29.796987593201383, -1.379934614060413, 0.0 ], [ 29.797020637979902, -1.379900298487098, 0.0 ], [ 29.796928471070032, -1.379810968098369, 0.0 ], [ 29.79692824642402, -1.379810749202413, 0.0 ], [ 29.796844995275027, -1.379730061586766, 0.0 ], [ 29.796576662306915, -1.379718394639233, 0.0 ], [ 29.795936662433711, -1.379641728144489, 0.0 ], [ 29.795516661912099, -1.37946339423621, 0.0 ], [ 29.795698328385157, -1.379146728016656, 0.0 ], [ 29.795903996223437, -1.378797662868577, 0.0 ], [ 29.796149995669666, -1.378925061234628, 0.0 ], [ 29.796409994962161, -1.378718394434407, 0.0 ], [ 29.796329994912902, -1.378345061786192, 0.0 ], [ 29.796301661934262, -1.378050061574214, 0.0 ], [ 29.796208328364056, -1.377826728822959, 0.0 ], [ 29.796103328029002, -1.377735061120781, 0.0 ], [ 29.796016662321112, -1.377376728182281, 0.0 ], [ 29.795801354074701, -1.377205905357781, 0.0 ], [ 29.79532694547704, -1.376724239054239, 0.0 ], [ 29.795322929726474, -1.376720161451797, 0.0 ], [ 29.794940984191708, -1.376332373114084, 0.0 ], [ 29.79472189105109, -1.375992487596183, 0.0 ], [ 29.794676206460696, -1.375945513802464, 0.0 ], [ 29.794673244748576, -1.375942468266691, 0.0 ], [ 29.794509900405121, -1.375774514245306, 0.0 ], [ 29.794486788057821, -1.375730135459984, 0.0 ], [ 29.794452239504938, -1.375579601427794, 0.0 ], [ 29.79446182964125, -1.37546788564308, 0.0 ], [ 29.794462310003063, -1.375462284433048, 0.0 ], [ 29.794470459054732, -1.375367345144684, 0.0 ], [ 29.794845224673651, -1.374885504421457, 0.0 ], [ 29.795123621229642, -1.374874797191455, 0.0 ], [ 29.794845224293788, -1.374521447473006, 0.0 ], [ 29.794929317072107, -1.374330326605201, 0.0 ], [ 29.794929804238151, -1.37432921960187, 0.0 ], [ 29.794963007030333, -1.374253758873911, 0.0 ], [ 29.794930885641474, -1.374125267378685, 0.0 ], [ 29.795027253274625, -1.373932530409205, 0.0 ], [ 29.795166451028301, -1.373579180571698, 0.0 ], [ 29.79534848009957, -1.373547058481936, 0.0 ], [ 29.796023057100534, -1.373461397367092, 0.0 ], [ 29.796376406903466, -1.373300783080411, 0.0 ], [ 29.796412948310184, -1.373276423070813, 0.0 ], [ 29.796417797730463, -1.37327319008138, 0.0 ], [ 29.796826124986115, -1.373000971424681, 0.0 ], [ 29.796793380694329, -1.37294743609757, 0.0 ], [ 29.796808265619187, -1.372941628094722, 0.0 ], [ 29.796804995053751, -1.37285006139926, 0.0 ], [ 29.796781662626614, -1.372761728202233, 0.0 ], [ 29.796796662301137, -1.372663394172861, 0.0 ], [ 29.796771662533192, -1.372568394139833, 0.0 ], [ 29.796756662388134, -1.372470061162898, 0.0 ], [ 29.79675166220067, -1.37237506103113, 0.0 ], [ 29.796758328358106, -1.372280061896848, 0.0 ], [ 29.796753328310565, -1.372183394865515, 0.0 ], [ 29.796769995742736, -1.37208672878198, 0.0 ], [ 29.796776662655116, -1.37199339473784, 0.0 ], [ 29.796738328698282, -1.371908394057946, 0.0 ], [ 29.796701662171248, -1.371818394630742, 0.0 ], [ 29.796683328494982, -1.371725061162901, 0.0 ], [ 29.796703328614292, -1.371633394253916, 0.0 ], [ 29.796718328754711, -1.371540061826514, 0.0 ], [ 29.796711662122487, -1.371438394858477, 0.0 ], [ 29.796649995419831, -1.37106672888451, 0.0 ], [ 29.79666999569001, -1.371058394287419, 0.0 ], [ 29.79675999540035, -1.371033394866656, 0.0 ], [ 29.796843328101804, -1.370975061404842, 0.0 ], [ 29.796931662010874, -1.370925061055015, 0.0 ], [ 29.796981662722008, -1.370845061379559, 0.0 ], [ 29.797023328068089, -1.370758394297863, 0.0 ], [ 29.797064995348382, -1.370670061219955, 0.0 ], [ 29.79710332861573, -1.370581728761065, 0.0 ], [ 29.797109995642749, -1.370486728717146, 0.0 ], [ 29.79711999516114, -1.370388394253548, 0.0 ], [ 29.797136662275516, -1.370295061056559, 0.0 ], [ 29.797171662422127, -1.370206728310978, 0.0 ], [ 29.797164995205272, -1.370111728034535, 0.0 ], [ 29.797128328538598, -1.370023394609355, 0.0 ], [ 29.797091662492495, -1.369938394078685, 0.0 ], [ 29.797061662470536, -1.369845061426973, 0.0 ], [ 29.797024995332549, -1.369751728206957, 0.0 ], [ 29.797028328009556, -1.369650061184791, 0.0 ], [ 29.796973328438167, -1.369576728292329, 0.0 ], [ 29.796909994889088, -1.369501728693407, 0.0 ], [ 29.796773328497437, -1.369170061009786, 0.0 ], [ 29.796714995468914, -1.369058394567009, 0.0 ], [ 29.796713328097944, -1.368966728517162, 0.0 ], [ 29.796694995465554, -1.36887172815093, 0.0 ], [ 29.79666332860381, -1.36877672845594, 0.0 ], [ 29.796653327873511, -1.368686728594716, 0.0 ], [ 29.796596662031245, -1.36860506105818, 0.0 ], [ 29.796529995604917, -1.368538394762875, 0.0 ], [ 29.79646666214957, -1.36847339474589, 0.0 ], [ 29.796416662056266, -1.368386728886108, 0.0 ], [ 29.79637666204701, -1.368301728066079, 0.0 ], [ 29.796318328235092, -1.36823172867951, 0.0 ], [ 29.796249995245283, -1.368160061538017, 0.0 ], [ 29.796168327916252, -1.368121728531713, 0.0 ], [ 29.796093328633656, -1.368061728208871, 0.0 ], [ 29.796018327979844, -1.367996728090094, 0.0 ], [ 29.795944995285431, -1.367941728604629, 0.0 ], [ 29.795889994883293, -1.367868394792419, 0.0 ], [ 29.795836662667341, -1.36779172822772, 0.0 ], [ 29.79578666190481, -1.367713394143664, 0.0 ], [ 29.795754995088998, -1.367618394443371, 0.0 ], [ 29.79571332867441, -1.36752672858995, 0.0 ], [ 29.795663327920472, -1.367448394504568, 0.0 ], [ 29.795639995506637, -1.367350061718746, 0.0 ], [ 29.795603327886617, -1.367263394277695, 0.0 ], [ 29.795609995031331, -1.36715672866011, 0.0 ], [ 29.795611662402006, -1.367056728402975, 0.0 ], [ 29.795573328206721, -1.366965061025467, 0.0 ], [ 29.795571662472177, -1.36686506138733, 0.0 ], [ 29.795536662474845, -1.366526728451207, 0.0 ], [ 29.795561662266294, -1.366471728337282, 0.0 ], [ 29.795586662265674, -1.366371728268824, 0.0 ], [ 29.795574995416374, -1.366271728678364, 0.0 ], [ 29.795558328602457, -1.366170061760343, 0.0 ], [ 29.795539995122983, -1.366075061392991, 0.0 ], [ 29.795529995611776, -1.365981728638675, 0.0 ], [ 29.795523328393632, -1.365876728777943, 0.0 ], [ 29.795516662550138, -1.365776728711227, 0.0 ], [ 29.795488328299779, -1.36568839418106, 0.0 ], [ 29.795458328512019, -1.365593394623732, 0.0 ], [ 29.795461662456649, -1.365498394302777, 0.0 ], [ 29.795449994907024, -1.36540672830514, 0.0 ], [ 29.795276662646049, -1.364876728073233, 0.0 ], [ 29.795266662667398, -1.364778394620799, 0.0 ], [ 29.795261661893033, -1.364680061596576, 0.0 ], [ 29.79526499569776, -1.364586728175581, 0.0 ], [ 29.795251662757895, -1.364486728442669, 0.0 ], [ 29.79527332845446, -1.364390061888044, 0.0 ], [ 29.795298328149219, -1.364293394713839, 0.0 ], [ 29.795353328004925, -1.363946728652271, 0.0 ], [ 29.795376662074482, -1.363940061242044, 0.0 ], [ 29.795394994992574, -1.363850061092655, 0.0 ], [ 29.795434995030835, -1.363763394785994, 0.0 ], [ 29.795454994944294, -1.363673394778042, 0.0 ], [ 29.795486661915959, -1.363585061762092, 0.0 ], [ 29.795504995724084, -1.363495061610636, 0.0 ], [ 29.795516662094435, -1.363398394195455, 0.0 ], [ 29.795514995443988, -1.363298394554949, 0.0 ], [ 29.795558328074161, -1.363068394165484, 0.0 ], [ 29.795608328510699, -1.363021728868114, 0.0 ], [ 29.795648328664338, -1.362933394750124, 0.0 ], [ 29.795659995359799, -1.362843394026111, 0.0 ], [ 29.795676662714399, -1.36274672884401, 0.0 ], [ 29.795711662760997, -1.362658394296914, 0.0 ], [ 29.795741662705939, -1.362570061131158, 0.0 ], [ 29.795768328172628, -1.362476728790521, 0.0 ], [ 29.795811662026061, -1.362391728750559, 0.0 ], [ 29.795868328329782, -1.362316728529813, 0.0 ], [ 29.795928328570259, -1.362231728098451, 0.0 ], [ 29.795961662357573, -1.362145061206803, 0.0 ], [ 29.796018327891794, -1.362068394081166, 0.0 ], [ 29.796064995725079, -1.361983394317846, 0.0 ], [ 29.796104994941707, -1.361895061090704, 0.0 ], [ 29.796134994999527, -1.3618050610163, 0.0 ], [ 29.796159994957719, -1.361715061420109, 0.0 ], [ 29.796188328011926, -1.36162506120239, 0.0 ], [ 29.796246662460764, -1.361546728214923, 0.0 ], [ 29.796271662211858, -1.361448394118348, 0.0 ], [ 29.796303327935757, -1.361363394880139, 0.0 ], [ 29.796309994914584, -1.361268394832064, 0.0 ], [ 29.79633166190024, -1.361176728048951, 0.0 ], [ 29.796353328743937, -1.361086728164935, 0.0 ], [ 29.796389995592548, -1.36100006154503, 0.0 ], [ 29.796403328759585, -1.36090506115754, 0.0 ], [ 29.796358328320682, -1.360825061529203, 0.0 ], [ 29.796348328629129, -1.360733394767884, 0.0 ], [ 29.796336662698877, -1.36064339476462, 0.0 ], [ 29.796328328627599, -1.360546728350422, 0.0 ], [ 29.796304995112052, -1.360440061073262, 0.0 ], [ 29.796333924101837, -1.360358905507766, 0.0 ], [ 29.796279995676482, -1.360138394438102, 0.0 ], [ 29.7962966624135, -1.360048394127987, 0.0 ], [ 29.796316662244806, -1.359958394100553, 0.0 ], [ 29.796358328265988, -1.359871728806868, 0.0 ], [ 29.796343328000397, -1.359775061826493, 0.0 ], [ 29.796354995056845, -1.359680061296118, 0.0 ], [ 29.79635999488238, -1.35958672890815, 0.0 ], [ 29.796378327987412, -1.359493394033749, 0.0 ], [ 29.796391662516214, -1.359403394342977, 0.0 ], [ 29.796428328430427, -1.359316728621589, 0.0 ], [ 29.796448328246942, -1.359226728590864, 0.0 ], [ 29.796506662758691, -1.35914672868584, 0.0 ], [ 29.796541662085627, -1.359055061216634, 0.0 ], [ 29.796521662619995, -1.358958394717059, 0.0 ], [ 29.79649832798458, -1.358865061734077, 0.0 ], [ 29.796479995517757, -1.35876839447138, 0.0 ], [ 29.796446662640022, -1.358673394645511, 0.0 ], [ 29.796433328050274, -1.358581728505466, 0.0 ], [ 29.796408328081352, -1.358490061376396, 0.0 ], [ 29.796361662615677, -1.35840839471247, 0.0 ], [ 29.796338328608361, -1.358318394624126, 0.0 ], [ 29.796296662757427, -1.358231728589142, 0.0 ], [ 29.796278328223472, -1.358138394220986, 0.0 ], [ 29.796229995492297, -1.358060061213813, 0.0 ], [ 29.796153328587266, -1.358000061697681, 0.0 ], [ 29.796078328263132, -1.357945061211102, 0.0 ], [ 29.796023328177682, -1.357870061434465, 0.0 ], [ 29.79603832803971, -1.357778394082393, 0.0 ], [ 29.796026662398269, -1.357685061184549, 0.0 ], [ 29.795996662081588, -1.35759672833345, 0.0 ], [ 29.795988327876568, -1.357501728818853, 0.0 ], [ 29.795954994889435, -1.357408394081429, 0.0 ], [ 29.795943327872681, -1.357310061389144, 0.0 ], [ 29.795948327974855, -1.3572133942982, 0.0 ], [ 29.795956662066658, -1.357116728394555, 0.0 ], [ 29.795926662455063, -1.357020061045582, 0.0 ], [ 29.795914995159656, -1.356925061248064, 0.0 ], [ 29.795934995106695, -1.356661728079097, 0.0 ], [ 29.795928328523019, -1.356645061230419, 0.0 ], [ 29.795976662741722, -1.356555061796624, 0.0 ], [ 29.796019995413541, -1.356471728631126, 0.0 ], [ 29.796052085488714, -1.356426424785519, 0.0 ], [ 29.796108062691857, -1.356347399676315, 0.0 ], [ 29.796133328511896, -1.356311728537664, 0.0 ], [ 29.796169995270343, -1.356225061907927, 0.0 ], [ 29.79620332845467, -1.356133394295781, 0.0 ], [ 29.796264995417413, -1.356060061361098, 0.0 ], [ 29.796304995117612, -1.355975061005324, 0.0 ], [ 29.796313328145928, -1.355880061091798, 0.0 ], [ 29.796306662715967, -1.355785061717259, 0.0 ], [ 29.79632499549383, -1.355695061540057, 0.0 ], [ 29.79634666267626, -1.355600061850078, 0.0 ], [ 29.796414995381735, -1.355531728362777, 0.0 ], [ 29.796451662515661, -1.355343394410258, 0.0 ], [ 29.796488328205982, -1.355258394670673, 0.0 ], [ 29.796518328131665, -1.355168394571912, 0.0 ], [ 29.796578327924294, -1.355096728382247, 0.0 ], [ 29.796596662480734, -1.355006728200325, 0.0 ], [ 29.796599995266789, -1.354913394760087, 0.0 ], [ 29.79661499507267, -1.354821728300562, 0.0 ], [ 29.796629995636589, -1.354731728740475, 0.0 ], [ 29.796626662102888, -1.354640061636454, 0.0 ], [ 29.796644995132187, -1.354546728557896, 0.0 ], [ 29.796619995034636, -1.354456728332752, 0.0 ], [ 29.796653328029816, -1.354366728510928, 0.0 ], [ 29.79665999493502, -1.354271728451398, 0.0 ], [ 29.796796661869642, -1.353791728028287, 0.0 ], [ 29.796926662085305, -1.353285061151581, 0.0 ], [ 29.796949994887996, -1.353195061382645, 0.0 ], [ 29.796999995007457, -1.353116728539518, 0.0 ], [ 29.797036662087613, -1.353025061182981, 0.0 ], [ 29.797066662231209, -1.352931728173391, 0.0 ], [ 29.79708166275681, -1.352841728604807, 0.0 ], [ 29.797108328633694, -1.352751728208513, 0.0 ], [ 29.797123328672289, -1.352656728844135, 0.0 ], [ 29.797134995346457, -1.35256506118973, 0.0 ], [ 29.797171661995307, -1.352478394528095, 0.0 ], [ 29.797226662583345, -1.35239506139753, 0.0 ], [ 29.797241661991166, -1.352296728231401, 0.0 ], [ 29.797251662079876, -1.3522000615446, 0.0 ], [ 29.797244995564686, -1.352106728161014, 0.0 ], [ 29.797233328211746, -1.352011728361767, 0.0 ], [ 29.797244994875076, -1.351920061609712, 0.0 ], [ 29.797223328750562, -1.351830061669722, 0.0 ], [ 29.797213327974251, -1.351458394626236, 0.0 ], [ 29.79716499489534, -1.351450061492665, 0.0 ], [ 29.797063327901473, -1.35145339488673, 0.0 ], [ 29.796968328116034, -1.351433394048951, 0.0 ], [ 29.796876662041416, -1.351395061208279, 0.0 ], [ 29.796783328630575, -1.351371728513339, 0.0 ], [ 29.796693328516369, -1.351335061802031, 0.0 ], [ 29.796616662749916, -1.351285061013114, 0.0 ], [ 29.796558328366693, -1.351215061683273, 0.0 ], [ 29.796383328051864, -1.351068394120958, 0.0 ], [ 29.79632832834978, -1.351011728457495, 0.0 ], [ 29.796366662744834, -1.350926728848205, 0.0 ], [ 29.796418328156452, -1.350846728347674, 0.0 ], [ 29.79649060336558, -1.350450790122132, 0.0 ], [ 29.796588778419338, -1.35032555750916, 0.0 ], [ 29.796599995102952, -1.350306728726792, 0.0 ], [ 29.796628328084299, -1.350215061572992, 0.0 ], [ 29.796659995666001, -1.350126728498673, 0.0 ], [ 29.796709994956128, -1.35004672875156, 0.0 ], [ 29.7967416623936, -1.349960061670631, 0.0 ], [ 29.796799995592554, -1.349881728616946, 0.0 ], [ 29.796866662149771, -1.349811728047431, 0.0 ], [ 29.796924995548292, -1.349741728584157, 0.0 ], [ 29.797013328549152, -1.349681728515406, 0.0 ], [ 29.797074995644845, -1.349615061318073, 0.0 ], [ 29.797123328541929, -1.349538394313772, 0.0 ], [ 29.797206662013778, -1.349493394106186, 0.0 ], [ 29.797279995334982, -1.349426728785113, 0.0 ], [ 29.797346662213048, -1.349363394893173, 0.0 ], [ 29.797508328704364, -1.349223394276168, 0.0 ], [ 29.797704995054541, -1.349080061869571, 0.0 ], [ 29.798004995064222, -1.348805061121348, 0.0 ], [ 29.798451662560737, -1.348001728561394, 0.0 ], [ 29.798813049684714, -1.347180341403776, 0.0 ], [ 29.799545836744883, -1.346373666832418, 0.0 ], [ 29.800243328338002, -1.345785061749418, 0.0 ], [ 29.800336662161836, -1.345646728478359, 0.0 ], [ 29.80035832807015, -1.345630061260449, 0.0 ], [ 29.800399995164586, -1.345546728724274, 0.0 ], [ 29.800436662646643, -1.345446728581842, 0.0 ], [ 29.800486662248574, -1.34536006111957, 0.0 ], [ 29.800521661923494, -1.345270061334606, 0.0 ], [ 29.800536662236436, -1.345180061712639, 0.0 ], [ 29.800554995624481, -1.345090061460004, 0.0 ], [ 29.800581662286557, -1.344998394087466, 0.0 ], [ 29.800628328119569, -1.34492006175153, 0.0 ], [ 29.800629995761987, -1.344823394335264, 0.0 ], [ 29.800669994944116, -1.344740061653365, 0.0 ], [ 29.80073499502117, -1.344671728604342, 0.0 ], [ 29.800738713004328, -1.344668191608065, 0.0 ], [ 29.800822637489532, -1.344590777629234, 0.0 ], [ 29.800879995577507, -1.344543394614232, 0.0 ], [ 29.800941662390311, -1.344455061194006, 0.0 ], [ 29.800989994963341, -1.344368394482666, 0.0 ], [ 29.8010299955628, -1.344278394190408, 0.0 ], [ 29.801071662606454, -1.344195061634909, 0.0 ], [ 29.801089995199018, -1.344103394473068, 0.0 ], [ 29.801119994901015, -1.344011728266887, 0.0 ], [ 29.801164995640221, -1.343931728877833, 0.0 ], [ 29.801193328484526, -1.34383839472854, 0.0 ], [ 29.80124666248895, -1.343756728214687, 0.0 ], [ 29.801259995546694, -1.343658394847975, 0.0 ], [ 29.801329994874092, -1.343588394380094, 0.0 ], [ 29.80139832810946, -1.343518394677717, 0.0 ], [ 29.80144832875559, -1.343440061685235, 0.0 ], [ 29.801509995473779, -1.343363394736329, 0.0 ], [ 29.801569995067034, -1.343288394549401, 0.0 ], [ 29.801654995732811, -1.343248394075157, 0.0 ], [ 29.801721661939631, -1.343256728594543, 0.0 ], [ 29.801728176502476, -1.343186293313768, 0.0 ], [ 29.801831719316262, -1.343096556859579, 0.0 ], [ 29.801841205143443, -1.343122210534522, 0.0 ], [ 29.801837610345252, -1.343091450818396, 0.0 ], [ 29.801867971387061, -1.343065137432885, 0.0 ], [ 29.802018799512112, -1.342914308357272, 0.0 ], [ 29.802223495120174, -1.342774253840228, 0.0 ], [ 29.802492831025166, -1.342601878627234, 0.0 ], [ 29.802665207583164, -1.342418729843497, 0.0 ], [ 29.802848356241054, -1.342257127714611, 0.0 ], [ 29.803009957999087, -1.342073978024367, 0.0 ], [ 29.803139239081091, -1.341890830224594, 0.0 ], [ 29.803225427328254, -1.341675360230632, 0.0 ], [ 29.803343934958402, -1.341362930422366, 0.0 ], [ 29.803440896150917, -1.341158234184542, 0.0 ], [ 29.803591724719006, -1.340942765772937, 0.0 ], [ 29.803688686688357, -1.340716522815999, 0.0 ], [ 29.803839513933731, -1.340404092859136, 0.0 ], [ 29.80401188899117, -1.340134755315423, 0.0 ], [ 29.80419328348831, -1.339935958315497, 0.0 ], [ 29.804143335315377, -1.34000064415381, 0.0 ], [ 29.805008501123535, -1.339206026121371, 0.0 ], [ 29.8054593922739, -1.338986214867971, 0.0 ], [ 29.805496056473356, -1.338889457050763, 0.0 ], [ 29.805510448672436, -1.338827091868942, 0.0 ], [ 29.805606816585545, -1.338666477427438, 0.0 ], [ 29.805542570902283, -1.33834525064903, 0.0 ], [ 29.805660354643567, -1.338066853229505, 0.0 ], [ 29.805637167129991, -1.337973217317404, 0.0 ], [ 29.805703323710439, -1.337958516237808, 0.0 ], [ 29.805757190596857, -1.337667633211775, 0.0 ], [ 29.805671002450964, -1.337441390904143, 0.0 ], [ 29.805671002759276, -1.337128960497665, 0.0 ], [ 29.805649455196608, -1.336773436770485, 0.0 ], [ 29.805627909533499, -1.336439458845082, 0.0 ], [ 29.805703322915175, -1.336105481402045, 0.0 ], [ 29.805832604708662, -1.335814598032146, 0.0 ], [ 29.805940338926973, -1.335545261454145, 0.0 ], [ 29.806015753392415, -1.335265151208809, 0.0 ], [ 29.806134261490751, -1.335017362177175, 0.0 ], [ 29.806185806042528, -1.334934096287509, 0.0 ], [ 29.806241472932857, -1.334778487401826, 0.0 ], [ 29.806274316416989, -1.334791119742523, 0.0 ], [ 29.806392824293422, -1.334683384742297, 0.0 ], [ 29.806575973113056, -1.334543329814596, 0.0 ], [ 29.806748348150972, -1.334414048729016, 0.0 ], [ 29.807060779346688, -1.334306313636398, 0.0 ], [ 29.807168513229378, -1.334177032839636, 0.0 ], [ 29.807204787700165, -1.334063029796669, 0.0 ], [ 29.807232490621406, -1.333975962402398, 0.0 ], [ 29.807243928637266, -1.33394001504015, 0.0 ], [ 29.807373209456944, -1.33369222676744, 0.0 ], [ 29.807459396904854, -1.33346598361037, 0.0 ], [ 29.807620999430206, -1.333272061468214, 0.0 ], [ 29.807707186522133, -1.332991951069917, 0.0 ], [ 29.807911882386609, -1.332787255765295, 0.0 ], [ 29.808170445418082, -1.332571786330577, 0.0 ], [ 29.808269952105263, -1.332442427036653, 0.0 ], [ 29.808389923630433, -1.332370080435383, 0.0 ], [ 29.808590610486256, -1.332259356187697, 0.0 ], [ 29.808752212011015, -1.332076207752295, 0.0 ], [ 29.808838400648611, -1.331785323479022, 0.0 ], [ 29.80896768103915, -1.331515987462174, 0.0 ], [ 29.809043096365816, -1.331171236007121, 0.0 ], [ 29.809107736077344, -1.330966540498579, 0.0 ], [ 29.809129282898031, -1.330707977112888, 0.0 ], [ 29.809215471209523, -1.330384773194018, 0.0 ], [ 29.809366299504006, -1.330180078044962, 0.0 ], [ 29.80959254266379, -1.329986155311377, 0.0 ], [ 29.809765271512141, -1.329842215545589, 0.0 ], [ 29.809851105248047, -1.32977068653521, 0.0 ], [ 29.810163536045266, -1.329576764084669, 0.0 ], [ 29.810475966361533, -1.329447482632584, 0.0 ], [ 29.810904636222485, -1.329395206835889, 0.0 ], [ 29.811011253743366, -1.329310895881694, 0.0 ], [ 29.811039995483611, -1.32925672877035, 0.0 ], [ 29.811119995620125, -1.329215061486618, 0.0 ], [ 29.811193328083025, -1.329158394286505, 0.0 ], [ 29.811268328672252, -1.329098394313322, 0.0 ], [ 29.811329995092532, -1.32902839461642, 0.0 ], [ 29.811414995266226, -1.328998394207536, 0.0 ], [ 29.811469995692374, -1.328926728901319, 0.0 ], [ 29.811554995089104, -1.328895061585195, 0.0 ], [ 29.811638328657391, -1.328860061239285, 0.0 ], [ 29.811711661997688, -1.328803394020371, 0.0 ], [ 29.811799995217314, -1.328773394756435, 0.0 ], [ 29.81188832857752, -1.328753394185274, 0.0 ], [ 29.811923812048189, -1.328756562479456, 0.0 ], [ 29.812064995185768, -1.32872672824576, 0.0 ], [ 29.812158328630151, -1.328741728459061, 0.0 ], [ 29.812248328318912, -1.328718394198589, 0.0 ], [ 29.812346662698317, -1.328733394787294, 0.0 ], [ 29.812439995624672, -1.328743394285157, 0.0 ], [ 29.812523327884588, -1.328701728108791, 0.0 ], [ 29.812608328037935, -1.328671728559286, 0.0 ], [ 29.812698328495273, -1.328650061183077, 0.0 ], [ 29.812783328374202, -1.328611728022937, 0.0 ], [ 29.81286999522861, -1.328573394082075, 0.0 ], [ 29.812961662053482, -1.328571728738429, 0.0 ], [ 29.813049995255803, -1.328541728521665, 0.0 ], [ 29.813139995102787, -1.328540061235337, 0.0 ], [ 29.813236662485451, -1.328543394253615, 0.0 ], [ 29.813331662140563, -1.328556728551802, 0.0 ], [ 29.813423328443506, -1.328550061581026, 0.0 ], [ 29.81351666252171, -1.328556728138627, 0.0 ], [ 29.813606662246318, -1.328556728641439, 0.0 ], [ 29.81369832859944, -1.328573394667395, 0.0 ], [ 29.813793327960759, -1.328566728840106, 0.0 ], [ 29.813881662682657, -1.328588394407705, 0.0 ], [ 29.813969995484403, -1.328611728682897, 0.0 ], [ 29.814063327870201, -1.328605061814515, 0.0 ], [ 29.814158328132521, -1.328598394164311, 0.0 ], [ 29.814251662370143, -1.32861506120104, 0.0 ], [ 29.814338327937303, -1.328581728815026, 0.0 ], [ 29.814421662688343, -1.32862672880277, 0.0 ], [ 29.81449832788643, -1.32868172879086, 0.0 ], [ 29.814583328475035, -1.328730061799128, 0.0 ], [ 29.814678328056729, -1.328756728548804, 0.0 ], [ 29.814773328385822, -1.328773394788338, 0.0 ], [ 29.814859995653762, -1.328801728709119, 0.0 ], [ 29.814941662670854, -1.328845061653847, 0.0 ], [ 29.815019995238913, -1.328895061048108, 0.0 ], [ 29.815106662607121, -1.328861728635091, 0.0 ], [ 29.815196662319384, -1.328850061672205, 0.0 ], [ 29.81529166203487, -1.328826728577577, 0.0 ], [ 29.815384995142235, -1.328798394647839, 0.0 ], [ 29.815479995011572, -1.328785061148143, 0.0 ], [ 29.815569995529501, -1.328786728482154, 0.0 ], [ 29.815624995315588, -1.328710061454658, 0.0 ], [ 29.815706661950724, -1.328661728334007, 0.0 ], [ 29.815786662256649, -1.328616728889097, 0.0 ], [ 29.815853328093556, -1.328553394328193, 0.0 ], [ 29.815893328130286, -1.32847172817502, 0.0 ], [ 29.815944995088561, -1.328391728892819, 0.0 ], [ 29.815996662572186, -1.328316728506137, 0.0 ], [ 29.816018328134557, -1.328228394272264, 0.0 ], [ 29.816063328317256, -1.328145061587158, 0.0 ], [ 29.81611832872499, -1.328071728348162, 0.0 ], [ 29.816174995208417, -1.327998394327668, 0.0 ], [ 29.816244995502615, -1.327940061612179, 0.0 ], [ 29.816290339564784, -1.327872777514019, 0.0 ], [ 29.816369414899921, -1.327794424559162, 0.0 ], [ 29.816439995696701, -1.327748394214004, 0.0 ], [ 29.816503327906755, -1.327680061387542, 0.0 ], [ 29.816558328167918, -1.327608394132758, 0.0 ], [ 29.816626662732041, -1.327545061477291, 0.0 ], [ 29.816719995658374, -1.327518394389724, 0.0 ], [ 29.816804995208301, -1.327483394880006, 0.0 ], [ 29.816881662239528, -1.3274283946343, 0.0 ], [ 29.816954995558035, -1.327370061237651, 0.0 ], [ 29.817043328156366, -1.327335061062267, 0.0 ], [ 29.817138328500057, -1.327326728195591, 0.0 ], [ 29.817226662571244, -1.327345061645619, 0.0 ], [ 29.817324994950777, -1.327338394112748, 0.0 ], [ 29.817414995513012, -1.327363394384251, 0.0 ], [ 29.817504995667509, -1.327381728852969, 0.0 ], [ 29.817594995291618, -1.327395061707605, 0.0 ], [ 29.817676662448179, -1.327436728564385, 0.0 ], [ 29.817746662407846, -1.327505061370471, 0.0 ], [ 29.81783499527295, -1.327540061108493, 0.0 ], [ 29.817916662240307, -1.327596728269239, 0.0 ], [ 29.818006662074428, -1.327595061703769, 0.0 ], [ 29.818096661908953, -1.327593394230524, 0.0 ], [ 29.818191662114064, -1.327611728141619, 0.0 ], [ 29.818286662564436, -1.32762672824483, 0.0 ], [ 29.818378328527491, -1.327636728295773, 0.0 ], [ 29.818469995342664, -1.327635061836687, 0.0 ], [ 29.818559994962829, -1.327611728235214, 0.0 ], [ 29.818653328464023, -1.327601728285404, 0.0 ], [ 29.818736661920035, -1.327566728582518, 0.0 ], [ 29.818759243136967, -1.327551834853002, 0.0 ], [ 29.818907953370921, -1.3275688793338, 0.0 ], [ 29.81953809706404, -1.32404294603114, 0.0 ], [ 29.819556662110333, -1.323955061025249, 0.0 ], [ 29.819539995632134, -1.323860061744129, 0.0 ], [ 29.819536662500703, -1.32376172873025, 0.0 ], [ 29.819531662032588, -1.323668394492522, 0.0 ], [ 29.819523328633508, -1.323573394012743, 0.0 ], [ 29.819526662020657, -1.32348172819203, 0.0 ], [ 29.819541662554403, -1.323388394514132, 0.0 ], [ 29.819576661929634, -1.323300061198066, 0.0 ], [ 29.81957699809945, -1.323298968646385, 0.0 ], [ 29.819596445612746, -1.323235764350467, 0.0 ], [ 29.81960332810521, -1.323213394173713, 0.0 ], [ 29.819626662487511, -1.323121728006649, 0.0 ], [ 29.819636661969291, -1.323030061768081, 0.0 ], [ 29.819628327907026, -1.322931728387503, 0.0 ], [ 29.819648328455848, -1.322838394168816, 0.0 ], [ 29.81967499552049, -1.322751728046864, 0.0 ], [ 29.819709995240167, -1.322658394019316, 0.0 ], [ 29.81974499513387, -1.322575061405402, 0.0 ], [ 29.819769994919479, -1.322480061551854, 0.0 ], [ 29.81979499560137, -1.322385061697759, 0.0 ], [ 29.819806661924442, -1.322295061576435, 0.0 ], [ 29.819793328488561, -1.322200061634958, 0.0 ], [ 29.819709995491316, -1.322156728745766, 0.0 ], [ 29.819704995131882, -1.322061728508743, 0.0 ], [ 29.819716662353692, -1.321971728387923, 0.0 ], [ 29.8197216622798, -1.321873394172062, 0.0 ], [ 29.819714995603366, -1.321781728522448, 0.0 ], [ 29.819689995152235, -1.321686728633049, 0.0 ], [ 29.819668327991756, -1.321588394277815, 0.0 ], [ 29.81964832798332, -1.321500061458935, 0.0 ], [ 29.81962666190098, -1.321411728518289, 0.0 ], [ 29.819611662277211, -1.321318394452986, 0.0 ], [ 29.819601662017384, -1.321221728757016, 0.0 ], [ 29.819589995683266, -1.321125061130397, 0.0 ], [ 29.819534995346881, -1.321051728779985, 0.0 ], [ 29.819514995465337, -1.320961728154027, 0.0 ], [ 29.819559995014977, -1.320883394263958, 0.0 ], [ 29.819626662694088, -1.32081506156097, 0.0 ], [ 29.819673328671982, -1.320731728891166, 0.0 ], [ 29.819729995346133, -1.320651728041454, 0.0 ], [ 29.819796662235596, -1.320581728429738, 0.0 ], [ 29.819873328202121, -1.320525061146716, 0.0 ], [ 29.819923327871731, -1.320445061613682, 0.0 ], [ 29.820003328555835, -1.320390061471147, 0.0 ], [ 29.820063327898747, -1.320315061561294, 0.0 ], [ 29.820146662102676, -1.320278394869905, 0.0 ], [ 29.820219995064594, -1.320208394824348, 0.0 ], [ 29.820296662268266, -1.320146728626581, 0.0 ], [ 29.820364995202727, -1.320076728211911, 0.0 ], [ 29.820414995205748, -1.319991728862143, 0.0 ], [ 29.820424896055346, -1.319946346057606, 0.0 ], [ 29.820444663431374, -1.319883059464989, 0.0 ], [ 29.820483328592065, -1.319815061152447, 0.0 ], [ 29.820544995179954, -1.319748394051539, 0.0 ], [ 29.820604994911356, -1.319680061733995, 0.0 ], [ 29.820679995179933, -1.319630061908515, 0.0 ], [ 29.820743327951135, -1.319561728019536, 0.0 ], [ 29.820834995488781, -1.31953339460807, 0.0 ], [ 29.820924995456458, -1.319513394680536, 0.0 ], [ 29.821016662449839, -1.319480061458459, 0.0 ], [ 29.821101662504187, -1.319433394338362, 0.0 ], [ 29.821168327882983, -1.319358394875747, 0.0 ], [ 29.821201662613866, -1.319273394298454, 0.0 ], [ 29.821209995507903, -1.319175061214129, 0.0 ], [ 29.821204995319562, -1.319076728070087, 0.0 ], [ 29.821216661918029, -1.318981728127249, 0.0 ], [ 29.821229995725027, -1.318883394499431, 0.0 ], [ 29.821224995653868, -1.318783394452577, 0.0 ], [ 29.821216662180678, -1.318688394872615, 0.0 ], [ 29.821216662430256, -1.31859672879569, 0.0 ], [ 29.821229995638681, -1.318506728775871, 0.0 ], [ 29.821246662366018, -1.318410061386162, 0.0 ], [ 29.821248328686174, -1.318318394524804, 0.0 ], [ 29.821241662063994, -1.318225061063213, 0.0 ], [ 29.821268328225067, -1.318136728908225, 0.0 ], [ 29.821259995410106, -1.318045061324373, 0.0 ], [ 29.821261661965334, -1.317950061561845, 0.0 ], [ 29.821266662225078, -1.317858394036298, 0.0 ], [ 29.821268328660139, -1.317765061176177, 0.0 ], [ 29.821268328123416, -1.317671728195627, 0.0 ], [ 29.821311662070656, -1.317585061431383, 0.0 ], [ 29.821266662732594, -1.317611728625191, 0.0 ], [ 29.82126666207644, -1.317520061642706, 0.0 ], [ 29.821258328480628, -1.317426728060438, 0.0 ], [ 29.821253328165792, -1.317330061817956, 0.0 ], [ 29.821223328560201, -1.31723506157789, 0.0 ], [ 29.821198328613992, -1.317145061502116, 0.0 ], [ 29.821179995230253, -1.317048394297078, 0.0 ], [ 29.821138328579796, -1.316966728435325, 0.0 ], [ 29.821064995489696, -1.316901728407644, 0.0 ], [ 29.821019995022766, -1.316818394496746, 0.0 ], [ 29.820986662572693, -1.316733394525959, 0.0 ], [ 29.820948328433303, -1.31664672819532, 0.0 ], [ 29.820891662299662, -1.316570061050463, 0.0 ], [ 29.820849995004394, -1.316485061380649, 0.0 ], [ 29.820814994932249, -1.316396728387387, 0.0 ], [ 29.820791661975768, -1.316306728430589, 0.0 ], [ 29.820771661943329, -1.316218394712937, 0.0 ], [ 29.820709995216578, -1.31615006171711, 0.0 ], [ 29.820686662146034, -1.316061728662598, 0.0 ], [ 29.820636662472001, -1.315980061288918, 0.0 ], [ 29.820583328265599, -1.315906728186262, 0.0 ], [ 29.820499995445612, -1.315863394444064, 0.0 ], [ 29.820448328031791, -1.315780061853428, 0.0 ], [ 29.820388328293962, -1.315711728068341, 0.0 ], [ 29.820304994943363, -1.31566339451757, 0.0 ], [ 29.820224994875613, -1.315611728305445, 0.0 ], [ 29.820161661868561, -1.315546728079635, 0.0 ], [ 29.820069995301544, -1.315513394231925, 0.0 ], [ 29.819978328737303, -1.315480061285631, 0.0 ], [ 29.819886662357469, -1.315456728847005, 0.0 ], [ 29.819798328538301, -1.315415061624101, 0.0 ], [ 29.819708328234309, -1.315391728396056, 0.0 ], [ 29.819614995612216, -1.315383394331842, 0.0 ], [ 29.819521662571475, -1.315368394463058, 0.0 ], [ 29.819431662452537, -1.315330061816479, 0.0 ], [ 29.819368328576257, -1.315265061574027, 0.0 ], [ 29.819291662422799, -1.315201728165931, 0.0 ], [ 29.819229995762608, -1.315133394237337, 0.0 ], [ 29.819159994917964, -1.315068394409415, 0.0 ], [ 29.819089995394283, -1.315010061285532, 0.0 ], [ 29.819036661974412, -1.314926728552321, 0.0 ], [ 29.818979995518315, -1.314843394670769, 0.0 ], [ 29.818983328091353, -1.314750061038513, 0.0 ], [ 29.819034994975496, -1.314665061826349, 0.0 ], [ 29.819089995732917, -1.314593394457595, 0.0 ], [ 29.819138328072398, -1.314516728607054, 0.0 ], [ 29.81918166225854, -1.314426728075536, 0.0 ], [ 29.819219995175178, -1.314341728790386, 0.0 ], [ 29.819261662146385, -1.314255061035597, 0.0 ], [ 29.819304995064588, -1.314170061207889, 0.0 ], [ 29.81934332845125, -1.314078394309559, 0.0 ], [ 29.819389994941126, -1.313998394525082, 0.0 ], [ 29.819431662558735, -1.313915061475137, 0.0 ], [ 29.819471662425837, -1.313830061400267, 0.0 ], [ 29.819509995441113, -1.313743394300627, 0.0 ], [ 29.819541661956702, -1.313650061818741, 0.0 ], [ 29.81958499575159, -1.313565061078578, 0.0 ], [ 29.819628328462866, -1.313470061635237, 0.0 ], [ 29.819664994975483, -1.313376728609169, 0.0 ], [ 29.819718328533334, -1.313295061491906, 0.0 ], [ 29.819761661956715, -1.313215061454374, 0.0 ], [ 29.81979666269212, -1.313130061007954, 0.0 ], [ 29.819818328396707, -1.313035061795975, 0.0 ], [ 29.819849995191102, -1.312950061106295, 0.0 ], [ 29.81986666268353, -1.312855061530854, 0.0 ], [ 29.819844995727625, -1.312766728595184, 0.0 ], [ 29.819804995364183, -1.312683394133368, 0.0 ], [ 29.819783327870471, -1.312590061394282, 0.0 ], [ 29.819766662179486, -1.31249672811343, 0.0 ], [ 29.819719995208178, -1.312408394268793, 0.0 ], [ 29.819679995632356, -1.312326728517593, 0.0 ], [ 29.819651662191557, -1.312231728392043, 0.0 ], [ 29.819659995084631, -1.312133394408073, 0.0 ], [ 29.819633328374341, -1.312041728208585, 0.0 ], [ 29.819619995606452, -1.311950061167501, 0.0 ], [ 29.819604995092575, -1.311856728007314, 0.0 ], [ 29.81957666267553, -1.311760061883649, 0.0 ], [ 29.819529995482633, -1.311675061842849, 0.0 ], [ 29.81948832817563, -1.311591728162544, 0.0 ], [ 29.819428328551368, -1.311523394369459, 0.0 ], [ 29.819374995177292, -1.311440061649935, 0.0 ], [ 29.819328328416791, -1.311361728312618, 0.0 ], [ 29.819403328336975, -1.311413394171045, 0.0 ], [ 29.819488328723565, -1.311383394286258, 0.0 ], [ 29.819586662091385, -1.311366728776932, 0.0 ], [ 29.819686662480905, -1.3113367281638, 0.0 ], [ 29.819779995716267, -1.311296728361178, 0.0 ], [ 29.819856662691556, -1.311246728645631, 0.0 ], [ 29.819933328700394, -1.311185061513497, 0.0 ], [ 29.820024995168723, -1.311205061028884, 0.0 ], [ 29.820086662423201, -1.311138394811712, 0.0 ], [ 29.820141662283255, -1.311065061404537, 0.0 ], [ 29.82023166261547, -1.311073394282049, 0.0 ], [ 29.820323328118132, -1.311081728181082, 0.0 ], [ 29.820386662447834, -1.311013394268199, 0.0 ], [ 29.820481662188186, -1.311030061106208, 0.0 ], [ 29.820546662224693, -1.310966728016582, 0.0 ], [ 29.820614995292654, -1.310903394260593, 0.0 ], [ 29.820708328401587, -1.310890061243647, 0.0 ], [ 29.820779994903265, -1.310960061847524, 0.0 ], [ 29.820864995137544, -1.310995061166878, 0.0 ], [ 29.820931662249862, -1.310930061283047, 0.0 ], [ 29.820983328622596, -1.310850061811347, 0.0 ], [ 29.821069995045921, -1.310820061082529, 0.0 ], [ 29.821183328156849, -1.31080672858052, 0.0 ], [ 29.821597091279763, -1.310419682293893, 0.0 ], [ 29.822548328606832, -1.309580061768968, 0.0 ], [ 29.822601662295291, -1.309506728173263, 0.0 ], [ 29.822678327955554, -1.309448394744878, 0.0 ], [ 29.822769995527199, -1.309426728817519, 0.0 ], [ 29.822854995191928, -1.309380061582499, 0.0 ], [ 29.822936662368555, -1.309338394815987, 0.0 ], [ 29.823023327941691, -1.309306728009971, 0.0 ], [ 29.823108328694904, -1.309270061278174, 0.0 ], [ 29.823183328387213, -1.309210061714789, 0.0 ], [ 29.823253328544407, -1.309143394182293, 0.0 ], [ 29.823304995354398, -1.309068394450492, 0.0 ], [ 29.823389995115313, -1.309020061195611, 0.0 ], [ 29.823466662075379, -1.308968394445639, 0.0 ], [ 29.823541662183338, -1.308915061576331, 0.0 ], [ 29.823634995766049, -1.308906728241715, 0.0 ], [ 29.82371166248565, -1.308858394384483, 0.0 ], [ 29.823803328699437, -1.30883006170731, 0.0 ], [ 29.823874995098631, -1.30877339478474, 0.0 ], [ 29.82396666275687, -1.308750061905496, 0.0 ], [ 29.824056662170808, -1.308745061220137, 0.0 ] ] ] } },
{ "type": "Feature", "properties": { "sector": "Kivuye", "district": "Burera", "province": "North", "Area_m2_gis": 36677137.207596168, "Perimeter_m_gis": 45800.46996536092 }, "geometry": { "type": "Polygon", "coordinates": [ [ [ 29.883050990176667, -1.398125115522338, 0.0 ], [ 29.883125942893745, -1.398467758491799, 0.0 ], [ 29.883200896281981, -1.398542711521566, 0.0 ], [ 29.883190189572819, -1.398778278384169, 0.0 ], [ 29.88329726452892, -1.398917476290255, 0.0 ], [ 29.883361510184088, -1.399067382578223, 0.0 ], [ 29.883393633117052, -1.399431440837326, 0.0 ], [ 29.883286557114147, -1.399549223247552, 0.0 ], [ 29.883219621546882, -1.399675659657187, 0.0 ], [ 29.883215059473766, -1.399684276148665, 0.0 ], [ 29.883192794650963, -1.399726332079439, 0.0 ], [ 29.883190189164303, -1.399731252171068, 0.0 ], [ 29.883350802614284, -1.399902573490558, 0.0 ], [ 29.883425755148792, -1.400159555746172, 0.0 ], [ 29.883265142038415, -1.400598565383895, 0.0 ], [ 29.88330797263043, -1.400780594044653, 0.0 ], [ 29.883457877971527, -1.400962623544252, 0.0 ], [ 29.883586368871704, -1.401273142121488, 0.0 ], [ 29.883650614442889, -1.401626492358725, 0.0 ], [ 29.883757690562273, -1.402054795818581, 0.0 ], [ 29.883789813133287, -1.402354607184562, 0.0 ], [ 29.883757690744595, -1.402761495293088, 0.0 ], [ 29.883682737101598, -1.403125553616629, 0.0 ], [ 29.883875473221046, -1.403436072685243, 0.0 ], [ 29.884100333731112, -1.403500318132816, 0.0 ], [ 29.884239531071621, -1.403821545034406, 0.0 ], [ 29.883971842545741, -1.40443187710395, 0.0 ], [ 29.883918304681778, -1.404913718837647, 0.0 ], [ 29.883907596746429, -1.405192115142387, 0.0 ], [ 29.883629199518005, -1.405545465401614, 0.0 ], [ 29.883511415915162, -1.405673956879668, 0.0 ], [ 29.883618492528068, -1.405930937128013, 0.0 ], [ 29.883615279722619, -1.405932008743162, 0.0 ], [ 29.88367631295943, -1.406078702254508, 0.0 ], [ 29.883896889087922, -1.406519854625311, 0.0 ], [ 29.884078917638877, -1.406851789690271, 0.0 ], [ 29.884303776302602, -1.407397875026615, 0.0 ], [ 29.884485805377039, -1.407301507445716, 0.0 ], [ 29.884753495289679, -1.407858301792522, 0.0 ], [ 29.884989061076993, -1.408072452600779, 0.0 ], [ 29.884978353899104, -1.408318726373594, 0.0 ], [ 29.885288873583697, -1.408661369224301, 0.0 ], [ 29.885513732007666, -1.409239578820345, 0.0 ], [ 29.885856375690516, -1.409475144147171, 0.0 ], [ 29.886049111045718, -1.409946278495883, 0.0 ], [ 29.886177601938339, -1.410438826205987, 0.0 ], [ 29.886391753747418, -1.410631563833027, 0.0 ], [ 29.886627320369868, -1.410781469424926, 0.0 ], [ 29.886777226510123, -1.410760053904705, 0.0 ], [ 29.88682005624792, -1.410856422717227, 0.0 ], [ 29.886873593909332, -1.411059866583765, 0.0 ], [ 29.887055623179457, -1.411466753456153, 0.0 ], [ 29.887200984205467, -1.411811313600602, 0.0 ], [ 29.887313031615758, -1.412076905257223, 0.0 ], [ 29.88734472874016, -1.412152038780274, 0.0 ], [ 29.887558879737963, -1.412666002625531, 0.0 ], [ 29.887655247044769, -1.412933691836638, 0.0 ], [ 29.887580293917562, -1.413383409178709, 0.0 ], [ 29.887665955318237, -1.413801005468207, 0.0 ], [ 29.887655247438524, -1.414122232157074, 0.0 ], [ 29.887323311981859, -1.4141008175229, 0.0 ], [ 29.886820056064419, -1.414036571324538, 0.0 ], [ 29.886573782462154, -1.414272138382666, 0.0 ], [ 29.886199017048586, -1.414582658295223, 0.0 ], [ 29.88603840419529, -1.414946715141603, 0.0 ], [ 29.886034063885926, -1.414959116780929, 0.0 ], [ 29.886029556399667, -1.41497199415402, 0.0 ], [ 29.885986988289339, -1.415093616501605, 0.0 ], [ 29.885955605753168, -1.41518328328275, 0.0 ], [ 29.88588849766581, -1.415375018481673, 0.0 ], [ 29.885770714319492, -1.415856859755233, 0.0 ], [ 29.885856375595644, -1.416253039551761, 0.0 ], [ 29.886016988318552, -1.417034692602933, 0.0 ], [ 29.886027696747558, -1.417388042853563, 0.0 ], [ 29.886006281747591, -1.417580778825793, 0.0 ], [ 29.885652931522554, -1.418030497613066, 0.0 ], [ 29.885524440587606, -1.4185230452248, 0.0 ], [ 29.885610100896667, -1.418994178816854, 0.0 ], [ 29.885652931196031, -1.419775831443429, 0.0 ], [ 29.885535147876158, -1.420578899833042, 0.0 ], [ 29.885520606300982, -1.420708163463066, 0.0 ], [ 29.885497082103111, -1.420917259051136, 0.0 ], [ 29.885438779108533, -1.421435505626778, 0.0 ], [ 29.885460194653138, -1.421981592512939, 0.0 ], [ 29.885663638170019, -1.422313526786552, 0.0 ], [ 29.885545855025555, -1.423127302057616, 0.0 ], [ 29.885620808167133, -1.423223670691373, 0.0 ], [ 29.885627331043597, -1.423236505197962, 0.0 ], [ 29.88595274349754, -1.423876832189143, 0.0 ], [ 29.885974158112194, -1.424315843651184, 0.0 ], [ 29.886477414623506, -1.425311647362407, 0.0 ], [ 29.88653554339535, -1.425432376567265, 0.0 ], [ 29.886581116198311, -1.425527027069211, 0.0 ], [ 29.886616613133295, -1.425600752562133, 0.0 ], [ 29.886991378622199, -1.426211083005932, 0.0 ], [ 29.887633832165996, -1.426714339391463, 0.0 ], [ 29.887922936874624, -1.426821415438271, 0.0 ], [ 29.888768835356949, -1.427260426474948, 0.0 ], [ 29.889218553125428, -1.427313964776064, 0.0 ], [ 29.889786055122254, -1.427924295122443, 0.0 ], [ 29.890064452384415, -1.428181277088908, 0.0 ], [ 29.890353556326595, -1.428652410402775, 0.0 ], [ 29.89063195334624, -1.42889868540005, 0.0 ], [ 29.89063390830308, -1.428910804254344, 0.0 ], [ 29.890647102464619, -1.428992609007933, 0.0 ], [ 29.890685490956347, -1.429230619361983, 0.0 ], [ 29.890760444319856, -1.429616092516419, 0.0 ], [ 29.890856812108549, -1.4297981218352, 0.0 ], [ 29.890835397757183, -1.430076518561743, 0.0 ], [ 29.890610538353343, -1.430215716613113, 0.0 ], [ 29.890449924540192, -1.430397745366507, 0.0 ], [ 29.890278603264779, -1.430515528514411, 0.0 ], [ 29.890032329202178, -1.430954539745971, 0.0 ], [ 29.889850300021052, -1.431393550430115, 0.0 ], [ 29.889732517527264, -1.431682654807523, 0.0 ], [ 29.889550488482527, -1.432153787088682, 0.0 ], [ 29.889582611636122, -1.432271571885223, 0.0 ], [ 29.889743224080298, -1.43266775159553, 0.0 ], [ 29.889957376317039, -1.432860487230476, 0.0 ], [ 29.890050195729089, -1.433315300210969, 0.0 ], [ 29.890051437418489, -1.433321384523354, 0.0 ], [ 29.890051364624153, -1.433321406226713, 0.0 ], [ 29.890065823523219, -1.433396952230195, 0.0 ], [ 29.890117989543398, -1.433845584024481, 0.0 ], [ 29.890482047594936, -1.434852096297229, 0.0 ], [ 29.890803274551534, -1.435633749611374, 0.0 ], [ 29.891103085929466, -1.436190543196915, 0.0 ], [ 29.891252992436822, -1.436747337716697, 0.0 ], [ 29.891360068450556, -1.437079272416122, 0.0 ], [ 29.891381483325631, -1.437989415020518, 0.0 ], [ 29.891447174306393, -1.438297342660107, 0.0 ], [ 29.891480092130283, -1.43845164746146, 0.0 ], [ 29.891552803903053, -1.43879248484591, 0.0 ], [ 29.891756248348759, -1.439285032304875, 0.0 ], [ 29.892081587606103, -1.440031397563089, 0.0 ], [ 29.892121625991944, -1.440123743173548, 0.0 ], [ 29.8923451649047, -1.440719847751564, 0.0 ], [ 29.892709222624237, -1.441158858278238, 0.0 ], [ 29.893169648693473, -1.442111832109866, 0.0 ], [ 29.893469460627706, -1.442936315387962, 0.0 ], [ 29.893490875268331, -1.443268250497999, 0.0 ], [ 29.893458753311627, -1.443311080240942, 0.0 ], [ 29.893522998684926, -1.443792921340547, 0.0 ], [ 29.893565828665889, -1.444306884871715, 0.0 ], [ 29.893513575501011, -1.444594276738791, 0.0 ], [ 29.893484280677331, -1.444755403584108, 0.0 ], [ 29.893480168129425, -1.444778018322369, 0.0 ], [ 29.893351677099805, -1.445324104439764, 0.0 ], [ 29.8933516769847, -1.445827360841869, 0.0 ], [ 29.893180356393668, -1.446234248759229, 0.0 ], [ 29.89300903529826, -1.446823164064027, 0.0 ], [ 29.892880544635581, -1.447604817504688, 0.0 ], [ 29.892752053327758, -1.448225857341639, 0.0 ], [ 29.892784175625849, -1.448579207671151, 0.0 ], [ 29.892923374259389, -1.449425105329164, 0.0 ], [ 29.893030450426433, -1.449596426391599, 0.0 ], [ 29.893042805277734, -1.449641727388046, 0.0 ], [ 29.893096127098953, -1.449835637307845, 0.0 ], [ 29.893212478211201, -1.450131805813182, 0.0 ], [ 29.893287431505005, -1.450613646504865, 0.0 ], [ 29.893340969483052, -1.451373884804754, 0.0 ], [ 29.893640780992246, -1.451845017479948, 0.0 ], [ 29.893800727463525, -1.451819426325309, 0.0 ], [ 29.893802382676284, -1.451823165410298, 0.0 ], [ 29.893916543148894, -1.451806799307538, 0.0 ], [ 29.894133330205769, -1.4519306770205, 0.0 ], [ 29.894336773970661, -1.451812894315423, 0.0 ], [ 29.895171965669572, -1.452508887074106, 0.0 ], [ 29.895418239370169, -1.452915774684413, 0.0 ], [ 29.895621683196438, -1.453247709201241, 0.0 ], [ 29.895910786939151, -1.453986532853664, 0.0 ], [ 29.896139003080773, -1.454304651159963, 0.0 ], [ 29.896264136965435, -1.454479080630711, 0.0 ], [ 29.896298723603394, -1.454566455062857, 0.0 ], [ 29.89738821353334, -1.45635228805416, 0.0 ], [ 29.897541175056215, -1.456499441354142, 0.0 ], [ 29.897667176105681, -1.456620657330279, 0.0 ], [ 29.898223623163858, -1.457155974828181, 0.0 ], [ 29.899026691173272, -1.457819843248308, 0.0 ], [ 29.899519240648562, -1.458076825842412, 0.0 ], [ 29.900129572168542, -1.458269562184314, 0.0 ], [ 29.900322308617863, -1.458451590070197, 0.0 ], [ 29.900782733906357, -1.458601496438045, 0.0 ], [ 29.902003397346771, -1.459179705367568, 0.0 ], [ 29.902560191001829, -1.459468810881796, 0.0 ], [ 29.903491750725326, -1.45919041371121, 0.0 ], [ 29.903459627245187, -1.459393857210676, 0.0 ], [ 29.902956371342029, -1.46008984977813, 0.0 ], [ 29.902774342155737, -1.46066805848501, 0.0 ], [ 29.902692396100974, -1.461200714249536, 0.0 ], [ 29.902742708930091, -1.461339104037151, 0.0 ], [ 29.902915713750492, -1.46184359177288, 0.0 ], [ 29.903073398396614, -1.462625033104471, 0.0 ], [ 29.903373701642629, -1.463193991207483, 0.0 ], [ 29.904044985367609, -1.464082996831062, 0.0 ], [ 29.905069567336533, -1.465638749175121, 0.0 ], [ 29.905285288219421, -1.466094836797801, 0.0 ], [ 29.905541035627401, -1.466071955065829, 0.0 ], [ 29.905558312481485, -1.46632165801651, 0.0 ], [ 29.905601142560872, -1.466535809823025, 0.0 ], [ 29.90605085989711, -1.467595859239853, 0.0 ], [ 29.906297134892647, -1.468141945643494, 0.0 ], [ 29.90685392805722, -1.469052089110291, 0.0 ], [ 29.907185863307667, -1.469758789030777, 0.0 ], [ 29.907401084237989, -1.470044287628962, 0.0 ], [ 29.907483673646556, -1.470153843818612, 0.0 ], [ 29.907710533952486, -1.470454781884606, 0.0 ], [ 29.908299450956996, -1.471461293109156, 0.0 ], [ 29.908706338905027, -1.471825351240289, 0.0 ], [ 29.908684923878113, -1.472221531424845, 0.0 ], [ 29.908664768017921, -1.472284015618364, 0.0 ], [ 29.909365985883213, -1.473459850216728, 0.0 ], [ 29.910336806652833, -1.475030294756657, 0.0 ], [ 29.91099353728551, -1.476129605883167, 0.0 ], [ 29.911250519048625, -1.476871997409083, 0.0 ], [ 29.911621715586801, -1.47721463981743, 0.0 ], [ 29.911864420129266, -1.477771433379551, 0.0 ], [ 29.912292723213596, -1.478385334218892, 0.0 ], [ 29.912992284385926, -1.479827287635645, 0.0 ], [ 29.913620462687621, -1.480869491626221, 0.0 ], [ 29.913799974296886, -1.482139881335019, 0.0 ], [ 29.913879844650463, -1.482118098906454, 0.0 ], [ 29.914009125187704, -1.482085777008052, 0.0 ], [ 29.914407743465546, -1.481956496489713, 0.0 ], [ 29.914806360987363, -1.481751800809228, 0.0 ], [ 29.914965015205198, -1.481988735601776, 0.0 ], [ 29.914983963653611, -1.482077761627375, 0.0 ], [ 29.915003025470501, -1.482045501434924, 0.0 ], [ 29.915046787108214, -1.48211085526926, 0.0 ], [ 29.916265071314331, -1.482110855825334, 0.0 ], [ 29.917661022499139, -1.481730142857034, 0.0 ], [ 29.917943363549764, -1.481751317596256, 0.0 ], [ 29.91803493301456, -1.481758185804854, 0.0 ], [ 29.918676258099897, -1.481806284878669, 0.0 ], [ 29.919107734648172, -1.481374809790325, 0.0 ], [ 29.920173732665145, -1.480994095694488, 0.0 ], [ 29.920859017566347, -1.480765667354595, 0.0 ], [ 29.920877532667138, -1.480764693019289, 0.0 ], [ 29.921230808546749, -1.480624089466196, 0.0 ], [ 29.921265935481642, -1.480693251529305, 0.0 ], [ 29.922102682072151, -1.480181906247885, 0.0 ], [ 29.922787967221371, -1.479674287100142, 0.0 ], [ 29.92358244403788, -1.479674287646748, 0.0 ], [ 29.923582612649124, -1.479605574544834, 0.0 ], [ 29.924817393917255, -1.479291040071831, 0.0 ], [ 29.925063439920098, -1.479228365324639, 0.0 ], [ 29.925963893752691, -1.478998994771805, 0.0 ], [ 29.926646662294221, -1.478435061210018, 0.0 ], [ 29.927034473978164, -1.478092669815532, 0.0 ], [ 29.927263328636727, -1.477971728467847, 0.0 ], [ 29.927548327975817, -1.477763394343485, 0.0 ], [ 29.927752941902757, -1.477559091411479, 0.0 ], [ 29.928028327988635, -1.477315061756211, 0.0 ], [ 29.928284994938899, -1.477100061688956, 0.0 ], [ 29.92839666246768, -1.477061728255235, 0.0 ], [ 29.928665669409401, -1.476846972742389, 0.0 ], [ 29.929814906316853, -1.475968849703778, 0.0 ], [ 29.930337404236361, -1.475459730518269, 0.0 ], [ 29.930636662460099, -1.47528672887612, 0.0 ], [ 29.930839995639278, -1.475098394615286, 0.0 ], [ 29.931085285244322, -1.47491847305666, 0.0 ], [ 29.931263327902379, -1.474705061093984, 0.0 ], [ 29.931676661951169, -1.474460061127643, 0.0 ], [ 29.931794994960931, -1.474303394479425, 0.0 ], [ 29.9321946277249, -1.473984970469965, 0.0 ], [ 29.932511662368736, -1.473706728725046, 0.0 ], [ 29.932955805649843, -1.473360685728281, 0.0 ], [ 29.933056662328685, -1.473296728555985, 0.0 ], [ 29.933346661903236, -1.473055061050222, 0.0 ], [ 29.933804728304249, -1.47262356463431, 0.0 ], [ 29.934256132903897, -1.47226937877807, 0.0 ], [ 29.934388940188274, -1.472108527498325, 0.0 ], [ 29.93447729264215, -1.472247366412521, 0.0 ], [ 29.934439114143483, -1.472122877230947, 0.0 ], [ 29.937928044027064, -1.470632930521039, 0.0 ], [ 29.938053393067488, -1.470587568450905, 0.0 ], [ 29.940971486940654, -1.469576036718213, 0.0 ], [ 29.944963072727454, -1.467950218522556, 0.0 ], [ 29.945557866885384, -1.467760931044652, 0.0 ], [ 29.945779879767709, -1.467706109401481, 0.0 ], [ 29.947479851734503, -1.467047990199606, 0.0 ], [ 29.949252367733855, -1.466413886366712, 0.0 ], [ 29.950431920343902, -1.466166960036109, 0.0 ], [ 29.950664555347455, -1.466122082599022, 0.0 ], [ 29.950664431312717, -1.466122747369693, 0.0 ], [ 29.95057683398975, -1.466592831585917, 0.0 ], [ 29.950534004719255, -1.466881936524518, 0.0 ], [ 29.950555418975238, -1.46724599315411, 0.0 ], [ 29.950547420453027, -1.467373984018204, 0.0 ], [ 29.950525306152691, -1.467662565736102, 0.0 ], [ 29.950491174425018, -1.46795269380085, 0.0 ], [ 29.950544712015219, -1.468712931675, 0.0 ], [ 29.950469759132904, -1.469473169394271, 0.0 ], [ 29.950418377044784, -1.469876500289368, 0.0 ], [ 29.950438354484717, -1.469945756557132, 0.0 ], [ 29.950451920306559, -1.470232614269957, 0.0 ], [ 29.950384053556697, -1.470382870534892, 0.0 ], [ 29.950221171538136, -1.470669724294147, 0.0 ], [ 29.950031140958586, -1.471024876336319, 0.0 ], [ 29.9500414564279, -1.472267845426416, 0.0 ], [ 29.949854657398657, -1.472623076203073, 0.0 ], [ 29.949651446334478, -1.473054798035117, 0.0 ], [ 29.949585915409088, -1.473194019082148, 0.0 ], [ 29.949488169934757, -1.473401679393405, 0.0 ], [ 29.94939900246635, -1.473691953588196, 0.0 ], [ 29.949313341728153, -1.473981057495258, 0.0 ], [ 29.949310167087084, -1.474000167621768, 0.0 ], [ 29.949299501658537, -1.474064383580034, 0.0 ], [ 29.949203110099337, -1.474644720374292, 0.0 ], [ 29.949208112536827, -1.474672412143523, 0.0 ], [ 29.94922616246798, -1.474772333872762, 0.0 ], [ 29.94924954462066, -1.474901777088045, 0.0 ], [ 29.949284537430628, -1.475095497369629, 0.0 ], [ 29.949366634276323, -1.476104706605714, 0.0 ], [ 29.949433808273575, -1.476516125065714, 0.0 ], [ 29.949230204516031, -1.476925916535075, 0.0 ], [ 29.94931163467615, -1.477294735562173, 0.0 ], [ 29.94939591807691, -1.47751185427867, 0.0 ], [ 29.949402642668872, -1.477529175622323, 0.0 ], [ 29.949440352686899, -1.477626317508672, 0.0 ], [ 29.949436259645157, -1.477681741422787, 0.0 ], [ 29.949436510358982, -1.47768279963916, 0.0 ], [ 29.949420868159201, -1.477894600590274, 0.0 ], [ 29.949339092656214, -1.479001909403693, 0.0 ], [ 29.949271910955801, -1.479125856882828, 0.0 ], [ 29.949196574979933, -1.479264848851405, 0.0 ], [ 29.949176210430203, -1.479302421190009, 0.0 ], [ 29.948931887358018, -1.479698552615152, 0.0 ], [ 29.94859254108901, -1.480627414852386, 0.0 ], [ 29.948443225483473, -1.481160146226443, 0.0 ], [ 29.948293915503182, -1.481446999193161, 0.0 ], [ 29.948334619968573, -1.48208901378917, 0.0 ], [ 29.948324507658054, -1.482248403579108, 0.0 ], [ 29.948293886621748, -1.482731025564736, 0.0 ], [ 29.948293878224334, -1.483092894684662, 0.0 ], [ 29.948293525927866, -1.483093091847237, 0.0 ], [ 29.948293525925276, -1.483093203095011, 0.0 ], [ 29.948256908621968, -1.483115402044324, 0.0 ], [ 29.948293525003571, -1.483132916742338, 0.0 ], [ 29.948293524433005, -1.483157499787598, 0.0 ], [ 29.948293874167241, -1.483228976040045, 0.0 ], [ 29.948293873624429, -1.483291080337376, 0.0 ], [ 29.948158131884945, -1.48374185222585, 0.0 ], [ 29.948055038746766, -1.483900205122159, 0.0 ], [ 29.94798884052193, -1.484001884023636, 0.0 ], [ 29.947900234992265, -1.484137981368039, 0.0 ], [ 29.947900045364289, -1.484138041057478, 0.0 ], [ 29.947899883591685, -1.484138290682811, 0.0 ], [ 29.947485747710665, -1.48426938859079, 0.0 ], [ 29.946969819749111, -1.484714422466541, 0.0 ], [ 29.946969467449716, -1.484714727258854, 0.0 ], [ 29.946861036510192, -1.485335719652376, 0.0 ], [ 29.946847474099194, -1.485413392880238, 0.0 ], [ 29.946805666920447, -1.485652823301547, 0.0 ], [ 29.946804405074772, -1.48565550407095, 0.0 ], [ 29.94670599548212, -1.48586457332928, 0.0 ], [ 29.946711530230274, -1.485992739035876, 0.0 ], [ 29.946733675080683, -1.48607354072864, 0.0 ], [ 29.946738467356095, -1.486095176275223, 0.0 ], [ 29.94674000936708, -1.486102138795075, 0.0 ], [ 29.946754955012697, -1.486169612287325, 0.0 ], [ 29.946795678273048, -1.486234706787484, 0.0 ], [ 29.946857801501785, -1.48641255187311, 0.0 ], [ 29.947018217943917, -1.486664995032721, 0.0 ], [ 29.947125293951895, -1.48682560864516, 0.0 ], [ 29.947417646142956, -1.487291317834175, 0.0 ], [ 29.947421763876871, -1.487297006040457, 0.0 ], [ 29.947595463607289, -1.487536996059692, 0.0 ], [ 29.947597043480222, -1.487539178543553, 0.0 ], [ 29.947889564596245, -1.487822834770224, 0.0 ], [ 29.948196548312868, -1.488044327313161, 0.0 ], [ 29.948044134521378, -1.48821834868527, 0.0 ], [ 29.948053747302357, -1.488285639343314, 0.0 ], [ 29.947903840220263, -1.488564036497141, 0.0 ], [ 29.947861010446573, -1.488799603084352, 0.0 ], [ 29.947657566334986, -1.489045877280304, 0.0 ], [ 29.947475537427316, -1.48921719810611, 0.0 ], [ 29.947444801731617, -1.489252663700351, 0.0 ], [ 29.947408796243479, -1.489202924230104, 0.0 ], [ 29.946679277402506, -1.488543359279244, 0.0 ], [ 29.946143899509803, -1.488982370577678, 0.0 ], [ 29.945747718384496, -1.488982370752324, 0.0 ], [ 29.945790549685622, -1.489282182733069, 0.0 ], [ 29.94626168246614, -1.490267278840614, 0.0 ], [ 29.947257486670082, -1.490781242419741, 0.0 ], [ 29.947225179132047, -1.491193160465366, 0.0 ], [ 29.947222864258283, -1.491222678150237, 0.0 ], [ 29.947219205409315, -1.491269324340913, 0.0 ], [ 29.94721721237023, -1.491294739432958, 0.0 ], [ 29.947214656569525, -1.491327328635683, 0.0 ], [ 29.947750035340615, -1.491819877863318, 0.0 ], [ 29.947806382123165, -1.492407492625859, 0.0 ], [ 29.947820723768377, -1.492557049762128, 0.0 ], [ 29.947824987986408, -1.492601530881344, 0.0 ], [ 29.947568005913848, -1.493179739062726, 0.0 ], [ 29.947401400483116, -1.493644686498095, 0.0 ], [ 29.947223498159918, -1.49456384017207, 0.0 ], [ 29.94755049170481, -1.494817260510276, 0.0 ], [ 29.947486244911229, -1.495192025545813, 0.0 ], [ 29.947582613737268, -1.495331223234967, 0.0 ], [ 29.947946671587221, -1.495449006250593, 0.0 ], [ 29.948910352706484, -1.495481129891551, 0.0 ], [ 29.949659883051943, -1.495363346785435, 0.0 ], [ 29.950473042681729, -1.495451520660998, 0.0 ], [ 29.950486226477274, -1.495463262574279, 0.0 ], [ 29.950564597719069, -1.49553306102045, 0.0 ], [ 29.950813833506768, -1.495755037608093, 0.0 ], [ 29.950909099200402, -1.49584280700795, 0.0 ], [ 29.951176789604354, -1.496206865460488, 0.0 ], [ 29.951519431579257, -1.496774366062644, 0.0 ], [ 29.951547257198403, -1.496825381471025, 0.0 ], [ 29.951588404233775, -1.496965416192064, 0.0 ], [ 29.951605092090251, -1.497224084808217, 0.0 ], [ 29.951661121374492, -1.497300005870212, 0.0 ], [ 29.951645758401867, -1.497442693906241, 0.0 ], [ 29.951647922357783, -1.497448943727236, 0.0 ], [ 29.951733583027689, -1.497523896775355, 0.0 ], [ 29.95179782804119, -1.497695218855957, 0.0 ], [ 29.951829951537842, -1.497941492277427, 0.0 ], [ 29.951797827903061, -1.498112813128621, 0.0 ], [ 29.951787121579844, -1.498359087410259, 0.0 ], [ 29.951690753562985, -1.498616069424499, 0.0 ], [ 29.951648865118052, -1.498719178893983, 0.0 ], [ 29.951571038898575, -1.498910747626368, 0.0 ], [ 29.951551554704615, -1.498958711260104, 0.0 ], [ 29.951669338532881, -1.499215693505432, 0.0 ], [ 29.951744291447863, -1.499440552228832, 0.0 ], [ 29.951787121101031, -1.499654704223291, 0.0 ], [ 29.951727012403303, -1.499829667587543, 0.0 ], [ 29.951716239093471, -1.500055910029574, 0.0 ], [ 29.951651598047231, -1.500195965007507, 0.0 ], [ 29.951511543369215, -1.500422208186637, 0.0 ], [ 29.951382260902363, -1.500594583258201, 0.0 ], [ 29.951251818569858, -1.500708722351879, 0.0 ], [ 29.951270086904895, -1.500738633034234, 0.0 ], [ 29.951210687365087, -1.500744711437392, 0.0 ], [ 29.951182142441358, -1.50074763218091, 0.0 ], [ 29.950940549619496, -1.500766959432523, 0.0 ], [ 29.950585024936508, -1.500766959519802, 0.0 ], [ 29.95028336876954, -1.500896240630163, 0.0 ], [ 29.949805888917108, -1.501135467514329, 0.0 ], [ 29.949216972313593, -1.501221127270189, 0.0 ], [ 29.948563810161026, -1.501124759591468, 0.0 ], [ 29.9482318766741, -1.501006976512072, 0.0 ], [ 29.947835695388349, -1.500846362359873, 0.0 ], [ 29.947600129218113, -1.500717871865179, 0.0 ], [ 29.947407392305035, -1.500653626605483, 0.0 ], [ 29.947096873689134, -1.50067504104773, 0.0 ], [ 29.946839891290772, -1.500621503805564, 0.0 ], [ 29.946636447169336, -1.500557258216703, 0.0 ], [ 29.946443711368371, -1.500375229537708, 0.0 ], [ 29.946336635573044, -1.500182492422048, 0.0 ], [ 29.946240266887816, -1.500032586856569, 0.0 ], [ 29.946058238477182, -1.499957633018076, 0.0 ], [ 29.945737011552598, -1.499989756635135, 0.0 ], [ 29.945469321019488, -1.500086124864398, 0.0 ], [ 29.945255170420598, -1.500139662214131, 0.0 ], [ 29.945170112945259, -1.5000996362046, 0.0 ], [ 29.945028994672985, -1.500028775058766, 0.0 ], [ 29.944994788437224, -1.500009229862968, 0.0 ], [ 29.944854918186834, -1.499914406152596, 0.0 ], [ 29.944719791640338, -1.499807727885052, 0.0 ], [ 29.944469645496341, -1.499627622255016, 0.0 ], [ 29.944343761394727, -1.499482574579792, 0.0 ], [ 29.94416299768848, -1.499261641860419, 0.0 ], [ 29.944002384206247, -1.498961829562164, 0.0 ], [ 29.943670449357857, -1.498533526194566, 0.0 ], [ 29.943477713358128, -1.49834079034727, 0.0 ], [ 29.943199316660177, -1.498190884444539, 0.0 ], [ 29.942995872468067, -1.497933902248521, 0.0 ], [ 29.942824549923671, -1.497783996386851, 0.0 ], [ 29.942728182693706, -1.497591259386672, 0.0 ], [ 29.942460493342047, -1.497270032138432, 0.0 ], [ 29.942235634582619, -1.496852437404347, 0.0 ], [ 29.941903699689696, -1.496723946473796, 0.0 ], [ 29.941384489678839, -1.496608403141295, 0.0 ], [ 29.941376119369764, -1.496564457341601, 0.0 ], [ 29.94137617275133, -1.496652521242801, 0.0 ], [ 29.941137814090585, -1.496563137653676, 0.0 ], [ 29.940223334048341, -1.496343661662593, 0.0 ], [ 29.93952832888742, -1.496416820902002, 0.0 ], [ 29.939440733075369, -1.496432747700643, 0.0 ], [ 29.939287721698975, -1.496460567139189, 0.0 ], [ 29.938723586583674, -1.496563137151692, 0.0 ], [ 29.938577269258772, -1.496928929183224, 0.0 ], [ 29.938450569010275, -1.497097861186183, 0.0 ], [ 29.938346591329463, -1.497248260673346, 0.0 ], [ 29.938327065180058, -1.49727650438514, 0.0 ], [ 29.938334374995669, -1.497415400564732, 0.0 ], [ 29.938334184389284, -1.497418262249255, 0.0 ], [ 29.938323668673956, -1.497576013059783, 0.0 ], [ 29.938109516052126, -1.497961486743527, 0.0 ], [ 29.938045271457856, -1.498261298484911, 0.0 ], [ 29.938055978622977, -1.498807384104095, 0.0 ], [ 29.938023855986295, -1.499128612397574, 0.0 ], [ 29.937927488085769, -1.499706821136318, 0.0 ], [ 29.937938194988597, -1.499878142056427, 0.0 ], [ 29.937959609997879, -1.500210077883823, 0.0 ], [ 29.937624205755942, -1.500402585665952, 0.0 ], [ 29.937570684571693, -1.500443755742036, 0.0 ], [ 29.937290573992168, -1.500648450753794, 0.0 ], [ 29.936988917156356, -1.500745412070707, 0.0 ], [ 29.936698034691045, -1.500788505333896, 0.0 ], [ 29.936396377501893, -1.500896240412208, 0.0 ], [ 29.936186492319251, -1.500998002421907, 0.0 ], [ 29.936010832577672, -1.501259419483625, 0.0 ], [ 29.93548616131315, -1.50163418401517, 0.0 ], [ 29.934945767587912, -1.50171278748647, 0.0 ], [ 29.934811801490394, -1.501855018669034, 0.0 ], [ 29.934811415919143, -1.5018558335697, 0.0 ], [ 29.934750062449783, -1.50198556738386, 0.0 ], [ 29.934598034138741, -1.502335470386989, 0.0 ], [ 29.934580477735501, -1.502368243620233, 0.0 ], [ 29.93451543527442, -1.502489656346399, 0.0 ], [ 29.934457154188824, -1.50259844763151, 0.0 ], [ 29.934420957551467, -1.502753574713269, 0.0 ], [ 29.934417482688332, -1.502768468237189, 0.0 ], [ 29.934417216635637, -1.502769610553383, 0.0 ], [ 29.93288422054097, -1.502533620840822, 0.0 ], [ 29.93224176511103, -1.502383714023715, 0.0 ], [ 29.931599310943636, -1.502051779516135, 0.0 ], [ 29.931042516951599, -1.501741260472584, 0.0 ], [ 29.930635629436949, -1.501816213107105, 0.0 ], [ 29.930185911691925, -1.501420033810075, 0.0 ], [ 29.929522041952058, -1.500916777441255, 0.0 ], [ 29.929431827514787, -1.500834471099825, 0.0 ], [ 29.928897048900517, -1.500386870637023, 0.0 ], [ 29.928850000347861, -1.500363997290622, 0.0 ], [ 29.928661032499097, -1.500379114457441, 0.0 ], [ 29.928348602486587, -1.500422208604703, 0.0 ], [ 29.927993078044189, -1.500476075123527, 0.0 ], [ 29.927813645991321, -1.50050368031395, 0.0 ], [ 29.927741013705774, -1.500540177100885, 0.0 ], [ 29.926381151336507, -1.501000603847782, 0.0 ], [ 29.926188414918954, -1.500968480187084, 0.0 ], [ 29.926049637616028, -1.500947623307368, 0.0 ], [ 29.925949102957208, -1.5009325146161, 0.0 ], [ 29.924336005676818, -1.500690083772309, 0.0 ], [ 29.923201002135105, -1.500497347572316, 0.0 ], [ 29.921894678635759, -1.500176120783841, 0.0 ], [ 29.921870168308388, -1.500170550282703, 0.0 ], [ 29.921784086939727, -1.500150986586485, 0.0 ], [ 29.920716844010101, -1.499908430671132, 0.0 ], [ 29.920213587947682, -1.499758524538251, 0.0 ], [ 29.919699625745594, -1.499630034435352, 0.0 ], [ 29.919544748667953, -1.499670739038196, 0.0 ], [ 29.9186502818728, -1.500122582141475, 0.0 ], [ 29.917611648176162, -1.500668668799998, 0.0 ], [ 29.917215467457702, -1.500775744571995, 0.0 ], [ 29.916144709933228, -1.501171924367799, 0.0 ], [ 29.915857694348617, -1.501284040085222, 0.0 ], [ 29.915755939018005, -1.501323788648075, 0.0 ], [ 29.91552615594496, -1.50141354756239, 0.0 ], [ 29.915413376920082, -1.501432473369898, 0.0 ], [ 29.913457109751072, -1.501129094467151, 0.0 ], [ 29.913210834966485, -1.501204047490376, 0.0 ], [ 29.911808142726873, -1.499683571796818, 0.0 ], [ 29.911275122650284, -1.497891520160116, 0.0 ], [ 29.911268615079123, -1.497869642090416, 0.0 ], [ 29.911267923166665, -1.497867316714526, 0.0 ], [ 29.911154495393401, -1.497887232659521, 0.0 ], [ 29.909493675036767, -1.49814322022882, 0.0 ], [ 29.907791989890097, -1.49883309326864, 0.0 ], [ 29.903953379598409, -1.499303866601641, 0.0 ], [ 29.90377404835224, -1.499325859483544, 0.0 ], [ 29.902916893273783, -1.49943098208819, 0.0 ], [ 29.901658639556796, -1.49971795263265, 0.0 ], [ 29.899411740517532, -1.501002047338875, 0.0 ], [ 29.899073884091941, -1.501195130429216, 0.0 ], [ 29.897907153996378, -1.501861912289526, 0.0 ], [ 29.897903246712591, -1.501855257146296, 0.0 ], [ 29.897903657248126, -1.501839664408959, 0.0 ], [ 29.897906103350628, -1.501746858679463, 0.0 ], [ 29.897480412320743, -1.501260719072943, 0.0 ], [ 29.897236917736119, -1.500988415897511, 0.0 ], [ 29.896943072930771, -1.500659804543203, 0.0 ], [ 29.896853323075575, -1.500414604193811, 0.0 ], [ 29.896734124498661, -1.500088950513804, 0.0 ], [ 29.896590796558286, -1.499800428872139, 0.0 ], [ 29.896017703518083, -1.498646782708306, 0.0 ], [ 29.895817536366359, -1.498255696142437, 0.0 ], [ 29.895694765212482, -1.498015824112399, 0.0 ], [ 29.895515785060933, -1.497666130794252, 0.0 ], [ 29.895379924006733, -1.497545756156175, 0.0 ], [ 29.895226387014233, -1.497409720070672, 0.0 ], [ 29.895115770437091, -1.497314020087838, 0.0 ], [ 29.894751075536963, -1.496822421882754, 0.0 ], [ 29.893932089947821, -1.495718449462872, 0.0 ], [ 29.893876197646989, -1.495622187707946, 0.0 ], [ 29.893860035726288, -1.495594354214755, 0.0 ], [ 29.893778974511701, -1.495454746266886, 0.0 ], [ 29.89372767897294, -1.495286650427649, 0.0 ], [ 29.893613548536425, -1.494912633089556, 0.0 ], [ 29.893331067985692, -1.49459065151335, 0.0 ], [ 29.893083359382882, -1.493934294738764, 0.0 ], [ 29.892972868922623, -1.493689300368463, 0.0 ], [ 29.892823615454745, -1.493388848512331, 0.0 ], [ 29.892793777326819, -1.493058358418593, 0.0 ], [ 29.892913203700388, -1.492818007015262, 0.0 ], [ 29.893002780273832, -1.492487523673739, 0.0 ], [ 29.892984763358029, -1.49240591226299, 0.0 ], [ 29.892943085093112, -1.492217120301679, 0.0 ], [ 29.892914654178071, -1.492131268308691, 0.0 ], [ 29.892878889096185, -1.49202326954014, 0.0 ], [ 29.892717191464186, -1.491534992201892, 0.0 ], [ 29.892707958610316, -1.491507112010693, 0.0 ], [ 29.892704292426021, -1.491496042240679, 0.0 ], [ 29.8926836852708, -1.491473918329504, 0.0 ], [ 29.892665345433162, -1.491454229314691, 0.0 ], [ 29.892256512182346, -1.491015308426195, 0.0 ], [ 29.892139894329443, -1.490793595226019, 0.0 ], [ 29.892048037139983, -1.490618958168524, 0.0 ], [ 29.891987854603052, -1.490504539287324, 0.0 ], [ 29.891864251328087, -1.489892447897353, 0.0 ], [ 29.891671776742644, -1.489446074057998, 0.0 ], [ 29.891508972717059, -1.489335769868253, 0.0 ], [ 29.891177938108708, -1.488808230826491, 0.0 ], [ 29.890685630200089, -1.488244358195755, 0.0 ], [ 29.890632578286031, -1.487998716296918, 0.0 ], [ 29.89056467328815, -1.487684298210527, 0.0 ], [ 29.890506750633463, -1.487416079131951, 0.0 ], [ 29.8904886164059, -1.487291970207934, 0.0 ], [ 29.890432528332898, -1.486908096210377, 0.0 ], [ 29.890374065073658, -1.486613837020377, 0.0 ], [ 29.890344177108567, -1.486463404332898, 0.0 ], [ 29.890258517713516, -1.486306326560771, 0.0 ], [ 29.890206243948054, -1.486210472821734, 0.0 ], [ 29.89016860604897, -1.486141453100229, 0.0 ], [ 29.889778943752166, -1.485426917287645, 0.0 ], [ 29.889540133012982, -1.485066371676309, 0.0 ], [ 29.889514349422853, -1.485026002872091, 0.0 ], [ 29.889271472217803, -1.484645735453592, 0.0 ], [ 29.889212059235852, -1.484585936415418, 0.0 ], [ 29.888913249180511, -1.484285184669355, 0.0 ], [ 29.888473630892051, -1.483796133290935, 0.0 ], [ 29.88834606445694, -1.483654222802977, 0.0 ], [ 29.888250766131204, -1.483401335866276, 0.0 ], [ 29.88802613572534, -1.482805248900177, 0.0 ], [ 29.888017719601649, -1.482782915740444, 0.0 ], [ 29.887958339576759, -1.482194280815852, 0.0 ], [ 29.887920523440727, -1.482080088194157, 0.0 ], [ 29.887920215232722, -1.482079157497231, 0.0 ], [ 29.887886298874665, -1.481976741040122, 0.0 ], [ 29.887830637235702, -1.481808656634005, 0.0 ], [ 29.887647028011529, -1.481254215418609, 0.0 ], [ 29.887627248953553, -1.481155732237522, 0.0 ], [ 29.887606429461716, -1.48105206468375, 0.0 ], [ 29.887263252761038, -1.480577810351188, 0.0 ], [ 29.886507142278923, -1.479795041521231, 0.0 ], [ 29.885707813254317, -1.479251437200782, 0.0 ], [ 29.885189337331852, -1.478729590279271, 0.0 ], [ 29.884578950352751, -1.478248615157129, 0.0 ], [ 29.884505153678905, -1.478159552618058, 0.0 ], [ 29.884396133751796, -1.478027980795799, 0.0 ], [ 29.884376457474421, -1.477752514428126, 0.0 ], [ 29.884281099104989, -1.47754391837354, 0.0 ], [ 29.88420513609649, -1.477377749368778, 0.0 ], [ 29.884192592268686, -1.477356006588638, 0.0 ], [ 29.884022790386151, -1.477142326312974, 0.0 ], [ 29.883822507709219, -1.477007934114216, 0.0 ], [ 29.883506229432886, -1.476795708593639, 0.0 ], [ 29.883245066539946, -1.476620465370117, 0.0 ], [ 29.883143214589165, -1.476630379110261, 0.0 ], [ 29.88278410224974, -1.4766653352447, 0.0 ], [ 29.882631123153782, -1.476574681135958, 0.0 ], [ 29.882320603456105, -1.476456898639945, 0.0 ], [ 29.882236384574426, -1.476472940035303, 0.0 ], [ 29.882000614658839, -1.476517848872281, 0.0 ], [ 29.88190705038566, -1.476530300890192, 0.0 ], [ 29.881941818511603, -1.476493688723909, 0.0 ], [ 29.881821521683356, -1.476503067790846, 0.0 ], [ 29.881711172601438, -1.476511671363979, 0.0 ], [ 29.881473531884637, -1.476381203192892, 0.0 ], [ 29.881411160498843, -1.476344274691223, 0.0 ], [ 29.881367728612851, -1.476318559695567, 0.0 ], [ 29.881106271898311, -1.476163759547864, 0.0 ], [ 29.880652605287505, -1.475750627582454, 0.0 ], [ 29.88032494802744, -1.47545731148739, 0.0 ], [ 29.879961293154597, -1.475337482647935, 0.0 ], [ 29.879847536548287, -1.4752235218609, 0.0 ], [ 29.879748688716663, -1.475188679714055, 0.0 ], [ 29.879675558470318, -1.475162902474925, 0.0 ], [ 29.879615636154437, -1.47514178116645, 0.0 ], [ 29.879464413705993, -1.47501131750179, 0.0 ], [ 29.879226781222865, -1.474750395493786, 0.0 ], [ 29.879118777642805, -1.474445993599302, 0.0 ], [ 29.879075592570427, -1.474011141625948, 0.0 ], [ 29.878945984605089, -1.473684996426497, 0.0 ], [ 29.878731335114569, -1.473483352507165, 0.0 ], [ 29.878621938540451, -1.473380583594506, 0.0 ], [ 29.878392374758597, -1.473203890847305, 0.0 ], [ 29.878254681979396, -1.473097911369459, 0.0 ], [ 29.878010187923522, -1.472793834766092, 0.0 ], [ 29.87782262150008, -1.47266303707192, 0.0 ], [ 29.877518214541873, -1.472663020261889, 0.0 ], [ 29.877427241591544, -1.472687831579704, 0.0 ], [ 29.877202382605851, -1.472709246494629, 0.0 ], [ 29.877194803132806, -1.4727065933172, 0.0 ], [ 29.877162846945769, -1.472695409807345, 0.0 ], [ 29.876988231494849, -1.47263429354313, 0.0 ], [ 29.876929799467398, -1.472512118753755, 0.0 ], [ 29.876870448183652, -1.472388019238673, 0.0 ], [ 29.876651071300511, -1.472278331399805, 0.0 ], [ 29.876592050949828, -1.472248821277346, 0.0 ], [ 29.876410022223872, -1.472023962602432, 0.0 ], [ 29.876341123998412, -1.471918319691913, 0.0 ], [ 29.876088795567792, -1.47153141367699, 0.0 ], [ 29.876069102200951, -1.471421243110489, 0.0 ], [ 29.876065061107944, -1.471398635207215, 0.0 ], [ 29.875874643555157, -1.470792591197443, 0.0 ], [ 29.87581893576721, -1.470650789029801, 0.0 ], [ 29.875741593677155, -1.470248508052085, 0.0 ], [ 29.875724737352616, -1.469978815859621, 0.0 ], [ 29.875721925539441, -1.469975035093619, 0.0 ], [ 29.875677543104658, -1.46991536320879, 0.0 ], [ 29.875672047083999, -1.469907974434103, 0.0 ], [ 29.875659614539106, -1.469891258563799, 0.0 ], [ 29.875382095187572, -1.469518389076196, 0.0 ], [ 29.875146528078826, -1.469143624379933, 0.0 ], [ 29.875060867309777, -1.469090086869214, 0.0 ], [ 29.874964499732869, -1.468918765614026, 0.0 ], [ 29.874974537149999, -1.468597550125478, 0.0 ], [ 29.874975206970614, -1.468576123700221, 0.0 ], [ 29.874953792157246, -1.468361971826044, 0.0 ], [ 29.874868131376612, -1.468179942462233, 0.0 ], [ 29.87493237732161, -1.46808357402727, 0.0 ], [ 29.874846715910309, -1.467783762428309, 0.0 ], [ 29.87465398025715, -1.467291214255772, 0.0 ], [ 29.87462185718822, -1.466969986441562, 0.0 ], [ 29.874418412893597, -1.466991402329377, 0.0 ], [ 29.874214968890534, -1.466959279175177, 0.0 ], [ 29.873936572193838, -1.466777250632239, 0.0 ], [ 29.873604637565489, -1.4665952217299, 0.0 ], [ 29.873240580020333, -1.466445315269522, 0.0 ], [ 29.872862024263629, -1.466463781564924, 0.0 ], [ 29.872801569764711, -1.466466730239489, 0.0 ], [ 29.87231972872738, -1.466295409429895, 0.0 ], [ 29.871998501053966, -1.466134796526677, 0.0 ], [ 29.871827179936773, -1.465995597878661, 0.0 ], [ 29.871934255968757, -1.465867106780484, 0.0 ], [ 29.871870010081992, -1.465503049512493, 0.0 ], [ 29.87168798174001, -1.465288897424519, 0.0 ], [ 29.871452414917496, -1.465053331149133, 0.0 ], [ 29.871397703671722, -1.464920459513581, 0.0 ], [ 29.871385379502289, -1.464848147888694, 0.0 ], [ 29.871365747622292, -1.464862098826697, 0.0 ], [ 29.871315040154684, -1.464822256608983, 0.0 ], [ 29.871227556162673, -1.464753519554834, 0.0 ], [ 29.871099065653549, -1.464464414088704, 0.0 ], [ 29.87064934728955, -1.464025403355189, 0.0 ], [ 29.870424488552743, -1.463854082622386, 0.0 ], [ 29.870338827295221, -1.463939743684169, 0.0 ], [ 29.870071138449774, -1.463693469421742, 0.0 ], [ 29.86994264692596, -1.463597101648199, 0.0 ], [ 29.86970708029413, -1.463457902730976, 0.0 ], [ 29.869578589302588, -1.463415072145037, 0.0 ], [ 29.869503636268711, -1.463340119468915, 0.0 ], [ 29.869423385185936, -1.463238467067957, 0.0 ], [ 29.869409753897141, -1.463221201192219, 0.0 ], [ 29.869343023578963, -1.46313667537267, 0.0 ], [ 29.869225239435981, -1.463051014184346, 0.0 ], [ 29.869096748607316, -1.462943938565256, 0.0 ], [ 29.868904012588111, -1.462686957160696, 0.0 ], [ 29.868818351316083, -1.462494220718777, 0.0 ], [ 29.868647030322613, -1.46251563528678, 0.0 ], [ 29.868582784935931, -1.462462098820425, 0.0 ], [ 29.868475708936089, -1.462312192317213, 0.0 ], [ 29.868368633647421, -1.462119455504037, 0.0 ], [ 29.868379341396015, -1.461937426204447, 0.0 ], [ 29.868443586574159, -1.461808936360954, 0.0 ], [ 29.868926896176582, -1.461382704884428, 0.0 ], [ 29.86902923507747, -1.461285774477604, 0.0 ], [ 29.869546467402852, -1.460813131088088, 0.0 ], [ 29.869889109589973, -1.460277752766813, 0.0 ], [ 29.870033407889149, -1.459938649668689, 0.0 ], [ 29.87009070097815, -1.459804010894946, 0.0 ], [ 29.870103260102617, -1.459774496652929, 0.0 ], [ 29.869931939327678, -1.459592468499727, 0.0 ], [ 29.869621420068544, -1.459442562866758, 0.0 ], [ 29.869489645733076, -1.4591614425521, 0.0 ], [ 29.86948141562273, -1.459143884855741, 0.0 ], [ 29.869460806650562, -1.459099919161096, 0.0 ], [ 29.869435066560069, -1.459079957314121, 0.0 ], [ 29.868936135036915, -1.458693031741664, 0.0 ], [ 29.868669401876218, -1.458592534229167, 0.0 ], [ 29.868096158441222, -1.458441110668042, 0.0 ], [ 29.867762588020039, -1.458352997384998, 0.0 ], [ 29.867685192006967, -1.458318295331031, 0.0 ], [ 29.867685096748108, -1.458318252816176, 0.0 ], [ 29.867672400362153, -1.458312559446703, 0.0 ], [ 29.867628113601924, -1.458253161489032, 0.0 ], [ 29.867459609522825, -1.458027158901888, 0.0 ], [ 29.866890171601973, -1.45781103261902, 0.0 ], [ 29.866703495143476, -1.457570521499577, 0.0 ], [ 29.866552282288136, -1.457309602627725, 0.0 ], [ 29.866001712617372, -1.456607657439418, 0.0 ], [ 29.865922289585935, -1.456506396620011, 0.0 ], [ 29.865904211081411, -1.45648334830294, 0.0 ], [ 29.865761577341949, -1.456145559661265, 0.0 ], [ 29.865104933324087, -1.455287463424501, 0.0 ], [ 29.864824094687538, -1.455070021784619, 0.0 ], [ 29.864195945743592, -1.454984352163302, 0.0 ], [ 29.86408957115502, -1.454852552661514, 0.0 ], [ 29.8639494255183, -1.454767041839648, 0.0 ], [ 29.863941400514385, -1.45477702740182, 0.0 ], [ 29.863722528908021, -1.454643481796569, 0.0 ], [ 29.863430590149974, -1.454286880420348, 0.0 ], [ 29.863128160395711, -1.453852011664812, 0.0 ], [ 29.862868909998728, -1.453895481862741, 0.0 ], [ 29.862688391559505, -1.453753234072142, 0.0 ], [ 29.862480061566202, -1.453504092873679, 0.0 ], [ 29.862478123753533, -1.453493164267957, 0.0 ], [ 29.862372079503061, -1.45289529636033, 0.0 ], [ 29.862363953967428, -1.452888441024618, 0.0 ], [ 29.862361371116339, -1.452873880102231, 0.0 ], [ 29.862179553059615, -1.452720485740858, 0.0 ], [ 29.861691669520177, -1.452504216781829, 0.0 ], [ 29.861410818324078, -1.452504199469025, 0.0 ], [ 29.861129973767518, -1.452395470679033, 0.0 ], [ 29.861110810396635, -1.452376181163226, 0.0 ], [ 29.861052847998167, -1.452326105339171, 0.0 ], [ 29.861057460272782, -1.452322806185713, 0.0 ], [ 29.861062527304021, -1.452319181457847, 0.0 ], [ 29.861190275263525, -1.452227786399819, 0.0 ], [ 29.861486646206028, -1.452045403068962, 0.0 ], [ 29.862351886234784, -1.451360421086424, 0.0 ], [ 29.862448974443183, -1.451283560412319, 0.0 ], [ 29.862484467161359, -1.451255461276532, 0.0 ], [ 29.863273127400351, -1.450632834315971, 0.0 ], [ 29.863407136310371, -1.450527038816473, 0.0 ], [ 29.864064351296953, -1.4500081848355, 0.0 ], [ 29.864687860609482, -1.449384675418107, 0.0 ], [ 29.864864535210238, -1.449208000511175, 0.0 ], [ 29.864882441733993, -1.449190094349156, 0.0 ], [ 29.865852114088689, -1.448220421017702, 0.0 ], [ 29.867224118136033, -1.446848417444261, 0.0 ], [ 29.868239483660265, -1.445963228596134, 0.0 ], [ 29.868246727441541, -1.445956913232699, 0.0 ], [ 29.868385675920571, -1.445835777267732, 0.0 ], [ 29.868406552567645, -1.445817577298543, 0.0 ], [ 29.868845578610674, -1.445434837067065, 0.0 ], [ 29.869282124911106, -1.444582531455534, 0.0 ], [ 29.86951821919525, -1.444166631142882, 0.0 ], [ 29.869991985349824, -1.444161624280836, 0.0 ], [ 29.870174822682962, -1.443344949169365, 0.0 ], [ 29.870194855873681, -1.44325546385617, 0.0 ], [ 29.87026997717518, -1.442919923775016, 0.0 ], [ 29.870311186185422, -1.442638333200289, 0.0 ], [ 29.870309782912084, -1.442629965131408, 0.0 ], [ 29.870293348369195, -1.44261897781234, 0.0 ], [ 29.870303221128022, -1.442590818270658, 0.0 ], [ 29.870328826123288, -1.442517785253124, 0.0 ], [ 29.870498405305248, -1.441358997694423, 0.0 ], [ 29.870783034099667, -1.439366602360631, 0.0 ], [ 29.870783941229853, -1.439360250446809, 0.0 ], [ 29.870812458315356, -1.439279883382762, 0.0 ], [ 29.870812713545661, -1.439279813754511, 0.0 ], [ 29.870820824297891, -1.439277592882964, 0.0 ], [ 29.871003487422133, -1.439227568103283, 0.0 ], [ 29.871818431608567, -1.439580906821325, 0.0 ], [ 29.872715380514219, -1.439619904889661, 0.0 ], [ 29.873495335341556, -1.439931886815965, 0.0 ], [ 29.874298392387381, -1.439728176568803, 0.0 ], [ 29.874530561414257, -1.439824809331565, 0.0 ], [ 29.874589118384293, -1.43984918212852, 0.0 ], [ 29.874609370684727, -1.43985761183775, 0.0 ], [ 29.875509188662605, -1.439345819384771, 0.0 ], [ 29.876252386927519, -1.439221200360354, 0.0 ], [ 29.876340559437381, -1.439190340745327, 0.0 ], [ 29.876417826201969, -1.439163297319871, 0.0 ], [ 29.877202038476121, -1.438888824253706, 0.0 ], [ 29.877533300457944, -1.438692738863196, 0.0 ], [ 29.877724101676741, -1.438579796656411, 0.0 ], [ 29.877903964645824, -1.43847332881582, 0.0 ], [ 29.877946418619313, -1.438454104257556, 0.0 ], [ 29.878107028162908, -1.438381375045527, 0.0 ], [ 29.878729752233635, -1.438099391199147, 0.0 ], [ 29.879638099551741, -1.438057886330554, 0.0 ], [ 29.880711598620145, -1.438057943034623, 0.0 ], [ 29.881372212484642, -1.438057977676889, 0.0 ], [ 29.882197976924662, -1.438141127211287, 0.0 ], [ 29.882817280172357, -1.438598247773742, 0.0 ], [ 29.882861502266287, -1.438676142394868, 0.0 ], [ 29.883039553294317, -1.438640198702412, 0.0 ], [ 29.883089400916429, -1.438634659693717, 0.0 ], [ 29.882561662433833, -1.438078394264882, 0.0 ], [ 29.882286662733311, -1.437666728502789, 0.0 ], [ 29.882443328490844, -1.437158394639614, 0.0 ], [ 29.881823328759985, -1.4366750611354, 0.0 ], [ 29.882077190324424, -1.436438218176947, 0.0 ], [ 29.882173348906367, -1.436449496261297, 0.0 ], [ 29.881990200399223, -1.43615861308698, 0.0 ], [ 29.881817824247833, -1.435889276323721, 0.0 ], [ 29.881645449464507, -1.435436791580732, 0.0 ], [ 29.881548488756685, -1.435156681275353, 0.0 ], [ 29.881537713996543, -1.434833477403696, 0.0 ], [ 29.881537713890353, -1.434521047023809, 0.0 ], [ 29.881526940924715, -1.434197843150768, 0.0 ], [ 29.881519251579171, -1.433974833757991, 0.0 ], [ 29.881516167404399, -1.433885413112679, 0.0 ], [ 29.881516167562296, -1.433637623031441, 0.0 ], [ 29.881466690584602, -1.433358125702602, 0.0 ], [ 29.88147307391699, -1.432991215063299, 0.0 ], [ 29.881466102934542, -1.432954370027107, 0.0 ], [ 29.881442497055243, -1.432905626054712, 0.0 ], [ 29.881439977310386, -1.432832587782689, 0.0 ], [ 29.881439578888127, -1.432821059612966, 0.0 ], [ 29.88143928814825, -1.432812633720213, 0.0 ], [ 29.881397659019513, -1.432592597301672, 0.0 ], [ 29.881300698433737, -1.432312487895735, 0.0 ], [ 29.881214511612782, -1.432043151075616, 0.0 ], [ 29.88113104347962, -1.43182310161852, 0.0 ], [ 29.881096002341195, -1.431730721746042, 0.0 ], [ 29.880991259190257, -1.431521234273281, 0.0 ], [ 29.880855710902711, -1.431401584432734, 0.0 ], [ 29.880708158619974, -1.431148954146215, 0.0 ], [ 29.880481915424987, -1.430890391043657, 0.0 ], [ 29.880223352588121, -1.430362491190595, 0.0 ], [ 29.880157968545117, -1.43028521949353, 0.0 ], [ 29.879986336351433, -1.43008238162049, 0.0 ], [ 29.879706226731795, -1.429834591264423, 0.0 ], [ 29.879447663162704, -1.429532934649355, 0.0 ], [ 29.879102911903477, -1.429209731202794, 0.0 ], [ 29.878715068464448, -1.428811113099449, 0.0 ], [ 29.878467278286028, -1.428531003729206, 0.0 ], [ 29.878348770436936, -1.428218572485414, 0.0 ], [ 29.878144074448308, -1.427927689738458, 0.0 ], [ 29.87796092545161, -1.427701446614715, 0.0 ], [ 29.877916508249179, -1.427632044718575, 0.0 ], [ 29.877869703680073, -1.427537577609804, 0.0 ], [ 29.877849379497658, -1.427496557806429, 0.0 ], [ 29.877813656492524, -1.427420350370517, 0.0 ], [ 29.87747075529262, -1.42668882734401, 0.0 ], [ 29.877418474337308, -1.425878479675462, 0.0 ], [ 29.877418362992486, -1.425876751261314, 0.0 ], [ 29.877369892236082, -1.42581787877341, 0.0 ], [ 29.877353830891085, -1.425769694125125, 0.0 ], [ 29.87740538142814, -1.42567552622726, 0.0 ], [ 29.877403073714561, -1.425639749591638, 0.0 ], [ 29.877301549753621, -1.424827559623963, 0.0 ], [ 29.877978372997017, -1.42344006926659, 0.0 ], [ 29.878181420934077, -1.422830927849994, 0.0 ], [ 29.878169129094545, -1.42272275832344, 0.0 ], [ 29.87804362553716, -1.421618321368751, 0.0 ], [ 29.878041705489402, -1.421575933206487, 0.0 ], [ 29.878039116701014, -1.421518787060929, 0.0 ], [ 29.877960166430473, -1.421220694388407, 0.0 ], [ 29.877948531494212, -1.420976369554827, 0.0 ], [ 29.87794492339102, -1.420854852582053, 0.0 ], [ 29.877945929171883, -1.420817544883602, 0.0 ], [ 29.877838328623362, -1.420785061184417, 0.0 ], [ 29.877354995293331, -1.419785061241145, 0.0 ], [ 29.877163328213367, -1.419460061407819, 0.0 ], [ 29.876343360743949, -1.418127282643054, 0.0 ], [ 29.876243378141822, -1.417964771618994, 0.0 ], [ 29.876126662747261, -1.41777506190758, 0.0 ], [ 29.876011254983059, -1.417550842886993, 0.0 ], [ 29.875992047193989, -1.417490465143079, 0.0 ], [ 29.875982870533296, -1.417495695095863, 0.0 ], [ 29.875978513302886, -1.417487230092584, 0.0 ], [ 29.875974921665584, -1.417480250241131, 0.0 ], [ 29.875939043931588, -1.417410547600408, 0.0 ], [ 29.875776661874379, -1.417095061381582, 0.0 ], [ 29.875493328617381, -1.416043394249657, 0.0 ], [ 29.875493513011705, -1.416040286561769, 0.0 ], [ 29.875498148041444, -1.415962422519782, 0.0 ], [ 29.875502556401191, -1.415888368018273, 0.0 ], [ 29.875509989717081, -1.415763491604751, 0.0 ], [ 29.875509995114299, -1.415763394828647, 0.0 ], [ 29.874498328541712, -1.415206728306864, 0.0 ], [ 29.873450093916897, -1.415025588819666, 0.0 ], [ 29.872898328335321, -1.414525061779695, 0.0 ], [ 29.873071662604421, -1.413373394402009, 0.0 ], [ 29.873099995165727, -1.412975061658148, 0.0 ], [ 29.873136474108353, -1.41292621601006, 0.0 ], [ 29.873082902068511, -1.412947680238021, 0.0 ], [ 29.873004485594496, -1.41294675248031, 0.0 ], [ 29.872960121666342, -1.412946227266267, 0.0 ], [ 29.872986662013442, -1.412933394550269, 0.0 ], [ 29.872429995273652, -1.412521728692992, 0.0 ], [ 29.871574994891862, -1.412080061755469, 0.0 ], [ 29.871375004526396, -1.41151439270764, 0.0 ], [ 29.87137353909883, -1.411508764220549, 0.0 ], [ 29.871339310454065, -1.411377227843513, 0.0 ], [ 29.871767613566313, -1.41115236776178, 0.0 ], [ 29.871697438078247, -1.410985880458995, 0.0 ], [ 29.871626130550865, -1.410797886124593, 0.0 ], [ 29.871518396766103, -1.41051777674224, 0.0 ], [ 29.871421435093144, -1.410226892312671, 0.0 ], [ 29.871475301984919, -1.409989876388621, 0.0 ], [ 29.871432208332834, -1.409752860503336, 0.0 ], [ 29.871464528342788, -1.409537391048153, 0.0 ], [ 29.871389113999381, -1.409397336062927, 0.0 ], [ 29.871389113912965, -1.408890983054937, 0.0 ], [ 29.871335247743268, -1.408460045699554, 0.0 ], [ 29.87133002328919, -1.408271990815211, 0.0 ], [ 29.871329147912441, -1.408240487793959, 0.0 ], [ 29.871324473259957, -1.408072200645972, 0.0 ], [ 29.871453755128979, -1.407781317017545, 0.0 ], [ 29.871486075627061, -1.407490433430572, 0.0 ], [ 29.871453755361287, -1.407350378126453, 0.0 ], [ 29.871518396307305, -1.407081042188566, 0.0 ], [ 29.871604583422993, -1.406736291505081, 0.0 ], [ 29.871610112991512, -1.406653345407529, 0.0 ], [ 29.871615357445954, -1.406574689110684, 0.0 ], [ 29.871744638182747, -1.406186845464805, 0.0 ], [ 29.871733864884273, -1.405874414527324, 0.0 ], [ 29.871755074062438, -1.40568353739851, 0.0 ], [ 29.871776959368812, -1.405486570629669, 0.0 ], [ 29.871701545566584, -1.405206460335432, 0.0 ], [ 29.871690771712782, -1.404937123829215, 0.0 ], [ 29.871658451252184, -1.404603146743221, 0.0 ], [ 29.871690771229584, -1.404204528412189, 0.0 ], [ 29.871766185570891, -1.403913644470979, 0.0 ], [ 29.871820053748419, -1.403698175274231, 0.0 ], [ 29.871809279134901, -1.403310331106098, 0.0 ], [ 29.871798505957692, -1.403127182559296, 0.0 ], [ 29.871669224173758, -1.402911712302122, 0.0 ], [ 29.871693400620455, -1.402673128190574, 0.0 ], [ 29.871698759361937, -1.402624174106387, 0.0 ], [ 29.871698444872841, -1.402623338375197, 0.0 ], [ 29.871669224358595, -1.402545415492615, 0.0 ], [ 29.871626130131109, -1.402286852841761, 0.0 ], [ 29.871647677562624, -1.402039062165161, 0.0 ], [ 29.871646542693419, -1.401755744258284, 0.0 ], [ 29.871675149285561, -1.401637817025919, 0.0 ], [ 29.8716799980498, -1.401629736012771, 0.0 ], [ 29.871830826079155, -1.401435814393321, 0.0 ], [ 29.871949334322164, -1.401241891888447, 0.0 ], [ 29.871981655623628, -1.401047969160522, 0.0 ], [ 29.872110936679743, -1.400994102568135, 0.0 ], [ 29.872207897194532, -1.400606257067141, 0.0 ], [ 29.872250991616593, -1.400347694625634, 0.0 ], [ 29.872333053169225, -1.400173312592084, 0.0 ], [ 29.872337179434801, -1.400164545058128, 0.0 ], [ 29.872364335909953, -1.400055918213681, 0.0 ], [ 29.872397835202506, -1.400080041789894, 0.0 ], [ 29.872592097504381, -1.400219933197092, 0.0 ], [ 29.872924031435748, -1.400594699362911, 0.0 ], [ 29.872995943073079, -1.400659685466993, 0.0 ], [ 29.873220602989388, -1.400832500548911, 0.0 ], [ 29.873597673892107, -1.401069516486915, 0.0 ], [ 29.873974745745407, -1.401155704097222, 0.0 ], [ 29.874394910519698, -1.40105874328651, 0.0 ], [ 29.874750433949522, -1.400843273055172, 0.0 ], [ 29.875095185620378, -1.400649351666989, 0.0 ], [ 29.875289107161027, -1.400541617364656, 0.0 ], [ 29.875414925700639, -1.400519034496054, 0.0 ], [ 29.875579834940876, -1.400489435158578, 0.0 ], [ 29.875709272453175, -1.400466202165634, 0.0 ], [ 29.876064796751269, -1.400401562713461, 0.0 ], [ 29.876463414164387, -1.400283053593473, 0.0 ], [ 29.876765071481351, -1.400369241272358, 0.0 ], [ 29.876943133441962, -1.400446659148597, 0.0 ], [ 29.877012861439397, -1.400476976457932, 0.0 ], [ 29.87730374441109, -1.400412335208731, 0.0 ], [ 29.877540760510023, -1.400186092576404, 0.0 ], [ 29.877761509708328, -1.400012646472922, 0.0 ], [ 29.877842417521347, -1.399949076754389, 0.0 ], [ 29.877845068939578, -1.399942446352592, 0.0 ], [ 29.877928605679418, -1.39973360723549, 0.0 ], [ 29.877993246472812, -1.399378083027352, 0.0 ], [ 29.87816562128749, -1.399044105790389, 0.0 ], [ 29.878359543149969, -1.398785542905583, 0.0 ], [ 29.878650427414385, -1.398516206686649, 0.0 ], [ 29.87886589602088, -1.398408471366646, 0.0 ], [ 29.879221420105317, -1.398376151102188, 0.0 ], [ 29.879630812700675, -1.398386924393579, 0.0 ], [ 29.879997109594203, -1.398451565493395, 0.0 ], [ 29.880158711378389, -1.398354604732766, 0.0 ], [ 29.880212579373936, -1.398106814640418, 0.0 ], [ 29.880359105513204, -1.397876558492099, 0.0 ], [ 29.880363407561553, -1.397714361430449, 0.0 ], [ 29.880363407609597, -1.397535821595117, 0.0 ], [ 29.880352634709347, -1.397244937348557, 0.0 ], [ 29.88035044058622, -1.397236526731948, 0.0 ], [ 29.880558532204248, -1.396996954238279, 0.0 ], [ 29.880687023314856, -1.396632896042692, 0.0 ], [ 29.880976127071566, -1.396429452379173, 0.0 ], [ 29.881275940043668, -1.396300961204588, 0.0 ], [ 29.881522214480658, -1.396215301244454, 0.0 ], [ 29.881843441083205, -1.39617247087867, 0.0 ], [ 29.882342042161543, -1.395897731475606, 0.0 ], [ 29.882363794120547, -1.395885745860133, 0.0 ], [ 29.882463331330733, -1.395871070697986, 0.0 ], [ 29.882468423244827, -1.395869851751932, 0.0 ], [ 29.883132566124296, -1.395684363732592, 0.0 ], [ 29.883191208618804, -1.395667985217736, 0.0 ], [ 29.883190189277766, -1.395673081757453, 0.0 ], [ 29.883158066390191, -1.395855110290844, 0.0 ], [ 29.882847546040797, -1.396326243114193, 0.0 ], [ 29.882976037603008, -1.396690300782773, 0.0 ], [ 29.883115236265738, -1.396829499395644, 0.0 ], [ 29.882965330208627, -1.397375585008419, 0.0 ], [ 29.882965330322389, -1.397718228744676, 0.0 ], [ 29.883050990176667, -1.398125115522338, 0.0 ] ] ] } },
{ "type": "Feature", "properties": { "sector": "Nemba", "district": "Burera", "province": "North", "Area_m2_gis": 38003792.321459427, "Perimeter_m_gis": 35540.532443731478 }, "geometry": { "type": "Polygon", "coordinates": [ [ [ 29.85228387740095, -1.532714230817696, 0.0 ], [ 29.852412368374548, -1.532821306761384, 0.0 ], [ 29.852476613304585, -1.533099703764729, 0.0 ], [ 29.852583689101003, -1.533292439618909, 0.0 ], [ 29.852755010651425, -1.533581544586361, 0.0 ], [ 29.852969162473372, -1.533859941098603, 0.0 ], [ 29.853108360641663, -1.534063384228807, 0.0 ], [ 29.853376049928638, -1.534202583152753, 0.0 ], [ 29.853612619710439, -1.534373892416899, 0.0 ], [ 29.853832624063116, -1.534482212780875, 0.0 ], [ 29.854628835944268, -1.534780792106833, 0.0 ], [ 29.855143806911443, -1.535404179069225, 0.0 ], [ 29.855168350363311, -1.535427437782411, 0.0 ], [ 29.855249912344107, -1.535504727731246, 0.0 ], [ 29.855272966203188, -1.535534103140674, 0.0 ], [ 29.855350925947377, -1.535600452607616, 0.0 ], [ 29.855742424130099, -1.535933641715179, 0.0 ], [ 29.855785254456148, -1.536618926880843, 0.0 ], [ 29.855903037201365, -1.536811662429634, 0.0 ], [ 29.856106480883483, -1.536950860311534, 0.0 ], [ 29.856349149256705, -1.537212942193737, 0.0 ], [ 29.856374171509842, -1.537239965251315, 0.0 ], [ 29.856393102289772, -1.537306223864921, 0.0 ], [ 29.856631152732319, -1.538139401705493, 0.0 ], [ 29.856920751306042, -1.539339000342241, 0.0 ], [ 29.8571206260929, -1.540010008496869, 0.0 ], [ 29.857149180704027, -1.540167052882597, 0.0 ], [ 29.85712160450062, -1.540554293327435, 0.0 ], [ 29.857263994938847, -1.54094518836207, 0.0 ], [ 29.857410205051618, -1.541335396265478, 0.0 ], [ 29.857475171364829, -1.541508778382533, 0.0 ], [ 29.857508376073319, -1.541597396873246, 0.0 ], [ 29.85752385926709, -1.541692756849306, 0.0 ], [ 29.85753574004713, -1.54176593402888, 0.0 ], [ 29.857577483139455, -1.542023032331068, 0.0 ], [ 29.857663143129255, -1.542351398864007, 0.0 ], [ 29.857948679378964, -1.542265737649506, 0.0 ], [ 29.858532006529433, -1.54359572245955, 0.0 ], [ 29.858569181236991, -1.543680481009702, 0.0 ], [ 29.859019436620745, -1.544707064305015, 0.0 ], [ 29.859741272265836, -1.546175456247194, 0.0 ], [ 29.859912593286278, -1.546528806627771, 0.0 ], [ 29.860116037299541, -1.546817910576827, 0.0 ], [ 29.860212405254252, -1.546967816086022, 0.0 ], [ 29.860555047914669, -1.547642394313688, 0.0 ], [ 29.861101133871191, -1.548541830537084, 0.0 ], [ 29.861151110708686, -1.548647042240946, 0.0 ], [ 29.861216646253897, -1.54879502553449, 0.0 ], [ 29.861216662428664, -1.54879506171359, 0.0 ], [ 29.861266474584514, -1.548889914731687, 0.0 ], [ 29.861304578159867, -1.548970133871301, 0.0 ], [ 29.8614551176783, -1.549153603448949, 0.0 ], [ 29.861633610342846, -1.549143797372346, 0.0 ], [ 29.861439566751113, -1.549170873814983, 0.0 ], [ 29.861564577901998, -1.549312798480451, 0.0 ], [ 29.861735899643552, -1.549441289662773, 0.0 ], [ 29.861896513255875, -1.54958048882605, 0.0 ], [ 29.862078542423149, -1.549751809137723, 0.0 ], [ 29.862271278522634, -1.549987376884224, 0.0 ], [ 29.862303401723583, -1.55016940420185, 0.0 ], [ 29.862410476739537, -1.55019082045624, 0.0 ], [ 29.862624628656455, -1.550330018549598, 0.0 ], [ 29.862731704667777, -1.550447801293704, 0.0 ], [ 29.862860193998362, -1.550437094644816, 0.0 ], [ 29.863320620422201, -1.550854689585929, 0.0 ], [ 29.863566894651004, -1.550983180080184, 0.0 ], [ 29.863620432643817, -1.5511973321515, 0.0 ], [ 29.86377033789163, -1.55136865387322, 0.0 ], [ 29.863866706169734, -1.551647050038857, 0.0 ], [ 29.863973782315021, -1.551764833634756, 0.0 ], [ 29.864016613186276, -1.551904031368447, 0.0 ], [ 29.864166519378685, -1.551850494864715, 0.0 ], [ 29.86433784062071, -1.551936154696352, 0.0 ], [ 29.864423500005806, -1.552139598321914, 0.0 ], [ 29.864573406121831, -1.552214551676884, 0.0 ], [ 29.864584113971045, -1.552321627574084, 0.0 ], [ 29.864723312223298, -1.552332334381628, 0.0 ], [ 29.864851803325305, -1.552578609205765, 0.0 ], [ 29.864717851657343, -1.552726339898094, 0.0 ], [ 29.864901597522998, -1.552832743164192, 0.0 ], [ 29.86493803825088, -1.552933361128278, 0.0 ], [ 29.865140908480981, -1.553092572865774, 0.0 ], [ 29.865033157888156, -1.55326235938506, 0.0 ], [ 29.865173031257285, -1.553328139121229, 0.0 ], [ 29.865226568590561, -1.553456630637444, 0.0 ], [ 29.865355059194115, -1.55354229036415, 0.0 ], [ 29.865494258616245, -1.553692196619279, 0.0 ], [ 29.865504965158735, -1.553820687195108, 0.0 ], [ 29.865547796605746, -1.553981301396463, 0.0 ], [ 29.865579918054298, -1.554323943762861, 0.0 ], [ 29.86571911733671, -1.554377481685618, 0.0 ], [ 29.86583690030168, -1.554495265889644, 0.0 ], [ 29.865911853349502, -1.55457021889556, 0.0 ], [ 29.865976099520527, -1.555234087135504, 0.0 ], [ 29.865979734026947, -1.5555469106511, 0.0 ], [ 29.866168835167116, -1.555662390335801, 0.0 ], [ 29.866243788709909, -1.555887249714406, 0.0 ], [ 29.866329449084454, -1.556122816661905, 0.0 ], [ 29.866404401979885, -1.556229892128521, 0.0 ], [ 29.866597138415372, -1.556219184851748, 0.0 ], [ 29.866757751952431, -1.556358382803356, 0.0 ], [ 29.867111102288955, -1.556754563718238, 0.0 ], [ 29.867143224636344, -1.557000837751869, 0.0 ], [ 29.867164639277274, -1.557279234484239, 0.0 ], [ 29.867261008165567, -1.557429140646083, 0.0 ], [ 29.867293130271868, -1.557579046352729, 0.0 ], [ 29.867335960992584, -1.557696829359231, 0.0 ], [ 29.867464451953929, -1.557825320154007, 0.0 ], [ 29.867464452701689, -1.557985934332033, 0.0 ], [ 29.867517989352731, -1.558071594635232, 0.0 ], [ 29.867550112591076, -1.558189378770107, 0.0 ], [ 29.86760365017075, -1.558317869338402, 0.0 ], [ 29.86760365002721, -1.558478482612057, 0.0 ], [ 29.867732141025591, -1.558564143128177, 0.0 ], [ 29.867807094097021, -1.55871404972697, 0.0 ], [ 29.867892755325457, -1.558810417131068, 0.0 ], [ 29.868042660934542, -1.558917493663604, 0.0 ], [ 29.868064076674436, -1.558992446850842, 0.0 ], [ 29.868235397054445, -1.559045984852056, 0.0 ], [ 29.868267520644281, -1.559260135498443, 0.0 ], [ 29.86822468957655, -1.559377918523681, 0.0 ], [ 29.868374595440269, -1.559452872562241, 0.0 ], [ 29.868406718148307, -1.559667023207345, 0.0 ], [ 29.868581825148265, -1.55993476522019, 0.0 ], [ 29.868582705055982, -1.559933999205661, 0.0 ], [ 29.86863612147263, -1.559887536401496, 0.0 ], [ 29.868953018505664, -1.559611883290713, 0.0 ], [ 29.869686332574425, -1.55885727340435, 0.0 ], [ 29.869737942576041, -1.558794728414133, 0.0 ], [ 29.86985730411887, -1.558650075256164, 0.0 ], [ 29.869960834184401, -1.558524610840377, 0.0 ], [ 29.87012661911956, -1.558419576399803, 0.0 ], [ 29.870244089876167, -1.558345152803946, 0.0 ], [ 29.870461526067022, -1.558207394884, 0.0 ], [ 29.870565233073204, -1.55814169022744, 0.0 ], [ 29.871265659262985, -1.557970811179923, 0.0 ], [ 29.8718481470802, -1.55790847958959, 0.0 ], [ 29.872246845896925, -1.557755133489386, 0.0 ], [ 29.872706882186925, -1.557663126379311, 0.0 ], [ 29.873128524547951, -1.557421405781473, 0.0 ], [ 29.873565617151666, -1.557387104675408, 0.0 ], [ 29.874056322625329, -1.557233759239987, 0.0 ], [ 29.874140134015892, -1.557156692387234, 0.0 ], [ 29.874340954171991, -1.556972034534407, 0.0 ], [ 29.874489916407406, -1.556835060734926, 0.0 ], [ 29.87650455324188, -1.556073598225434, 0.0 ], [ 29.876893214672929, -1.555868984492811, 0.0 ], [ 29.877379146592794, -1.555401675822087, 0.0 ], [ 29.878006648210366, -1.555014733029359, 0.0 ], [ 29.878399914296743, -1.554906480390279, 0.0 ], [ 29.878580013996888, -1.554856904283598, 0.0 ], [ 29.879195298274041, -1.554400077068581, 0.0 ], [ 29.879624804967634, -1.55396881779226, 0.0 ], [ 29.880058750559304, -1.553517393021007, 0.0 ], [ 29.88064261764768, -1.55326081175294, 0.0 ], [ 29.880964766323657, -1.553175537565019, 0.0 ], [ 29.88126751224512, -1.553074621552662, 0.0 ], [ 29.881830938003183, -1.552986089450122, 0.0 ], [ 29.882136765302985, -1.552825894835795, 0.0 ], [ 29.882365316216376, -1.552776919847139, 0.0 ], [ 29.882732601170201, -1.552620373519004, 0.0 ], [ 29.883223407688202, -1.552348525484925, 0.0 ], [ 29.884069782226376, -1.552066016300057, 0.0 ], [ 29.883938415540186, -1.551622795306113, 0.0 ], [ 29.883830506577276, -1.551527197878862, 0.0 ], [ 29.883604263897517, -1.551376369002703, 0.0 ], [ 29.883496529272218, -1.551150126280194, 0.0 ], [ 29.883410341223311, -1.55103161847473, 0.0 ], [ 29.883464209174797, -1.550870016799046, 0.0 ], [ 29.883485756672229, -1.550697641315324, 0.0 ], [ 29.88348575590198, -1.550514492621584, 0.0 ], [ 29.883593489955359, -1.550191288355103, 0.0 ], [ 29.883474982708435, -1.550072780574908, 0.0 ], [ 29.883507303329537, -1.549965045017918, 0.0 ], [ 29.883528849631666, -1.54981421718143, 0.0 ], [ 29.88360426454955, -1.549620295213803, 0.0 ], [ 29.88371199853, -1.549297091838166, 0.0 ], [ 29.883789771672589, -1.548888783349027, 0.0 ], [ 29.883843545459694, -1.548589673377069, 0.0 ], [ 29.883846411476618, -1.548573731674338, 0.0 ], [ 29.883714199419558, -1.548474572085148, 0.0 ], [ 29.883547653729163, -1.548349662668335, 0.0 ], [ 29.883692475642682, -1.548320540096106, 0.0 ], [ 29.883793033352468, -1.548324248468476, 0.0 ], [ 29.884107043934385, -1.548374111890381, 0.0 ], [ 29.884385441277423, -1.54875958358586, 0.0 ], [ 29.884653130735465, -1.549187886771261, 0.0 ], [ 29.884824451949189, -1.549487698286919, 0.0 ], [ 29.884995772954184, -1.549958832793492, 0.0 ], [ 29.885263462351052, -1.550376427211743, 0.0 ], [ 29.885424076222588, -1.550794022104337, 0.0 ], [ 29.885616811995995, -1.550954636038097, 0.0 ], [ 29.886077238734675, -1.551307986800605, 0.0 ], [ 29.886334220209793, -1.551757704832945, 0.0 ], [ 29.886444405219912, -1.551880852760142, 0.0 ], [ 29.88656594413202, -1.55201669074932, 0.0 ], [ 29.886698277074373, -1.552164592888199, 0.0 ], [ 29.886923136477428, -1.552560772837656, 0.0 ], [ 29.887277825168553, -1.553053321808895, 0.0 ], [ 29.887334136961194, -1.553121488816663, 0.0 ], [ 29.88742812206192, -1.553235260286937, 0.0 ], [ 29.887503190985505, -1.553326132741933, 0.0 ], [ 29.887735573707026, -1.553607438637978, 0.0 ], [ 29.888225445471551, -1.554049125629436, 0.0 ], [ 29.88861091792641, -1.554458690812091, 0.0 ], [ 29.888956237034627, -1.554884316867632, 0.0 ], [ 29.889301556155541, -1.55527781946944, 0.0 ], [ 29.889574599626609, -1.555631169613771, 0.0 ], [ 29.889901257336753, -1.555979604136338, 0.0 ], [ 29.890516837920174, -1.556485908560123, 0.0 ], [ 29.890510199628459, -1.556490771449413, 0.0 ], [ 29.889306662323346, -1.557371728130964, 0.0 ], [ 29.889123328506749, -1.557550061802243, 0.0 ], [ 29.88909575952583, -1.557608096282733, 0.0 ], [ 29.889092635185083, -1.557614672384218, 0.0 ], [ 29.888694995239533, -1.558451728383589, 0.0 ], [ 29.888922085561461, -1.559118624187781, 0.0 ], [ 29.888929013733666, -1.55913897019185, 0.0 ], [ 29.888958328619751, -1.559225061058487, 0.0 ], [ 29.889111593108808, -1.559555374872412, 0.0 ], [ 29.8891729768897, -1.559688215820777, 0.0 ], [ 29.889174419194852, -1.559691335350392, 0.0 ], [ 29.889291661985194, -1.559945061006038, 0.0 ], [ 29.890091662421479, -1.560928394850805, 0.0 ], [ 29.890421662038165, -1.56140672865057, 0.0 ], [ 29.89058682203477, -1.562025119854023, 0.0 ], [ 29.890586798421626, -1.5620298763633, 0.0 ], [ 29.890586788435797, -1.562031804653419, 0.0 ], [ 29.890534995425448, -1.56228839483406, 0.0 ], [ 29.890539269074715, -1.562354705825193, 0.0 ], [ 29.890582562346161, -1.563026398104213, 0.0 ], [ 29.890610207987049, -1.563137674222328, 0.0 ], [ 29.890723328745676, -1.563701728669245, 0.0 ], [ 29.890777286349145, -1.563871824454006, 0.0 ], [ 29.890777653872277, -1.563872983075634, 0.0 ], [ 29.890782605999426, -1.563888593263452, 0.0 ], [ 29.890836641131983, -1.564071646223394, 0.0 ], [ 29.890836691452463, -1.564071815358456, 0.0 ], [ 29.890857910492652, -1.564143696847901, 0.0 ], [ 29.8908580147279, -1.564144047780547, 0.0 ], [ 29.890877731345274, -1.564210843460394, 0.0 ], [ 29.890878859960324, -1.564214667540399, 0.0 ], [ 29.890896553877806, -1.564274608276315, 0.0 ], [ 29.890899599248979, -1.564283237807473, 0.0 ], [ 29.890899801435104, -1.564283809431382, 0.0 ], [ 29.890919665990459, -1.564340092678807, 0.0 ], [ 29.890924726033653, -1.5643544294043, 0.0 ], [ 29.89092474490436, -1.564354482767924, 0.0 ], [ 29.890927332886029, -1.564361814387201, 0.0 ], [ 29.891097522367904, -1.564844016228082, 0.0 ], [ 29.891176006252394, -1.565002334613995, 0.0 ], [ 29.891210327546229, -1.565414188348538, 0.0 ], [ 29.891255320685055, -1.565612178749321, 0.0 ], [ 29.891357488564669, -1.565796758211077, 0.0 ], [ 29.891350382092355, -1.565974408396507, 0.0 ], [ 29.891393476754477, -1.566319159519375, 0.0 ], [ 29.891522758588575, -1.566750097603132, 0.0 ], [ 29.891524900148841, -1.566857467866054, 0.0 ], [ 29.89153574497729, -1.56712409982945, 0.0 ], [ 29.891619719634949, -1.567504240646973, 0.0 ], [ 29.891759774117617, -1.567999819524831, 0.0 ], [ 29.891942921901318, -1.56848462590393, 0.0 ], [ 29.892029110560838, -1.568894016785487, 0.0 ], [ 29.892026701578864, -1.568936168622573, 0.0 ], [ 29.892013095054757, -1.569174270199778, 0.0 ], [ 29.892007563747242, -1.569271087827457, 0.0 ], [ 29.892007562936445, -1.56977744047437, 0.0 ], [ 29.892104524750991, -1.570100644016153, 0.0 ], [ 29.892147618274794, -1.57062854383758, 0.0 ], [ 29.892136845460868, -1.571059482755942, 0.0 ], [ 29.892082977118736, -1.571404233346416, 0.0 ], [ 29.892039884224889, -1.57179207708417, 0.0 ], [ 29.89209375134666, -1.572136828749889, 0.0 ], [ 29.892136845565688, -1.572406164881523, 0.0 ], [ 29.892255352917307, -1.572783236858968, 0.0 ], [ 29.892508509011464, -1.573188125888758, 0.0 ], [ 29.89262484694234, -1.573336013350504, 0.0 ], [ 29.892739150383839, -1.5734791586623, 0.0 ], [ 29.892738099714602, -1.573479980754341, 0.0 ], [ 29.892783252185801, -1.573537378676336, 0.0 ], [ 29.892821563484503, -1.573594079816192, 0.0 ], [ 29.892934221055441, -1.57376081222395, 0.0 ], [ 29.893033131649219, -1.573907198280995, 0.0 ], [ 29.893052589708233, -1.573935996115925, 0.0 ], [ 29.893365019243024, -1.574334614839424, 0.0 ], [ 29.893423966567223, -1.574514923895012, 0.0 ], [ 29.893524944175265, -1.574823797462935, 0.0 ], [ 29.893533790006277, -1.57485085458399, 0.0 ], [ 29.893397340710859, -1.574970248730309, 0.0 ], [ 29.893321925093012, -1.57556278990625, 0.0 ], [ 29.893289605454186, -1.576004500636089, 0.0 ], [ 29.89323573841332, -1.576306157749666, 0.0 ], [ 29.893300379714184, -1.576672455789397, 0.0 ], [ 29.893308931435076, -1.576792189324924, 0.0 ], [ 29.89331475562263, -1.576873732256397, 0.0 ], [ 29.89332192516634, -1.576974112267957, 0.0 ], [ 29.893365019297228, -1.577178808137233, 0.0 ], [ 29.893386565930506, -1.577792895615404, 0.0 ], [ 29.89327883218062, -1.5782992481112, 0.0 ], [ 29.893300379228386, -1.578622451333253, 0.0 ], [ 29.893343472033358, -1.578924108015397, 0.0 ], [ 29.893354245912342, -1.579193445169258, 0.0 ], [ 29.893363412195111, -1.579228580867909, 0.0 ], [ 29.893473328277889, -1.579566728376362, 0.0 ], [ 29.893509891510227, -1.580349600824215, 0.0 ], [ 29.893531056264347, -1.580874019142782, 0.0 ], [ 29.893531788292695, -1.580900446347205, 0.0 ], [ 29.893532799315643, -1.580936974479712, 0.0 ], [ 29.893535155626619, -1.581064279759244, 0.0 ], [ 29.893549995370158, -1.58188172825522, 0.0 ], [ 29.894011555503376, -1.583273026263438, 0.0 ], [ 29.894012052432959, -1.583274524060572, 0.0 ], [ 29.894014995370394, -1.583283394167148, 0.0 ], [ 29.894017316145071, -1.583296825390328, 0.0 ], [ 29.894053497953696, -1.583506169771025, 0.0 ], [ 29.894094995495145, -1.583740061236329, 0.0 ], [ 29.894511662594223, -1.584875061542238, 0.0 ], [ 29.894627911266337, -1.584936572002747, 0.0 ], [ 29.894628047871944, -1.584936644365857, 0.0 ], [ 29.894730914593261, -1.584991074090011, 0.0 ], [ 29.895798328118257, -1.585441728837976, 0.0 ], [ 29.89619666216074, -1.586015061767331, 0.0 ], [ 29.896291662448856, -1.586318394259144, 0.0 ], [ 29.896369753280496, -1.586378426639877, 0.0 ], [ 29.896373103676702, -1.586381002686491, 0.0 ], [ 29.896558328116619, -1.586523394381071, 0.0 ], [ 29.89665684062788, -1.586684844828076, 0.0 ], [ 29.896658255139009, -1.586687162103851, 0.0 ], [ 29.896663388358405, -1.586695574665069, 0.0 ], [ 29.896852301104708, -1.587005183320596, 0.0 ], [ 29.896854523523391, -1.587008824753775, 0.0 ], [ 29.897038328265165, -1.587310061535709, 0.0 ], [ 29.897639995713583, -1.587931728339582, 0.0 ], [ 29.897751065515454, -1.587913216130119, 0.0 ], [ 29.897756861579158, -1.587912250464352, 0.0 ], [ 29.897769995069481, -1.587910061440786, 0.0 ], [ 29.897836662037019, -1.587988394779288, 0.0 ], [ 29.897861662299832, -1.588083394181524, 0.0 ], [ 29.897884995553227, -1.588175061501306, 0.0 ], [ 29.897918328427494, -1.588263394605157, 0.0 ], [ 29.897946662556947, -1.588350061460545, 0.0 ], [ 29.897973328451116, -1.588440061136547, 0.0 ], [ 29.897941662249597, -1.588526728628441, 0.0 ], [ 29.898004995463705, -1.58859339437267, 0.0 ], [ 29.898079994905885, -1.588650061078336, 0.0 ], [ 29.898143327883236, -1.588721728435562, 0.0 ], [ 29.898214995597591, -1.588780061875638, 0.0 ], [ 29.898511661871936, -1.589023394818813, 0.0 ], [ 29.898584995066866, -1.589080061425346, 0.0 ], [ 29.898674994875115, -1.589131728139676, 0.0 ], [ 29.898734995495911, -1.589200061507814, 0.0 ], [ 29.898811661994205, -1.589260061175218, 0.0 ], [ 29.898886662057627, -1.589323394566236, 0.0 ], [ 29.898949995415052, -1.589406728421414, 0.0 ], [ 29.900795480035729, -1.589618407652369, 0.0 ], [ 29.900931672766042, -1.58963402868285, 0.0 ], [ 29.900931708715756, -1.589634032302398, 0.0 ], [ 29.900932208308966, -1.589636346818088, 0.0 ], [ 29.900984246896272, -1.589877027511311, 0.0 ], [ 29.90104493615555, -1.590037675509735, 0.0 ], [ 29.901056053159856, -1.590067104186745, 0.0 ], [ 29.90106440147234, -1.590089201245716, 0.0 ], [ 29.901125824028735, -1.590251792039551, 0.0 ], [ 29.901128536177467, -1.590314156819684, 0.0 ], [ 29.901134153493928, -1.590443339004246, 0.0 ], [ 29.901383996550489, -1.590818104210835, 0.0 ], [ 29.901916995422958, -1.591559306140699, 0.0 ], [ 29.902133526518323, -1.591784165868384, 0.0 ], [ 29.902541603915626, -1.592208899503275, 0.0 ], [ 29.902869553380388, -1.592445063771111, 0.0 ], [ 29.902966338228584, -1.592666945711583, 0.0 ], [ 29.903491009221678, -1.593199945745261, 0.0 ], [ 29.903824133418738, -1.593641335617138, 0.0 ], [ 29.903831738281344, -1.593648940603597, 0.0 ], [ 29.903912749573582, -1.59372995071241, 0.0 ], [ 29.903999024602616, -1.593816225878076, 0.0 ], [ 29.90422466806632, -1.594071594797765, 0.0 ], [ 29.904330745029192, -1.594163040722912, 0.0 ], [ 29.904537098684479, -1.594340931574543, 0.0 ], [ 29.904657787990597, -1.594422689679944, 0.0 ], [ 29.904780973905467, -1.594507217325852, 0.0 ], [ 29.904782959180643, -1.594508579522395, 0.0 ], [ 29.904784032304608, -1.594508209651624, 0.0 ], [ 29.904787539116207, -1.594510585809245, 0.0 ], [ 29.904871076188527, -1.594567174902628, 0.0 ], [ 29.905151186326933, -1.595008886815739, 0.0 ], [ 29.905215826697635, -1.595332089274884, 0.0 ], [ 29.905205053230411, -1.595590652505423, 0.0 ], [ 29.90508616723946, -1.595791845873879, 0.0 ], [ 29.90506499823401, -1.595827669315683, 0.0 ], [ 29.904978810161026, -1.595978497091865, 0.0 ], [ 29.904953860026836, -1.596153144636531, 0.0 ], [ 29.904917312278144, -1.596408984263008, 0.0 ], [ 29.90490339604489, -1.596506397577397, 0.0 ], [ 29.90498958408622, -1.596905015122829, 0.0 ], [ 29.905021903912193, -1.597260539372482, 0.0 ], [ 29.905064998375835, -1.597626837045169, 0.0 ], [ 29.905075771379547, -1.598025455601322, 0.0 ], [ 29.905097318250956, -1.598510260755361, 0.0 ], [ 29.905108092698057, -1.598779597900555, 0.0 ], [ 29.905042165898809, -1.598951005597343, 0.0 ], [ 29.904892623614305, -1.599339817851912, 0.0 ], [ 29.904644833552254, -1.599684568758183, 0.0 ], [ 29.904461683941843, -1.600018545212905, 0.0 ], [ 29.904364723393112, -1.600223241574752, 0.0 ], [ 29.904256988684399, -1.600406389770236, 0.0 ], [ 29.904300082046603, -1.600697273367375, 0.0 ], [ 29.904386270497255, -1.601203626482724, 0.0 ], [ 29.904393152708909, -1.601251802418323, 0.0 ], [ 29.90442936428753, -1.601505282095115, 0.0 ], [ 29.904381709881502, -1.60169589845239, 0.0 ], [ 29.904375496550905, -1.601720752489612, 0.0 ], [ 29.904322757511544, -1.601861389517108, 0.0 ], [ 29.904258766483991, -1.602032033002927, 0.0 ], [ 29.904213895185972, -1.602151690737895, 0.0 ], [ 29.90400962259962, -1.602527982706957, 0.0 ], [ 29.903923543001781, -1.602753607650172, 0.0 ], [ 29.903923010874845, -1.602755004098244, 0.0 ], [ 29.903836823454061, -1.60305666174937, 0.0 ], [ 29.903782956109286, -1.603261357387633, 0.0 ], [ 29.903761409185257, -1.603573787391773, 0.0 ], [ 29.90379373045133, -1.603875444307317, 0.0 ], [ 29.903808226332785, -1.603935658853222, 0.0 ], [ 29.903933785750304, -1.604457211333584, 0.0 ], [ 29.904009199103502, -1.6047696413944, 0.0 ], [ 29.904009199418198, -1.605071298588606, 0.0 ], [ 29.904138480303587, -1.605523783697661, 0.0 ], [ 29.904213894929402, -1.605771573506179, 0.0 ], [ 29.904353950386653, -1.606084003889356, 0.0 ], [ 29.904515550933997, -1.606374887624435, 0.0 ], [ 29.904752568052356, -1.607107482783185, 0.0 ], [ 29.904789034097583, -1.607244229424087, 0.0 ], [ 29.90492494363713, -1.607753890610378, 0.0 ], [ 29.905075771404526, -1.608055547630514, 0.0 ], [ 29.905323561393132, -1.608475712216928, 0.0 ], [ 29.905454400628052, -1.60878411820188, 0.0 ], [ 29.905474389484493, -1.608831236535976, 0.0 ], [ 29.90548052635274, -1.608983899195169, 0.0 ], [ 29.905634995153669, -1.610165061291241, 0.0 ], [ 29.905493939983714, -1.610610499800898, 0.0 ], [ 29.905476662469116, -1.61066506184106, 0.0 ], [ 29.905416509710012, -1.610779354570311, 0.0 ], [ 29.90531516334946, -1.610971070038376, 0.0 ], [ 29.905208328027264, -1.610915061403751, 0.0 ], [ 29.905085377226555, -1.610914688438106, 0.0 ], [ 29.904899994989059, -1.610821728357258, 0.0 ], [ 29.904734995364034, -1.610445061779624, 0.0 ], [ 29.904638328041599, -1.610246728204143, 0.0 ], [ 29.904592617614103, -1.610065795053517, 0.0 ], [ 29.904475394087239, -1.610058004012431, 0.0 ], [ 29.904074903228295, -1.610031283876782, 0.0 ], [ 29.903658430750358, -1.610003496554572, 0.0 ], [ 29.903657665944646, -1.610002732256717, 0.0 ], [ 29.903271662160446, -1.61003339467061, 0.0 ], [ 29.902954995052724, -1.610190061272258, 0.0 ], [ 29.902761662541113, -1.610306728048292, 0.0 ], [ 29.902491662751274, -1.610380061560947, 0.0 ], [ 29.902333339202059, -1.610294418664449, 0.0 ], [ 29.900542985768404, -1.61013226654394, 0.0 ], [ 29.900457584527057, -1.610124531099909, 0.0 ], [ 29.90010803010637, -1.610092872570891, 0.0 ], [ 29.899752921893324, -1.6100140492823, 0.0 ], [ 29.899366848328253, -1.610001180606094, 0.0 ], [ 29.89881832821596, -1.609896728054258, 0.0 ], [ 29.898168417650549, -1.6098838857575, 0.0 ], [ 29.897979996308184, -1.609916571291483, 0.0 ], [ 29.897938815184432, -1.609846688596183, 0.0 ], [ 29.897866147906093, -1.60972337475693, 0.0 ], [ 29.897943740359768, -1.609413003534312, 0.0 ], [ 29.897943740438823, -1.609122119328131, 0.0 ], [ 29.897846779683928, -1.608766595434509, 0.0 ], [ 29.897588216123864, -1.608615767850637, 0.0 ], [ 29.897361973299578, -1.608615767267418, 0.0 ], [ 29.897049543593798, -1.608701954685732, 0.0 ], [ 29.896618604870874, -1.608734275037815, 0.0 ], [ 29.896431193328809, -1.608812363034651, 0.0 ], [ 29.896427001591597, -1.608811198791784, 0.0 ], [ 29.896061692637879, -1.608648838334166, 0.0 ], [ 29.895926392023689, -1.608581188390011, 0.0 ], [ 29.895885803422772, -1.608472949719452, 0.0 ], [ 29.895804622965635, -1.608391769241009, 0.0 ], [ 29.895479904090273, -1.608310589792929, 0.0 ], [ 29.895033415105406, -1.608432359238654, 0.0 ], [ 29.894641047166292, -1.608662368882012, 0.0 ], [ 29.894356917954092, -1.60882472842039, 0.0 ], [ 29.894001191962005, -1.608901397371312, 0.0 ], [ 29.893595294162246, -1.608607121056555, 0.0 ], [ 29.893353375185672, -1.608435762785381, 0.0 ], [ 29.893351342301184, -1.608433836197459, 0.0 ], [ 29.893224964654586, -1.608314110058286, 0.0 ], [ 29.892998722227947, -1.608238696755356, 0.0 ], [ 29.892794026006278, -1.608346430503743, 0.0 ], [ 29.892578557068422, -1.608389524343222, 0.0 ], [ 29.89241051963787, -1.60840392786679, 0.0 ], [ 29.89230299387253, -1.608413143040335, 0.0 ], [ 29.892201486198822, -1.608421844799673, 0.0 ], [ 29.891910601984158, -1.608529579298854, 0.0 ], [ 29.891296514884065, -1.608766595886007, 0.0 ], [ 29.890892092030732, -1.608902055518359, 0.0 ], [ 29.890677428452225, -1.60894214641459, 0.0 ], [ 29.89009854299216, -1.609408138068257, 0.0 ], [ 29.890080653006866, -1.609530386324801, 0.0 ], [ 29.8899709790782, -1.609641619717474, 0.0 ], [ 29.88977318848281, -1.60993585584734, 0.0 ], [ 29.889706594022108, -1.609940448644352, 0.0 ], [ 29.889657604257316, -1.610014390278992, 0.0 ], [ 29.889376073477543, -1.610297675229916, 0.0 ], [ 29.889360379120578, -1.610336195847855, 0.0 ], [ 29.889276040936554, -1.610416094064228, 0.0 ], [ 29.889213302178092, -1.610502897132772, 0.0 ], [ 29.889208981753665, -1.610554748170707, 0.0 ], [ 29.889102604332674, -1.610666487276617, 0.0 ], [ 29.889030629719045, -1.610674310454191, 0.0 ], [ 29.888810256583092, -1.610822140839968, 0.0 ], [ 29.888372734666145, -1.610974522197434, 0.0 ], [ 29.888230509179945, -1.611024057466386, 0.0 ], [ 29.887739956141029, -1.611158663290866, 0.0 ], [ 29.887494667738078, -1.611450354115358, 0.0 ], [ 29.887360866421954, -1.611742051111142, 0.0 ], [ 29.887352151032651, -1.611842853496859, 0.0 ], [ 29.887351605140495, -1.611849165629865, 0.0 ], [ 29.887330660682338, -1.612091397238528, 0.0 ], [ 29.8872983003155, -1.612086526777092, 0.0 ], [ 29.88727259069357, -1.612082656103952, 0.0 ], [ 29.887211661935812, -1.61202172889166, 0.0 ], [ 29.887154995328892, -1.611940061045707, 0.0 ], [ 29.887084995377101, -1.611880061291024, 0.0 ], [ 29.887056662447669, -1.611791728315056, 0.0 ], [ 29.887053327994217, -1.611695061313593, 0.0 ], [ 29.887013328034445, -1.611611728395601, 0.0 ], [ 29.886923328508985, -1.611560061131183, 0.0 ], [ 29.88683499509867, -1.611511728666908, 0.0 ], [ 29.886739995068254, -1.611538394708951, 0.0 ], [ 29.886636662110437, -1.611510061521309, 0.0 ], [ 29.886544995659904, -1.611470061565033, 0.0 ], [ 29.886551662683363, -1.611371728221473, 0.0 ], [ 29.886586662170018, -1.611288394070735, 0.0 ], [ 29.886589995426586, -1.61119506124934, 0.0 ], [ 29.886593328590433, -1.611103394426511, 0.0 ], [ 29.886651662640052, -1.611033394092232, 0.0 ], [ 29.886725378912761, -1.611011949162142, 0.0 ], [ 29.886726016271652, -1.611009401359407, 0.0 ], [ 29.88682994944508, -1.610860927071795, 0.0 ], [ 29.886839995095226, -1.610840061044685, 0.0 ], [ 29.886891887612212, -1.610772443570622, 0.0 ], [ 29.886894995734188, -1.610768394517173, 0.0 ], [ 29.886895073054891, -1.610767892551194, 0.0 ], [ 29.886902440979334, -1.610720411095277, 0.0 ], [ 29.88691541411843, -1.610564728672895, 0.0 ], [ 29.88689894495052, -1.610408269492107, 0.0 ], [ 29.886726016472846, -1.609996534753259, 0.0 ], [ 29.886231935032257, -1.609337759259402, 0.0 ], [ 29.886026067658424, -1.609115423700506, 0.0 ], [ 29.885983522153669, -1.609087059535209, 0.0 ], [ 29.885934285047068, -1.609113882781358, 0.0 ], [ 29.885317885477807, -1.609449690541843, 0.0 ], [ 29.885099995334805, -1.609568394623458, 0.0 ], [ 29.885066428488585, -1.609570607720765, 0.0 ], [ 29.885013201107306, -1.609609504231857, 0.0 ], [ 29.884856741219938, -1.609625973541246, 0.0 ], [ 29.88475270052632, -1.609591293693434, 0.0 ], [ 29.884560293153108, -1.609527157174809, 0.0 ], [ 29.884436772111794, -1.609601269888442, 0.0 ], [ 29.88433658423644, -1.609601269600595, 0.0 ], [ 29.884073073299831, -1.609447555779036, 0.0 ], [ 29.883820543753146, -1.609414616595974, 0.0 ], [ 29.883768713088724, -1.609436439833673, 0.0 ], [ 29.883583229482262, -1.609377534061932, 0.0 ], [ 29.882421661966763, -1.609375061184705, 0.0 ], [ 29.8820849957538, -1.609118394661203, 0.0 ], [ 29.881484285609861, -1.609478425124242, 0.0 ], [ 29.881006469973347, -1.609764799616732, 0.0 ], [ 29.88056666211212, -1.610028394015693, 0.0 ], [ 29.879815971000234, -1.609846098282639, 0.0 ], [ 29.879344995692026, -1.609731728730959, 0.0 ], [ 29.878552661270891, -1.609954980339927, 0.0 ], [ 29.878524577154376, -1.609951676507111, 0.0 ], [ 29.878125959577247, -1.609962449905765, 0.0 ], [ 29.877662446308094, -1.61005120737786, 0.0 ], [ 29.877619606637065, -1.610059410872076, 0.0 ], [ 29.877231762393809, -1.610221012745324, 0.0 ], [ 29.876843917480382, -1.610317974355804, 0.0 ], [ 29.876466846263174, -1.610274880555946, 0.0 ], [ 29.876229830300598, -1.61009173111827, 0.0 ], [ 29.875936851752979, -1.609890831100522, 0.0 ], [ 29.875646441614897, -1.609991425291971, 0.0 ], [ 29.874569995576902, -1.610056728114856, 0.0 ], [ 29.874024995078599, -1.610403394624139, 0.0 ], [ 29.873937408035058, -1.611641692313788, 0.0 ], [ 29.873928328096703, -1.61177006131762, 0.0 ], [ 29.873379995240782, -1.612700061797616, 0.0 ], [ 29.873241028372135, -1.612936263006437, 0.0 ], [ 29.872926832603611, -1.612579465610818, 0.0 ], [ 29.872818567278095, -1.61249618424233, 0.0 ], [ 29.872560394987534, -1.612279653405199, 0.0 ], [ 29.872202286613025, -1.61220470071689, 0.0 ], [ 29.871953741869785, -1.61206065217363, 0.0 ], [ 29.871951367441884, -1.612059275449786, 0.0 ], [ 29.871948753326411, -1.612024641162751, 0.0 ], [ 29.871549995212096, -1.612221728207404, 0.0 ], [ 29.870834995670819, -1.611641728281056, 0.0 ], [ 29.870349995531178, -1.611840061341608, 0.0 ], [ 29.869495301147932, -1.612346040070555, 0.0 ], [ 29.869414611363663, -1.612393808837929, 0.0 ], [ 29.869099995231053, -1.612580061869505, 0.0 ], [ 29.868693328305859, -1.612810061659634, 0.0 ], [ 29.867939995032103, -1.612226728089279, 0.0 ], [ 29.867246645000389, -1.612547800564003, 0.0 ], [ 29.866996973988527, -1.612688135856731, 0.0 ], [ 29.866774097487205, -1.612719140218305, 0.0 ], [ 29.866354668610253, -1.612732670262703, 0.0 ], [ 29.866223953129506, -1.612724500768425, 0.0 ], [ 29.865921710716709, -1.612705610309614, 0.0 ], [ 29.865515811675156, -1.612651490008566, 0.0 ], [ 29.865177562107608, -1.612705610598524, 0.0 ], [ 29.864866373121846, -1.612637960476509, 0.0 ], [ 29.864662296707813, -1.612534230817864, 0.0 ], [ 29.864383421767183, -1.612424045589594, 0.0 ], [ 29.864329827326902, -1.612652035798728, 0.0 ], [ 29.864264431314687, -1.612594992261638, 0.0 ], [ 29.863955454146954, -1.612325478822949, 0.0 ], [ 29.863691606363005, -1.612284611575284, 0.0 ], [ 29.863294850135169, -1.612223158174577, 0.0 ], [ 29.863117163427113, -1.61219563640788, 0.0 ], [ 29.863042916169963, -1.612184136727598, 0.0 ], [ 29.862674972347129, -1.612028201776087, 0.0 ], [ 29.862499095321958, -1.611953664049532, 0.0 ], [ 29.862376075329813, -1.611901528610459, 0.0 ], [ 29.862313883907632, -1.611811115547626, 0.0 ], [ 29.862060225026944, -1.611442343116459, 0.0 ], [ 29.861642945590667, -1.611066570802007, 0.0 ], [ 29.861423132385568, -1.610868623201982, 0.0 ], [ 29.861393404268295, -1.610841852158518, 0.0 ], [ 29.860866969438373, -1.610347332409031, 0.0 ], [ 29.860480904145614, -1.610170704750612, 0.0 ], [ 29.860342455036498, -1.610031358351033, 0.0 ], [ 29.860235236434299, -1.609923445545667, 0.0 ], [ 29.86023843953253, -1.609884792284802, 0.0 ], [ 29.860264467282697, -1.609570735556774, 0.0 ], [ 29.860264987189755, -1.60956446504038, 0.0 ], [ 29.860270362562698, -1.609499603679742, 0.0 ], [ 29.860377776323286, -1.609380715694139, 0.0 ], [ 29.860621367909594, -1.609111104132772, 0.0 ], [ 29.860621377596036, -1.608981638436759, 0.0 ], [ 29.860621391202042, -1.608767922311954, 0.0 ], [ 29.860605253746897, -1.608706440304533, 0.0 ], [ 29.860605043459806, -1.608706124636993, 0.0 ], [ 29.860516107912922, -1.6086166132387, 0.0 ], [ 29.860130036652404, -1.608545945483342, 0.0 ], [ 29.859849272529875, -1.60826336414942, 0.0 ], [ 29.859638726475985, -1.607662904201888, 0.0 ], [ 29.859393050102565, -1.607521606672307, 0.0 ], [ 29.859042628521994, -1.607393345822601, 0.0 ], [ 29.858767631192624, -1.607292691266411, 0.0 ], [ 29.858620916951665, -1.607238991091509, 0.0 ], [ 29.858576478712052, -1.607138351652378, 0.0 ], [ 29.858480548129627, -1.606921098788745, 0.0 ], [ 29.858436224452838, -1.606318369308422, 0.0 ], [ 29.858405272502061, -1.605897470484309, 0.0 ], [ 29.858375352256722, -1.605490618744224, 0.0 ], [ 29.858111527051975, -1.604693939065015, 0.0 ], [ 29.8580784881485, -1.604626770492208, 0.0 ], [ 29.8581838122109, -1.604167614795869, 0.0 ], [ 29.858191895132379, -1.604135078674406, 0.0 ], [ 29.858157381225855, -1.603926594206703, 0.0 ], [ 29.858094704064207, -1.603547982534063, 0.0 ], [ 29.858250235581416, -1.603328889451788, 0.0 ], [ 29.858350545903463, -1.603058271419527, 0.0 ], [ 29.858410630030114, -1.602876918896226, 0.0 ], [ 29.858396524754404, -1.602815385465374, 0.0 ], [ 29.858312122225712, -1.602447210541195, 0.0 ], [ 29.858289226969429, -1.602401606576709, 0.0 ], [ 29.858115914455031, -1.602192283061722, 0.0 ], [ 29.858113753137523, -1.602189673572779, 0.0 ], [ 29.857797931028649, -1.601341963894756, 0.0 ], [ 29.857789488551198, -1.601271114116793, 0.0 ], [ 29.857717309375879, -1.600665458585742, 0.0 ], [ 29.857692698741836, -1.600458948313757, 0.0 ], [ 29.857500883189196, -1.600350518489384, 0.0 ], [ 29.857537339346528, -1.600179176596963, 0.0 ], [ 29.857463185086914, -1.600051229722087, 0.0 ], [ 29.857143021970046, -1.599406730601671, 0.0 ], [ 29.857042071342317, -1.599203512603524, 0.0 ], [ 29.856868940637764, -1.598593551131656, 0.0 ], [ 29.856781163200623, -1.598284303564318, 0.0 ], [ 29.856761356897557, -1.598214524760226, 0.0 ], [ 29.856763835677409, -1.598162226016341, 0.0 ], [ 29.856783930529854, -1.597738203167607, 0.0 ], [ 29.856796507132316, -1.597472800425712, 0.0 ], [ 29.856801338693383, -1.597448499096747, 0.0 ], [ 29.856856006170638, -1.597173527508982, 0.0 ], [ 29.85682297699384, -1.597084733525886, 0.0 ], [ 29.856882159511375, -1.596826483723938, 0.0 ], [ 29.856927344932114, -1.596814695573477, 0.0 ], [ 29.856966223051792, -1.596619142630476, 0.0 ], [ 29.856972056162327, -1.596589805392841, 0.0 ], [ 29.856947759010929, -1.596296149566315, 0.0 ], [ 29.856936987517717, -1.596165958655559, 0.0 ], [ 29.857011057157305, -1.595942392831626, 0.0 ], [ 29.857077407617243, -1.5957421250968, 0.0 ], [ 29.857080913007508, -1.595712157293824, 0.0 ], [ 29.857147643991954, -1.595141684606109, 0.0 ], [ 29.856796712361906, -1.594505895897152, 0.0 ], [ 29.856793696062297, -1.59449435852119, 0.0 ], [ 29.856780571065027, -1.594489754856238, 0.0 ], [ 29.856605129764262, -1.59381865600952, 0.0 ], [ 29.856429667198778, -1.593430120009358, 0.0 ], [ 29.856183195326338, -1.593058009252808, 0.0 ], [ 29.856167426657983, -1.593034201211483, 0.0 ], [ 29.856078728690797, -1.592900291152336, 0.0 ], [ 29.8560494052075, -1.592836352614109, 0.0 ], [ 29.855814122214664, -1.592421928819588, 0.0 ], [ 29.855836802306456, -1.592367161443927, 0.0 ], [ 29.855919441570613, -1.59216760940104, 0.0 ], [ 29.855969292119489, -1.592028726461993, 0.0 ], [ 29.855990826662538, -1.591968732186345, 0.0 ], [ 29.855991252502417, -1.591958173666486, 0.0 ], [ 29.855997270064311, -1.591809168658145, 0.0 ], [ 29.856040364344754, -1.591636792551282, 0.0 ], [ 29.856115778582712, -1.591410550570665, 0.0 ], [ 29.856137325393952, -1.591238174756077, 0.0 ], [ 29.856083458066152, -1.590979611316812, 0.0 ], [ 29.856073121387912, -1.590917591546709, 0.0 ], [ 29.856008851880468, -1.590854976480174, 0.0 ], [ 29.855787188531451, -1.590688728413292, 0.0 ], [ 29.855517851204194, -1.590484032414776, 0.0 ], [ 29.855453209943907, -1.590300883059978, 0.0 ], [ 29.855248514256445, -1.590106961776868, 0.0 ], [ 29.854839123371853, -1.589945359189912, 0.0 ], [ 29.854634427634167, -1.589740663140449, 0.0 ], [ 29.854602107711862, -1.58933127240844, 0.0 ], [ 29.854634426880079, -1.589018841485285, 0.0 ], [ 29.854774482531834, -1.588727958563296, 0.0 ], [ 29.85487144330552, -1.588437074391602, 0.0 ], [ 29.854914537356922, -1.587919948181475, 0.0 ], [ 29.854839123456525, -1.58751055711407, 0.0 ], [ 29.854942315972853, -1.587014338789839, 0.0 ], [ 29.854925311600777, -1.586551719532184, 0.0 ], [ 29.855043819620537, -1.586260835045749, 0.0 ], [ 29.8552592878764, -1.585980725755618, 0.0 ], [ 29.855614811956283, -1.585452826845456, 0.0 ], [ 29.855647132928937, -1.585032661398418, 0.0 ], [ 29.855596169530372, -1.584930732629986, 0.0 ], [ 29.855485531532999, -1.584709457483617, 0.0 ], [ 29.85536069764094, -1.584776983100053, 0.0 ], [ 29.855355984684365, -1.584750274358083, 0.0 ], [ 29.855272703442783, -1.584492102274925, 0.0 ], [ 29.855164437204238, -1.584375509238584, 0.0 ], [ 29.855056172013029, -1.584192290787489, 0.0 ], [ 29.854956234197214, -1.584092353776547, 0.0 ], [ 29.854856297431947, -1.583925791351937, 0.0 ], [ 29.854878636476911, -1.583694952848278, 0.0 ], [ 29.854789279634971, -1.583504053320448, 0.0 ], [ 29.85470319642987, -1.582958858318029, 0.0 ], [ 29.854550158958013, -1.582423229481548, 0.0 ], [ 29.854291909248431, -1.582031072452075, 0.0 ], [ 29.854222595670802, -1.581848800064339, 0.0 ], [ 29.85381035648215, -1.581739344188134, 0.0 ], [ 29.85370294055339, -1.581624433430107, 0.0 ], [ 29.853702794967983, -1.58162427875883, 0.0 ], [ 29.85362245947654, -1.581477674370773, 0.0 ], [ 29.85349244069646, -1.581240402572542, 0.0 ], [ 29.853505609215478, -1.580917754523576, 0.0 ], [ 29.85350658962922, -1.580893733304597, 0.0 ], [ 29.853513987293471, -1.580712503748508, 0.0 ], [ 29.853600175219643, -1.580270791836948, 0.0 ], [ 29.853628309544884, -1.579845442730692, 0.0 ], [ 29.853629637035358, -1.579844739162637, 0.0 ], [ 29.853625387488194, -1.579836144777019, 0.0 ], [ 29.853495767493268, -1.579873178241532, 0.0 ], [ 29.853110294244889, -1.579916009127277, 0.0 ], [ 29.852596331072949, -1.57992671646485, 0.0 ], [ 29.852215927546268, -1.579957769795026, 0.0 ], [ 29.852119222378082, -1.579991406602442, 0.0 ], [ 29.851813148743105, -1.580042418249613, 0.0 ], [ 29.851727435701939, -1.580055952616959, 0.0 ], [ 29.851546989335237, -1.580140868407498, 0.0 ], [ 29.851408126745213, -1.580176391544017, 0.0 ], [ 29.851283750331813, -1.580208208373888, 0.0 ], [ 29.851086563734693, -1.58025865161437, 0.0 ], [ 29.850636844896396, -1.580312189696585, 0.0 ], [ 29.850112174720181, -1.580376434542689, 0.0 ], [ 29.849737408211155, -1.580504925104901, 0.0 ], [ 29.849244860551149, -1.580547756497367, 0.0 ], [ 29.84875231269481, -1.580419265071569, 0.0 ], [ 29.848195517910227, -1.580408557120305, 0.0 ], [ 29.847716071729277, -1.58038287251573, 0.0 ], [ 29.847642891388293, -1.580399504470169, 0.0 ], [ 29.847260298026153, -1.580399504235737, 0.0 ], [ 29.846979829287989, -1.580378729056053, 0.0 ], [ 29.846915965064795, -1.580373998571141, 0.0 ], [ 29.846597138510688, -1.580310233807335, 0.0 ], [ 29.846326322068517, -1.580280142521038, 0.0 ], [ 29.846252805621827, -1.580271974388524, 0.0 ], [ 29.845793694323167, -1.580284727256999, 0.0 ], [ 29.845690942422905, -1.580292786366499, 0.0 ], [ 29.845465086554007, -1.580419265808856, 0.0 ], [ 29.845058197923528, -1.580365727160974, 0.0 ], [ 29.845034227477107, -1.580367274684064, 0.0 ], [ 29.844691107607655, -1.580466486021586, 0.0 ], [ 29.844705507718373, -1.580435885050227, 0.0 ], [ 29.844705517718729, -1.580398050112146, 0.0 ], [ 29.84458004022817, -1.580357897574916, 0.0 ], [ 29.844512780024768, -1.580336374748041, 0.0 ], [ 29.84432621163198, -1.580282367756454, 0.0 ], [ 29.8441266392981, -1.580205113602224, 0.0 ], [ 29.844031683293725, -1.580198331198733, 0.0 ], [ 29.84382682709807, -1.580183698902343, 0.0 ], [ 29.843672236235555, -1.580210092609978, 0.0 ], [ 29.843580031499496, -1.580236436766239, 0.0 ], [ 29.843510050909465, -1.58023778271077, 0.0 ], [ 29.843189339119846, -1.580243949334031, 0.0 ], [ 29.843040224394294, -1.580232904622091, 0.0 ], [ 29.842847157513312, -1.580211452670691, 0.0 ], [ 29.84259525801577, -1.580060312617646, 0.0 ], [ 29.842461911888758, -1.579963571565239, 0.0 ], [ 29.842263521151867, -1.579819640403738, 0.0 ], [ 29.841920879473442, -1.579359215007792, 0.0 ], [ 29.841835218437186, -1.579005865331724, 0.0 ], [ 29.841867341055011, -1.578556147428169, 0.0 ], [ 29.841824511582551, -1.578341995817788, 0.0 ], [ 29.841621067618433, -1.578052891026608, 0.0 ], [ 29.841566268727721, -1.578005399608212, 0.0 ], [ 29.841438418407495, -1.578017653238409, 0.0 ], [ 29.841438418183138, -1.577961275279868, 0.0 ], [ 29.841379236464693, -1.577945134455847, 0.0 ], [ 29.841356708186485, -1.57792743445855, 0.0 ], [ 29.841303913040612, -1.577885952350641, 0.0 ], [ 29.841292438984084, -1.577860135766467, 0.0 ], [ 29.841349084288559, -1.577736113850966, 0.0 ], [ 29.841347915419899, -1.577730936692043, 0.0 ], [ 29.841272996430344, -1.577399081166837, 0.0 ], [ 29.841288228573347, -1.577276527612377, 0.0 ], [ 29.841244632426331, -1.577206319083595, 0.0 ], [ 29.841212124479622, -1.577153966143936, 0.0 ], [ 29.841154237611832, -1.576939710263527, 0.0 ], [ 29.84116648494641, -1.576770978904251, 0.0 ], [ 29.841076319325687, -1.576634848705716, 0.0 ], [ 29.841075159185646, -1.576633097602279, 0.0 ], [ 29.841070109167745, -1.576633097214421, 0.0 ], [ 29.840892486764833, -1.576633083564564, 0.0 ], [ 29.84066415600828, -1.57651051037047, 0.0 ], [ 29.840618909236262, -1.576341489688824, 0.0 ], [ 29.840603293464966, -1.576142840617534, 0.0 ], [ 29.840662752882448, -1.575768130847397, 0.0 ], [ 29.84063688131787, -1.575537627177717, 0.0 ], [ 29.840622456959736, -1.575283938824718, 0.0 ], [ 29.840513428027133, -1.575085703130704, 0.0 ], [ 29.840534843109776, -1.574850136374356, 0.0 ], [ 29.840552753987751, -1.574662074654941, 0.0 ], [ 29.840556258270038, -1.574625277394902, 0.0 ], [ 29.840459890061748, -1.574164851796956, 0.0 ], [ 29.840403529381092, -1.574127925113951, 0.0 ], [ 29.84014937072217, -1.573961407221595, 0.0 ], [ 29.839785312949083, -1.573790086324279, 0.0 ], [ 29.839806728656029, -1.573511689372513, 0.0 ], [ 29.839863617400603, -1.573388430863647, 0.0 ], [ 29.839862018082137, -1.573382720045827, 0.0 ], [ 29.839759794614118, -1.573183653662452, 0.0 ], [ 29.839630669394207, -1.57300610657203, 0.0 ], [ 29.839512304373553, -1.572833939069337, 0.0 ], [ 29.839469263020906, -1.572785517842998, 0.0 ], [ 29.839393940087334, -1.572699434648159, 0.0 ], [ 29.839259434896881, -1.572559549305439, 0.0 ], [ 29.839103409261778, -1.572457325372959, 0.0 ], [ 29.838898961305524, -1.572333580817754, 0.0 ], [ 29.838716033914121, -1.572182934163165, 0.0 ], [ 29.838646091507265, -1.572123752405218, 0.0 ], [ 29.838527727119846, -1.572026908315377, 0.0 ], [ 29.838393222659164, -1.571913924871193, 0.0 ], [ 29.838317899245268, -1.571811700839113, 0.0 ], [ 29.838290998141208, -1.571661054544321, 0.0 ], [ 29.838301758012495, -1.571553450315596, 0.0 ], [ 29.838204914127722, -1.571349003725718, 0.0 ], [ 29.838199534265414, -1.571209117533777, 0.0 ], [ 29.838183394509652, -1.571036951606151, 0.0 ], [ 29.838221054963512, -1.570934727329865, 0.0 ], [ 29.838242576636492, -1.570741039342358, 0.0 ], [ 29.838226435036312, -1.570359045657646, 0.0 ], [ 29.838226435053123, -1.570230243007374, 0.0 ], [ 29.837910979098996, -1.56993017545098, 0.0 ], [ 29.837817147988691, -1.569840921579308, 0.0 ], [ 29.837752977034402, -1.569751082127639, 0.0 ], [ 29.837661514763596, -1.569664998530582, 0.0 ], [ 29.837656360601539, -1.569663809681416, 0.0 ], [ 29.837591570943157, -1.569648858592561, 0.0 ], [ 29.837527009099013, -1.569686519344258, 0.0 ], [ 29.837419405312012, -1.569708040444595, 0.0 ], [ 29.837370983468169, -1.569681139234219, 0.0 ], [ 29.837333321445534, -1.569605816450581, 0.0 ], [ 29.837252618522665, -1.569535873580122, 0.0 ], [ 29.837188056361409, -1.569449790262138, 0.0 ], [ 29.837188056666069, -1.569399365396999, 0.0 ], [ 29.837188056311373, -1.569369087143067, 0.0 ], [ 29.837148280466792, -1.56931707366253, 0.0 ], [ 29.837118112940555, -1.569277624641359, 0.0 ], [ 29.837127975265233, -1.569248037255104, 0.0 ], [ 29.837145014765213, -1.569196920012056, 0.0 ], [ 29.837148320657775, -1.569064688858375, 0.0 ], [ 29.837150394167914, -1.568981712115667, 0.0 ], [ 29.837159327950836, -1.568977245739514, 0.0 ], [ 29.837182675322918, -1.56896557202992, 0.0 ], [ 29.837231097296048, -1.568944051732942, 0.0 ], [ 29.837301040752525, -1.568906389600489, 0.0 ], [ 29.837419405617563, -1.568901009243848, 0.0 ], [ 29.837532389265562, -1.568890249699017, 0.0 ], [ 29.837623852122974, -1.568863348566924, 0.0 ], [ 29.837683035003295, -1.568825686484808, 0.0 ], [ 29.83775835724504, -1.568766504284776, 0.0 ], [ 29.837785258681073, -1.568562056484344, 0.0 ], [ 29.837801399341096, -1.568395270024241, 0.0 ], [ 29.837828299874566, -1.568260765108613, 0.0 ], [ 29.837879002429236, -1.568162529566779, 0.0 ], [ 29.837932902219855, -1.568093657224708, 0.0 ], [ 29.838014861368517, -1.567978915196357, 0.0 ], [ 29.838247956401052, -1.56771198415551, 0.0 ], [ 29.838324461605225, -1.567613962245353, 0.0 ], [ 29.838404036099785, -1.567526155422607, 0.0 ], [ 29.838566347684864, -1.567304045165628, 0.0 ], [ 29.83859308786819, -1.567267453211617, 0.0 ], [ 29.838607479928871, -1.567247758130262, 0.0 ], [ 29.838661018552873, -1.567012192070379, 0.0 ], [ 29.838645076926216, -1.566951615327923, 0.0 ], [ 29.83860893311136, -1.566814271866069, 0.0 ], [ 29.838516966073584, -1.566818870192737, 0.0 ], [ 29.838452404632417, -1.566899573737588, 0.0 ], [ 29.838438263191925, -1.566909214072197, 0.0 ], [ 29.838334039494402, -1.56698027672055, 0.0 ], [ 29.838271149570982, -1.567015652092173, 0.0 ], [ 29.838247956703544, -1.567028698783442, 0.0 ], [ 29.838227662359799, -1.567028698111067, 0.0 ], [ 29.838188391218296, -1.567028698677025, 0.0 ], [ 29.83806139301139, -1.567001484770622, 0.0 ], [ 29.83787150288271, -1.566942111876396, 0.0 ], [ 29.837764390201812, -1.566679991357793, 0.0 ], [ 29.837748327125006, -1.566644714767327, 0.0 ], [ 29.837709528991535, -1.56655951079343, 0.0 ], [ 29.837669640603725, -1.566358713567339, 0.0 ], [ 29.837669653737489, -1.566188037618699, 0.0 ], [ 29.837700810516768, -1.565926682181246, 0.0 ], [ 29.837741592529156, -1.56580825945422, 0.0 ], [ 29.837746453073692, -1.565794145898337, 0.0 ], [ 29.837770960578226, -1.565748631385696, 0.0 ], [ 29.837924090413086, -1.565645913214359, 0.0 ], [ 29.838058772882015, -1.565600744623559, 0.0 ], [ 29.838238249305615, -1.565589180705165, 0.0 ], [ 29.838447850568485, -1.5655756754447, 0.0 ], [ 29.838920324626887, -1.56536118472606, 0.0 ], [ 29.838939414413328, -1.565352518861305, 0.0 ], [ 29.839142857950584, -1.565191904330665, 0.0 ], [ 29.839287765034442, -1.565185317548836, 0.0 ], [ 29.839378425205947, -1.565181196629154, 0.0 ], [ 29.839502568745864, -1.565151986139256, 0.0 ], [ 29.839603768628947, -1.565156386840621, 0.0 ], [ 29.83971362545936, -1.565156386246674, 0.0 ], [ 29.839742483571456, -1.565159781055988, 0.0 ], [ 29.83992451149253, -1.56515978147618, 0.0 ], [ 29.839947397884302, -1.565146430844199, 0.0 ], [ 29.840040640334568, -1.565092039880212, 0.0 ], [ 29.840053002077202, -1.565084828747617, 0.0 ], [ 29.840059345933767, -1.565077074483466, 0.0 ], [ 29.840149370627408, -1.564967045144846, 0.0 ], [ 29.84015224962312, -1.564962438099271, 0.0 ], [ 29.840202908439391, -1.564881384304225, 0.0 ], [ 29.840256445892095, -1.564752893250079, 0.0 ], [ 29.840281135704561, -1.564672653275881, 0.0 ], [ 29.84028844421233, -1.564648900275352, 0.0 ], [ 29.840299276625014, -1.56461369540358, 0.0 ], [ 29.84035281388498, -1.564463789691563, 0.0 ], [ 29.840363522041613, -1.564324590287326, 0.0 ], [ 29.84035281416314, -1.564281760160102, 0.0 ], [ 29.840353828270615, -1.564277325721228, 0.0 ], [ 29.840349223185452, -1.564265045656145, 0.0 ], [ 29.840331399484651, -1.564217515463904, 0.0 ], [ 29.840292205002466, -1.564119528008568, 0.0 ], [ 29.840288569410856, -1.564110439820354, 0.0 ], [ 29.840448208964471, -1.564049793314415, 0.0 ], [ 29.84032497510762, -1.563994575374902, 0.0 ], [ 29.840353343706219, -1.563720301387265, 0.0 ], [ 29.840353292481108, -1.563720265205373, 0.0 ], [ 29.840351652378896, -1.563719107384343, 0.0 ], [ 29.840337951908634, -1.563709437769386, 0.0 ], [ 29.840241454442737, -1.56367892600999, 0.0 ], [ 29.840198983997222, -1.563594008504562, 0.0 ], [ 29.840153959069799, -1.563382129591347, 0.0 ], [ 29.840185662338492, -1.563221934092774, 0.0 ], [ 29.840205404604369, -1.563141636757541, 0.0 ], [ 29.840243776156363, -1.562985567866633, 0.0 ], [ 29.840263737668266, -1.562870112780833, 0.0 ], [ 29.840198903616955, -1.5627195115283, 0.0 ], [ 29.840109122226178, -1.56264420650912, 0.0 ], [ 29.839954493138169, -1.562599016498177, 0.0 ], [ 29.839925318328159, -1.562588737904959, 0.0 ], [ 29.839854734575656, -1.562563869172135, 0.0 ], [ 29.839803765169059, -1.562533943355386, 0.0 ], [ 29.839641538719636, -1.562280471561293, 0.0 ], [ 29.839641501873356, -1.562280448042757, 0.0 ], [ 29.839014367166076, -1.561883263213487, 0.0 ], [ 29.838382621310902, -1.561497791388565, 0.0 ], [ 29.838072101168912, -1.561283639819119, 0.0 ], [ 29.83789030929282, -1.560952136826102, 0.0 ], [ 29.837890072060475, -1.560951704480837, 0.0 ], [ 29.837775279938384, -1.560783342241093, 0.0 ], [ 29.837704555486681, -1.56076613954749, 0.0 ], [ 29.837623852004306, -1.560637014064314, 0.0 ], [ 29.837609431577828, -1.560616985718102, 0.0 ], [ 29.837527009504342, -1.560502509467816, 0.0 ], [ 29.837442677116105, -1.560418177464912, 0.0 ], [ 29.837386816518531, -1.560287835612964, 0.0 ], [ 29.837418694024073, -1.560247988045598, 0.0 ], [ 29.837447200958284, -1.560212354045964, 0.0 ], [ 29.837472477537148, -1.560180759066348, 0.0 ], [ 29.837515307579565, -1.560062976836383, 0.0 ], [ 29.837535751232263, -1.560048823789458, 0.0 ], [ 29.837612560080615, -1.559995648122202, 0.0 ], [ 29.83761309245671, -1.559991389110645, 0.0 ], [ 29.837609314964421, -1.559946067755321, 0.0 ], [ 29.837607712202338, -1.559926827275779, 0.0 ], [ 29.837522414666697, -1.559841529250662, 0.0 ], [ 29.837518490508884, -1.559821910530903, 0.0 ], [ 29.83751530752124, -1.559805994685116, 0.0 ], [ 29.837476313009798, -1.559657816592342, 0.0 ], [ 29.83746176947151, -1.559602550882263, 0.0 ], [ 29.837414706526658, -1.559613411472718, 0.0 ], [ 29.837322571362925, -1.559634673344738, 0.0 ], [ 29.836990636160344, -1.559613258177548, 0.0 ], [ 29.836830021935807, -1.559613258317551, 0.0 ], [ 29.836797063472421, -1.559580299415286, 0.0 ], [ 29.836776484091505, -1.559559720678915, 0.0 ], [ 29.836663850254876, -1.5595510554013, 0.0 ], [ 29.836637286586587, -1.559549012888969, 0.0 ], [ 29.836512143048616, -1.559566890410133, 0.0 ], [ 29.836487380009032, -1.559570427585546, 0.0 ], [ 29.836461608230952, -1.559601926642288, 0.0 ], [ 29.836391012448111, -1.559688211029868, 0.0 ], [ 29.836331306672921, -1.559645564279118, 0.0 ], [ 29.836316462467785, -1.559690098210233, 0.0 ], [ 29.836305701935121, -1.559760040255635, 0.0 ], [ 29.836284902283818, -1.559833586650707, 0.0 ], [ 29.836237308283387, -1.559843105873306, 0.0 ], [ 29.836124535721044, -1.559850080294764, 0.0 ], [ 29.835993964559066, -1.559811997259725, 0.0 ], [ 29.835945228210267, -1.559706238874771, 0.0 ], [ 29.835853765293187, -1.559657816519456, 0.0 ], [ 29.835864324664801, -1.559620853402881, 0.0 ], [ 29.835848106668848, -1.559474895693508, 0.0 ], [ 29.835840271593582, -1.559404382389513, 0.0 ], [ 29.835836342381018, -1.559369016298213, 0.0 ], [ 29.835911295658082, -1.559219110583038, 0.0 ], [ 29.836018371202574, -1.559176280632528, 0.0 ], [ 29.836104032021598, -1.559037082620067, 0.0 ], [ 29.836189692757614, -1.558887176825269, 0.0 ], [ 29.836328891328463, -1.558930006163977, 0.0 ], [ 29.83635030605771, -1.558758685206772, 0.0 ], [ 29.836435966255877, -1.558533826763925, 0.0 ], [ 29.836382429042203, -1.558169768089883, 0.0 ], [ 29.836264645276906, -1.558094815292694, 0.0 ], [ 29.835943418743284, -1.558212598311615, 0.0 ], [ 29.835697144042229, -1.558244721325036, 0.0 ], [ 29.835440162171633, -1.557902079407329, 0.0 ], [ 29.835343794504865, -1.557570144308348, 0.0 ], [ 29.835151057396793, -1.557473776339431, 0.0 ], [ 29.83505468898667, -1.557302454270126, 0.0 ], [ 29.835221188709355, -1.557234341526602, 0.0 ], [ 29.835290256589712, -1.557206086530021, 0.0 ], [ 29.835290256207003, -1.557118393823746, 0.0 ], [ 29.835290256339473, -1.557024058840593, 0.0 ], [ 29.835022567182591, -1.556970520602412, 0.0 ], [ 29.83480841562519, -1.556799198293203, 0.0 ], [ 29.834776292012055, -1.556606462107299, 0.0 ], [ 29.834637094142227, -1.556499386022967, 0.0 ], [ 29.834444358764159, -1.556520802642062, 0.0 ], [ 29.834294452146885, -1.556499386096034, 0.0 ], [ 29.834026762625378, -1.556520802175932, 0.0 ], [ 29.834026761934442, -1.556713538535465, 0.0 ], [ 29.834198083306262, -1.556852736007709, 0.0 ], [ 29.834080300094083, -1.557002642792088, 0.0 ], [ 29.833844733306069, -1.556927689588605, 0.0 ], [ 29.833684120024987, -1.557056180111302, 0.0 ], [ 29.833587751905956, -1.557238209177808, 0.0 ], [ 29.83335218561011, -1.557088303294383, 0.0 ], [ 29.8333414777562, -1.556852736794904, 0.0 ], [ 29.833223694012595, -1.556745661421418, 0.0 ], [ 29.833138033157994, -1.556552924583024, 0.0 ], [ 29.833127326223043, -1.556317358084199, 0.0 ], [ 29.833084496020163, -1.556092499517251, 0.0 ], [ 29.832881052587958, -1.555996130511379, 0.0 ], [ 29.832617772197793, -1.555996130312125, 0.0 ], [ 29.832543841424247, -1.55590886584948, 0.0 ], [ 29.832484871297329, -1.555771271783017, 0.0 ], [ 29.832516993937194, -1.555460752468479, 0.0 ], [ 29.832602655088259, -1.555203770877083, 0.0 ], [ 29.832399211200087, -1.55481829731534, 0.0 ], [ 29.832227890218679, -1.554700514371101, 0.0 ], [ 29.831975988403222, -1.554637539116219, 0.0 ], [ 29.831928078062571, -1.554625561274943, 0.0 ], [ 29.831923882028743, -1.554623844294064, 0.0 ], [ 29.831692511529429, -1.55452919321847, 0.0 ], [ 29.831199961880138, -1.554154428558769, 0.0 ], [ 29.830996519239573, -1.553768955800599, 0.0 ], [ 29.830911639239741, -1.553174801757883, 0.0 ], [ 29.830873092305346, -1.553033373536809, 0.0 ], [ 29.830857320528484, -1.552976594558312, 0.0 ], [ 29.830910858757434, -1.552783858010372, 0.0 ], [ 29.831039349364836, -1.55263395225779, 0.0 ], [ 29.831082179571716, -1.552323432025782, 0.0 ], [ 29.830889443230269, -1.552045035171786, 0.0 ], [ 29.830675291743521, -1.552109281767479, 0.0 ], [ 29.830503969944747, -1.551937960743105, 0.0 ], [ 29.830246988693087, -1.551798761544416, 0.0 ], [ 29.829925761566411, -1.551584610838644, 0.0 ], [ 29.829754440257176, -1.551509657022601, 0.0 ], [ 29.829722317309429, -1.551359751002805, 0.0 ], [ 29.829668779722134, -1.551274090801019, 0.0 ], [ 29.829636657172308, -1.55099569329357, 0.0 ], [ 29.829679487649937, -1.550717296428493, 0.0 ], [ 29.829550995905954, -1.550567390743666, 0.0 ], [ 29.829465335756062, -1.550417484906658, 0.0 ], [ 29.829497458357608, -1.550256870889815, 0.0 ], [ 29.82942250497544, -1.550160502079637, 0.0 ], [ 29.829336845664098, -1.549989181594959, 0.0 ], [ 29.829390382291642, -1.549839275281239, 0.0 ], [ 29.829465335420931, -1.549646539601233, 0.0 ], [ 29.82950127068105, -1.549583653441717, 0.0 ], [ 29.829515024935272, -1.549559582638575, 0.0 ], [ 29.829555218959339, -1.549489241447363, 0.0 ], [ 29.829579600354126, -1.549446576027086, 0.0 ], [ 29.829612041948838, -1.549533718721202, 0.0 ], [ 29.829600935484688, -1.549556070381394, 0.0 ], [ 29.829610532196508, -1.549588576160072, 0.0 ], [ 29.829657317926053, -1.549737719107148, 0.0 ], [ 29.829685692415612, -1.549851976860506, 0.0 ], [ 29.829666764516407, -1.549928145332403, 0.0 ], [ 29.829973975479017, -1.549965045471694, 0.0 ], [ 29.830458781267311, -1.550342116024716, 0.0 ], [ 29.83086817195273, -1.550643773769811, 0.0 ], [ 29.831266790374091, -1.550891563390068, 0.0 ], [ 29.831525353494747, -1.550870016615147, 0.0 ], [ 29.831751595973149, -1.55071918885067, 0.0 ], [ 29.831870104648981, -1.550449851497002, 0.0 ], [ 29.832214855335607, -1.550342116585481, 0.0 ], [ 29.832775074984866, -1.550385210257282, 0.0 ], [ 29.832931468196154, -1.550314581563245, 0.0 ], [ 29.833045365336886, -1.550263144615423, 0.0 ], [ 29.833109052357152, -1.550234382748829, 0.0 ], [ 29.833443030085029, -1.550158968175945, 0.0 ], [ 29.833798554639653, -1.54988963133743, 0.0 ], [ 29.833895515596211, -1.549544880041554, 0.0 ], [ 29.833766232972355, -1.549264770885823, 0.0 ], [ 29.833798554587691, -1.549060075722001, 0.0 ], [ 29.834277680344734, -1.548890384487869, 0.0 ], [ 29.834668638986972, -1.548756599194711, 0.0 ], [ 29.834789712459262, -1.54871532419164, 0.0 ], [ 29.835199103930883, -1.548639910697531, 0.0 ], [ 29.835218647556108, -1.548629596074998, 0.0 ], [ 29.83543429700152, -1.548515780721769, 0.0 ], [ 29.835586948466961, -1.548435214325411, 0.0 ], [ 29.836039434440373, -1.548176651174447, 0.0 ], [ 29.836955178374364, -1.547681072080384, 0.0 ], [ 29.837095233271704, -1.547422509805711, 0.0 ], [ 29.837292074158061, -1.547376732721147, 0.0 ], [ 29.837341222896537, -1.547328834147408, 0.0 ], [ 29.83740666226814, -1.547265061024026, 0.0 ], [ 29.837408708628754, -1.547265595711569, 0.0 ], [ 29.837785567946224, -1.547363872391149, 0.0 ], [ 29.837957110554434, -1.547400962591881, 0.0 ], [ 29.838425117944826, -1.547653513626461, 0.0 ], [ 29.838501067178029, -1.547694498252906, 0.0 ], [ 29.838658455754747, -1.547779429087006, 0.0 ], [ 29.839206831440578, -1.548230518254699, 0.0 ], [ 29.83932533902184, -1.548510628135987, 0.0 ], [ 29.839799371721686, -1.54890924618811, 0.0 ], [ 29.840079481725873, -1.54900620730246, 0.0 ], [ 29.840211147379655, -1.548991159111875, 0.0 ], [ 29.840456553404177, -1.548963113544233, 0.0 ], [ 29.840501970388708, -1.548930082860869, 0.0 ], [ 29.840930585248906, -1.548618363191796, 0.0 ], [ 29.841001617417557, -1.548529572387092, 0.0 ], [ 29.84110294761027, -1.548402909124906, 0.0 ], [ 29.84127533600142, -1.54818742429055, 0.0 ], [ 29.841458484141473, -1.547799580150608, 0.0 ], [ 29.841738594098405, -1.547605657310887, 0.0 ], [ 29.841986384078659, -1.547422509430564, 0.0 ], [ 29.842212627110694, -1.547153172164165, 0.0 ], [ 29.842438868911163, -1.546948476803238, 0.0 ], [ 29.842880581258655, -1.546733007387784, 0.0 ], [ 29.842909323339683, -1.546697799294442, 0.0 ], [ 29.842985542250403, -1.546604431371541, 0.0 ], [ 29.843242352292787, -1.546289838476467, 0.0 ], [ 29.844599061724406, -1.545839971365071, 0.0 ], [ 29.844775803281898, -1.545781366064376, 0.0 ], [ 29.844799609327275, -1.545773472871259, 0.0 ], [ 29.844796250247718, -1.545768504480517, 0.0 ], [ 29.844794361327196, -1.545765709591161, 0.0 ], [ 29.844303908917002, -1.545040249427739, 0.0 ], [ 29.84430390976107, -1.544954588067291, 0.0 ], [ 29.844261078869874, -1.544847513408917, 0.0 ], [ 29.844207541642835, -1.544676192166107, 0.0 ], [ 29.844228956091683, -1.544397795906509, 0.0 ], [ 29.843897021456698, -1.544065860881991, 0.0 ], [ 29.843490133083183, -1.543059348033619, 0.0 ], [ 29.843447302952125, -1.542352648374865, 0.0 ], [ 29.84350129993711, -1.541900427393857, 0.0 ], [ 29.843498619701727, -1.541706775415487, 0.0 ], [ 29.843550934265107, -1.541672770156513, 0.0 ], [ 29.843688591294445, -1.541583293145084, 0.0 ], [ 29.843817872628964, -1.541475558278196, 0.0 ], [ 29.843796325338918, -1.541270862474624, 0.0 ], [ 29.843807099202337, -1.54092611226358, 0.0 ], [ 29.843871740328083, -1.540452079420324, 0.0 ], [ 29.84388194590159, -1.540135693618727, 0.0 ], [ 29.843882513378027, -1.540118102108296, 0.0 ], [ 29.843893033396562, -1.540062498202792, 0.0 ], [ 29.843957927358861, -1.539719484897693, 0.0 ], [ 29.844011795609632, -1.539600976067746, 0.0 ], [ 29.844025594555095, -1.539564753861073, 0.0 ], [ 29.84404274399861, -1.53954013689879, 0.0 ], [ 29.844047766592254, -1.539532928801932, 0.0 ], [ 29.84423872220092, -1.539258830277931, 0.0 ], [ 29.844281131022619, -1.539223905343605, 0.0 ], [ 29.844421185960552, -1.539105397402713, 0.0 ], [ 29.844507373955469, -1.538976115309456, 0.0 ], [ 29.844582788581061, -1.538814513708866, 0.0 ], [ 29.844625881917732, -1.538609817214182, 0.0 ], [ 29.844582788735675, -1.538340481498953, 0.0 ], [ 29.844466871571925, -1.538039837429049, 0.0 ], [ 29.844549235328675, -1.537812821081411, 0.0 ], [ 29.844545735357038, -1.537805140235243, 0.0 ], [ 29.844346497543231, -1.537666479768338, 0.0 ], [ 29.844360763983389, -1.537491278895279, 0.0 ], [ 29.844807418180928, -1.537061803656238, 0.0 ], [ 29.844833328314579, -1.537050061266631, 0.0 ], [ 29.84631332807626, -1.536513394080458, 0.0 ], [ 29.846835278715833, -1.536320499013833, 0.0 ], [ 29.847003328121016, -1.536258394396149, 0.0 ], [ 29.847946662383293, -1.535715061236747, 0.0 ], [ 29.848039995560026, -1.535665061767905, 0.0 ], [ 29.848129995168378, -1.535643394863393, 0.0 ], [ 29.84813647802865, -1.535638090726348, 0.0 ], [ 29.848291684085474, -1.535532380629871, 0.0 ], [ 29.848364995083454, -1.535488394309286, 0.0 ], [ 29.848433327971993, -1.5354200616397, 0.0 ], [ 29.848508328008968, -1.535358394336484, 0.0 ], [ 29.848598328070363, -1.535330061612177, 0.0 ], [ 29.848681662382912, -1.535275061598458, 0.0 ], [ 29.849264126943886, -1.534763952027469, 0.0 ], [ 29.849266662395078, -1.534761728164072, 0.0 ], [ 29.849209414357706, -1.534663770331786, 0.0 ], [ 29.849191662228222, -1.534633394014985, 0.0 ], [ 29.849729995178357, -1.534051728604809, 0.0 ], [ 29.850051662656874, -1.53377339406705, 0.0 ], [ 29.850133328267209, -1.533830061825365, 0.0 ], [ 29.850231662039743, -1.533828394614214, 0.0 ], [ 29.850273328317094, -1.533741728596587, 0.0 ], [ 29.850321662092416, -1.533656728139925, 0.0 ], [ 29.850381661912639, -1.533588394808263, 0.0 ], [ 29.850443328190536, -1.533516728692226, 0.0 ], [ 29.850841560469426, -1.533183960530841, 0.0 ], [ 29.851083328196736, -1.532990061500384, 0.0 ], [ 29.851173328319234, -1.532985061663562, 0.0 ], [ 29.851241662722781, -1.5329183948831, 0.0 ], [ 29.851319994918413, -1.532871728004862, 0.0 ], [ 29.85140666206367, -1.53283506130856, 0.0 ], [ 29.851486662050551, -1.532791728344003, 0.0 ], [ 29.85150999542283, -1.53280672847251, 0.0 ], [ 29.852168748337046, -1.532441051670458, 0.0 ], [ 29.852172240901414, -1.532439111866856, 0.0 ], [ 29.852174367081957, -1.532455053857279, 0.0 ], [ 29.85226728260605, -1.532686572477099, 0.0 ], [ 29.85228387740095, -1.532714230817696, 0.0 ] ] ] } },
{ "type": "Feature", "properties": { "sector": "Rugarama", "district": "Burera", "province": "North", "Area_m2_gis": 32884585.582710341, "Perimeter_m_gis": 35904.06058523016 }, "geometry": { "type": "Polygon", "coordinates": [ [ [ 29.734706214865071, -1.397592316901926, 0.0 ], [ 29.734910911719638, -1.397753918315344, 0.0 ], [ 29.735244888506855, -1.397904746169399, 0.0 ], [ 29.735417263966838, -1.397947840808889, 0.0 ], [ 29.735454174583136, -1.398069116573309, 0.0 ], [ 29.735492677942354, -1.398195630158294, 0.0 ], [ 29.735481904674781, -1.398357232424481, 0.0 ], [ 29.735384943252647, -1.398432646698912, 0.0 ], [ 29.735267150469124, -1.398671892449162, 0.0 ], [ 29.735269136470052, -1.398824619033014, 0.0 ], [ 29.735228927731683, -1.398936206676461, 0.0 ], [ 29.735024232153151, -1.399194769615433, 0.0 ], [ 29.735101474663882, -1.399292257643372, 0.0 ], [ 29.735164257963227, -1.399371497758022, 0.0 ], [ 29.73524534947574, -1.399404670246639, 0.0 ], [ 29.735399825040091, -1.399467865065001, 0.0 ], [ 29.73556043863994, -1.399682017837864, 0.0 ], [ 29.735721051963168, -1.399971121043236, 0.0 ], [ 29.735999449359095, -1.400035367281596, 0.0 ], [ 29.736106524960981, -1.400324471642046, 0.0 ], [ 29.736299261056779, -1.400517208057285, 0.0 ], [ 29.73648129016458, -1.400431547881685, 0.0 ], [ 29.736577658550999, -1.400613576506079, 0.0 ], [ 29.736984546157771, -1.400570746374794, 0.0 ], [ 29.737402141438302, -1.400720652785683, 0.0 ], [ 29.737712661129574, -1.400838435659475, 0.0 ], [ 29.737714808256538, -1.400941494691789, 0.0 ], [ 29.737714982567976, -1.400949837311793, 0.0 ], [ 29.737723369047437, -1.401352399474416, 0.0 ], [ 29.737744524988919, -1.40141232224125, 0.0 ], [ 29.737768479384059, -1.401480170070124, 0.0 ], [ 29.737851563884576, -1.401468144884213, 0.0 ], [ 29.738056761534931, -1.401438442496398, 0.0 ], [ 29.738489107656036, -1.401572667336751, 0.0 ], [ 29.738605297159605, -1.401608739707409, 0.0 ], [ 29.73867634299587, -1.401630796246519, 0.0 ], [ 29.738740588709494, -1.401919900269675, 0.0 ], [ 29.738954740272067, -1.402348203453538, 0.0 ], [ 29.738729881222515, -1.402583770762875, 0.0 ], [ 29.739008277478852, -1.402840751239645, 0.0 ], [ 29.739201014160763, -1.402894289782289, 0.0 ], [ 29.739629317330152, -1.403054903012531, 0.0 ], [ 29.739993373885657, -1.403194101678601, 0.0 ], [ 29.74037884705632, -1.403279762248686, 0.0 ], [ 29.740678659365191, -1.403204809069148, 0.0 ], [ 29.740957056668815, -1.402744383446206, 0.0 ], [ 29.741471020044933, -1.402648015021758, 0.0 ], [ 29.741770831931042, -1.40269084577472, 0.0 ], [ 29.742252673083172, -1.402680138136961, 0.0 ], [ 29.742338310408641, -1.402457480432711, 0.0 ], [ 29.742359748726958, -1.402401741844329, 0.0 ], [ 29.743627158740338, -1.402766608521098, 0.0 ], [ 29.743694344418223, -1.402743765114439, 0.0 ], [ 29.743944469716894, -1.402658723247375, 0.0 ], [ 29.744394187657367, -1.402487401110582, 0.0 ], [ 29.744772999465788, -1.402454636662726, 0.0 ], [ 29.745175839944153, -1.402594477351671, 0.0 ], [ 29.745668852524759, -1.402491767311744, 0.0 ], [ 29.746176613119697, -1.40268868349301, 0.0 ], [ 29.746840380752634, -1.40294610046383, 0.0 ], [ 29.746918133507545, -1.402976253195596, 0.0 ], [ 29.747188864371211, -1.402797921448005, 0.0 ], [ 29.747880573377977, -1.402518733566385, 0.0 ], [ 29.747938395503528, -1.402658723604714, 0.0 ], [ 29.74790627199819, -1.402808629280572, 0.0 ], [ 29.748034762927162, -1.403044195231709, 0.0 ], [ 29.748355990042821, -1.403333300817374, 0.0 ], [ 29.748612972299739, -1.403558159357863, 0.0 ], [ 29.749420352077355, -1.403574868449467, 0.0 ], [ 29.749505367454578, -1.403592365073076, 0.0 ], [ 29.749511662460197, -1.40359366182234, 0.0 ], [ 29.749513237020654, -1.403592716846209, 0.0 ], [ 29.74955528461382, -1.403567488244605, 0.0 ], [ 29.749638232130138, -1.403517720102673, 0.0 ], [ 29.749821381726004, -1.403399212201078, 0.0 ], [ 29.750036850212158, -1.40326993038058, 0.0 ], [ 29.750198452090078, -1.403129875320857, 0.0 ], [ 29.750222721980201, -1.403099132196718, 0.0 ], [ 29.750234429552645, -1.403084303256083, 0.0 ], [ 29.750313474688738, -1.403046326829892, 0.0 ], [ 29.750317149287579, -1.403046694429516, 0.0 ], [ 29.750600031422721, -1.403100206483462, 0.0 ], [ 29.750867721261997, -1.403089499410933, 0.0 ], [ 29.751199656346863, -1.403132329718283, 0.0 ], [ 29.751403099938447, -1.40323940531754, 0.0 ], [ 29.751735034284589, -1.403485679814189, 0.0 ], [ 29.75216333773168, -1.403571340378088, 0.0 ], [ 29.752424594175384, -1.40351728777929, 0.0 ], [ 29.752695771866509, -1.403420473093076, 0.0 ], [ 29.752681479515726, -1.403428941709232, 0.0 ], [ 29.752680564866015, -1.403469900353575, 0.0 ], [ 29.752706860526821, -1.403454322260091, 0.0 ], [ 29.752755811131184, -1.403425322788519, 0.0 ], [ 29.752778894999672, -1.403417965766632, 0.0 ], [ 29.7529512716618, -1.403407192244028, 0.0 ], [ 29.753002395394702, -1.40329955774675, 0.0 ], [ 29.753003869529998, -1.403296453844619, 0.0 ], [ 29.753017632919729, -1.403267475047371, 0.0 ], [ 29.753291599110646, -1.403239405713276, 0.0 ], [ 29.75358070310569, -1.403410726703114, 0.0 ], [ 29.753794855420576, -1.403731953471632, 0.0 ], [ 29.754048993750121, -1.40381364101127, 0.0 ], [ 29.754142230679413, -1.403843610654793, 0.0 ], [ 29.754394479210447, -1.40392469017309, 0.0 ], [ 29.754694290890431, -1.403967520235413, 0.0 ], [ 29.754989886014801, -1.404304170907313, 0.0 ], [ 29.755032976384392, -1.404353244369097, 0.0 ], [ 29.755079763425112, -1.404406530225923, 0.0 ], [ 29.755475944522136, -1.404535021413686, 0.0 ], [ 29.755700803685762, -1.404866956028798, 0.0 ], [ 29.756118397886702, -1.404652805353213, 0.0 ], [ 29.756675192054932, -1.404556436219084, 0.0 ], [ 29.756846513291784, -1.404802711366838, 0.0 ], [ 29.757231986165969, -1.404834833313016, 0.0 ], [ 29.757317647593567, -1.405081108524925, 0.0 ], [ 29.757189156354013, -1.405455873214515, 0.0 ], [ 29.757339061949246, -1.405777100282318, 0.0 ], [ 29.757135618204046, -1.405927006346408, 0.0 ], [ 29.757264109223311, -1.406355309480514, 0.0 ], [ 29.757280138413325, -1.406523617759303, 0.0 ], [ 29.757291351485694, -1.406641353419774, 0.0 ], [ 29.757371184145608, -1.407479604406177, 0.0 ], [ 29.758087497371573, -1.407944239098153, 0.0 ], [ 29.758117079497342, -1.407963428206755, 0.0 ], [ 29.758163545541709, -1.407993568304814, 0.0 ], [ 29.75886665255231, -1.408534419126015, 0.0 ], [ 29.758951515941831, -1.408599699142564, 0.0 ], [ 29.759039305164556, -1.408667229723879, 0.0 ], [ 29.759137934155657, -1.408743098617103, 0.0 ], [ 29.759716143519213, -1.409139278188187, 0.0 ], [ 29.760123128583256, -1.409663530326996, 0.0 ], [ 29.760154836383713, -1.409864345147136, 0.0 ], [ 29.760258016643444, -1.410024846247441, 0.0 ], [ 29.760298024347026, -1.41008708173638, 0.0 ], [ 29.760320431752977, -1.410121936902522, 0.0 ], [ 29.760486025609559, -1.41032433028323, 0.0 ], [ 29.760743616926483, -1.410545123286356, 0.0 ], [ 29.761240401715032, -1.410673919876601, 0.0 ], [ 29.761516392629915, -1.410857913686498, 0.0 ], [ 29.761586136298845, -1.410974152208722, 0.0 ], [ 29.762157260185024, -1.410888484872845, 0.0 ], [ 29.766995266718865, -1.413941035308357, 0.0 ], [ 29.772582011124911, -1.417425551479987, 0.0 ], [ 29.774310803985756, -1.418611210590878, 0.0 ], [ 29.774276665163551, -1.418816043750833, 0.0 ], [ 29.774179533224221, -1.419463593147247, 0.0 ], [ 29.774156582470642, -1.419616603474629, 0.0 ], [ 29.774110159383572, -1.41992608810842, 0.0 ], [ 29.774105446392603, -1.419957506334556, 0.0 ], [ 29.774023673582281, -1.420502660216056, 0.0 ], [ 29.773703216573228, -1.421733890679821, 0.0 ], [ 29.773551420749708, -1.422712127631621, 0.0 ], [ 29.773551419919031, -1.423116915698166, 0.0 ], [ 29.773467090085031, -1.423403640647645, 0.0 ], [ 29.773163499519654, -1.42455053919289, 0.0 ], [ 29.773028569345509, -1.425832368044811, 0.0 ], [ 29.772956095200097, -1.426122265110468, 0.0 ], [ 29.772943100664424, -1.426174243303157, 0.0 ], [ 29.772924181539796, -1.426249919231809, 0.0 ], [ 29.772920535985222, -1.426264499462446, 0.0 ], [ 29.772775577710856, -1.426844337886982, 0.0 ], [ 29.77275871119204, -1.427569583426924, 0.0 ], [ 29.772568828689362, -1.428379747462724, 0.0 ], [ 29.772558944505743, -1.428421919038452, 0.0 ], [ 29.772505717889725, -1.428649017692919, 0.0 ], [ 29.772218993685517, -1.429542924712055, 0.0 ], [ 29.772075631400877, -1.430473478804501, 0.0 ], [ 29.772023768612751, -1.431640389407854, 0.0 ], [ 29.771969019897416, -1.432872221813756, 0.0 ], [ 29.772053485468987, -1.432892332512291, 0.0 ], [ 29.771692254233983, -1.433707869659046, 0.0 ], [ 29.771752223738318, -1.435386989698589, 0.0 ], [ 29.771602302687466, -1.436826235608054, 0.0 ], [ 29.771568329758715, -1.437045171671688, 0.0 ], [ 29.771560585379248, -1.43709507918134, 0.0 ], [ 29.771332443393842, -1.438565324288242, 0.0 ], [ 29.771122553244933, -1.439944601877963, 0.0 ], [ 29.771182522586294, -1.440814146834355, 0.0 ], [ 29.771002616123312, -1.441773643714128, 0.0 ], [ 29.770955385949609, -1.443166916773983, 0.0 ], [ 29.770951341630415, -1.443286235520827, 0.0 ], [ 29.770942647288432, -1.443542716785237, 0.0 ], [ 29.770926834024937, -1.444001304124186, 0.0 ], [ 29.770926094961933, -1.444022723160439, 0.0 ], [ 29.770882679351811, -1.445281805589613, 0.0 ], [ 29.770972631372484, -1.446391224631901, 0.0 ], [ 29.770997175222472, -1.446391854810229, 0.0 ], [ 29.771014543112624, -1.44639229975257, 0.0 ], [ 29.770966588528669, -1.446983743441858, 0.0 ], [ 29.771031383125226, -1.448295836517099, 0.0 ], [ 29.770979502138985, -1.448295955151873, 0.0 ], [ 29.771013490547567, -1.44904573962403, 0.0 ], [ 29.771014783585429, -1.449074255155922, 0.0 ], [ 29.771209319915414, -1.453365748604098, 0.0 ], [ 29.771210163706353, -1.453384347734722, 0.0 ], [ 29.771252586306677, -1.454320189523806, 0.0 ], [ 29.771126318359482, -1.455835409049205, 0.0 ], [ 29.771116064523596, -1.455958456180684, 0.0 ], [ 29.769819103674795, -1.456299761902984, 0.0 ], [ 29.767771269339924, -1.455071061536617, 0.0 ], [ 29.767688796092301, -1.454982979792073, 0.0 ], [ 29.767427371118981, -1.454904551642836, 0.0 ], [ 29.767234395626968, -1.454684007648041, 0.0 ], [ 29.766986283242844, -1.4546288721445, 0.0 ], [ 29.7666830350061, -1.454518600341903, 0.0 ], [ 29.766352219293587, -1.454298056417273, 0.0 ], [ 29.766159243064198, -1.454077512353986, 0.0 ], [ 29.766021403984485, -1.45366399228135, 0.0 ], [ 29.766048971038856, -1.453333176664035, 0.0 ], [ 29.765911132051631, -1.453085064480623, 0.0 ], [ 29.765387340439375, -1.452836952700044, 0.0 ], [ 29.764835980425175, -1.452836952003546, 0.0 ], [ 29.764450028161701, -1.453085064507794, 0.0 ], [ 29.764119212489966, -1.453388312350372, 0.0 ], [ 29.763760828899319, -1.453801832752301, 0.0 ], [ 29.763788396888135, -1.454105080234839, 0.0 ], [ 29.76378839776082, -1.454546168768352, 0.0 ], [ 29.763705693341596, -1.455014823345209, 0.0 ], [ 29.763636853151581, -1.455014823324544, 0.0 ], [ 29.763579746196623, -1.455014823634573, 0.0 ], [ 29.763430013550341, -1.455014823216182, 0.0 ], [ 29.763319741452975, -1.454987255812457, 0.0 ], [ 29.76301649342928, -1.454876983535664, 0.0 ], [ 29.762713244930261, -1.454573736757183, 0.0 ], [ 29.758996258054957, -1.452692435446531, 0.0 ], [ 29.758956521276801, -1.452672323537262, 0.0 ], [ 29.759359688470546, -1.452413145297594, 0.0 ], [ 29.759330889899037, -1.452211561081571, 0.0 ], [ 29.759098974502841, -1.451389313358789, 0.0 ], [ 29.75909358801702, -1.451370218116295, 0.0 ], [ 29.759014116700957, -1.451088452040175, 0.0 ], [ 29.758726138943668, -1.449850153122012, 0.0 ], [ 29.758726139598355, -1.448451156874172, 0.0 ], [ 29.758726139375163, -1.448436273309831, 0.0 ], [ 29.758726139498339, -1.447602169637273, 0.0 ], [ 29.758655591298051, -1.44756689501774, 0.0 ], [ 29.758882372264697, -1.447129531883975, 0.0 ], [ 29.759400730169002, -1.445380074630184, 0.0 ], [ 29.760000081161895, -1.444602537230447, 0.0 ], [ 29.754443934146721, -1.443031265740643, 0.0 ], [ 29.750912621344078, -1.441459993107992, 0.0 ], [ 29.749389945107257, -1.440714853160647, 0.0 ], [ 29.745162090554835, -1.438868204232169, 0.0 ], [ 29.742738549038183, -1.438013320413593, 0.0 ], [ 29.742735403520893, -1.438006609074709, 0.0 ], [ 29.742675222024115, -1.437884305905102, 0.0 ], [ 29.742597627537485, -1.437812187509731, 0.0 ], [ 29.742364438893269, -1.437579000545005, 0.0 ], [ 29.742064626888332, -1.437345813229325, 0.0 ], [ 29.741698190193052, -1.437012689797385, 0.0 ], [ 29.74149831648797, -1.436796158299268, 0.0 ], [ 29.741489248272575, -1.436777232660528, 0.0 ], [ 29.741476368329245, -1.436762227356643, 0.0 ], [ 29.741427502900535, -1.436705297835806, 0.0 ], [ 29.741313636630512, -1.436572640779267, 0.0 ], [ 29.741076640469263, -1.435829093105924, 0.0 ], [ 29.741073857352713, -1.435820363086246, 0.0 ], [ 29.74106716547621, -1.435799367443345, 0.0 ], [ 29.741035196472339, -1.43569906809233, 0.0 ], [ 29.741022780252894, -1.435660114042868, 0.0 ], [ 29.740915160539522, -1.435177973839818, 0.0 ], [ 29.740584936458571, -1.434653501032425, 0.0 ], [ 29.740527893872667, -1.434590087509416, 0.0 ], [ 29.740540149981985, -1.434582370375068, 0.0 ], [ 29.740491778433661, -1.434505545827516, 0.0 ], [ 29.740068397269113, -1.434169330689572, 0.0 ], [ 29.739707278215771, -1.433745949510388, 0.0 ], [ 29.739458231178617, -1.433434639131003, 0.0 ], [ 29.739129268304008, -1.433253319049727, 0.0 ], [ 29.738988908344677, -1.43311396238248, 0.0 ], [ 29.738974957085283, -1.433100110114986, 0.0 ], [ 29.73885128456001, -1.432977320262273, 0.0 ], [ 29.738492261223339, -1.432620861783891, 0.0 ], [ 29.738013754130691, -1.432127139133644, 0.0 ], [ 29.737883915259744, -1.431582758807943, 0.0 ], [ 29.737889230246022, -1.430931710248147, 0.0 ], [ 29.737503205901806, -1.430147210177576, 0.0 ], [ 29.737417923029039, -1.430151918849777, 0.0 ], [ 29.737053236459371, -1.429807002129686, 0.0 ], [ 29.737019498493567, -1.429775093050311, 0.0 ], [ 29.737005480695156, -1.429761835893199, 0.0 ], [ 29.736933844356638, -1.429694083823581, 0.0 ], [ 29.736780968603977, -1.429549495234266, 0.0 ], [ 29.736394944672238, -1.42878990077208, 0.0 ], [ 29.736130934735051, -1.428399999467085, 0.0 ], [ 29.736042748442237, -1.42826976100752, 0.0 ], [ 29.735925837328963, -1.42809710258168, 0.0 ], [ 29.735790481174039, -1.427828241672788, 0.0 ], [ 29.735721523687435, -1.42769126731886, 0.0 ], [ 29.735695382736985, -1.427639343747954, 0.0 ], [ 29.735684042634141, -1.427645052195052, 0.0 ], [ 29.735935779608521, -1.426794981130402, 0.0 ], [ 29.736709235700708, -1.426729310870104, 0.0 ], [ 29.736514137286505, -1.426304886775059, 0.0 ], [ 29.736494727176005, -1.426262664156843, 0.0 ], [ 29.736293319915557, -1.425824513477054, 0.0 ], [ 29.736040051166835, -1.425332028629831, 0.0 ], [ 29.736002694717179, -1.425154581325094, 0.0 ], [ 29.736209729334277, -1.424976981305544, 0.0 ], [ 29.736201057270623, -1.424889054717885, 0.0 ], [ 29.736197736914438, -1.424855387286965, 0.0 ], [ 29.736189480456716, -1.424771671841608, 0.0 ], [ 29.736320229233705, -1.424556868629494, 0.0 ], [ 29.736136439194695, -1.424478264784508, 0.0 ], [ 29.735569550516942, -1.42411186043232, 0.0 ], [ 29.735567151244979, -1.424110279186135, 0.0 ], [ 29.735514281237837, -1.424073319283801, 0.0 ], [ 29.735459160560179, -1.424055629217729, 0.0 ], [ 29.735228504761501, -1.423741937562883, 0.0 ], [ 29.734114916466662, -1.423891843293355, 0.0 ], [ 29.733697368529185, -1.423682289274286, 0.0 ], [ 29.733568148997353, -1.42377309133218, 0.0 ], [ 29.733429631055468, -1.423870428719149, 0.0 ], [ 29.733290432900223, -1.424170240379875, 0.0 ], [ 29.732776469084786, -1.424641373408987, 0.0 ], [ 29.732198260300567, -1.424930478431545, 0.0 ], [ 29.731511853597766, -1.424455099880273, 0.0 ], [ 29.73092405927537, -1.424180947193062, 0.0 ], [ 29.730845041478137, -1.423967134517292, 0.0 ], [ 29.730799023307824, -1.423842615171024, 0.0 ], [ 29.730742030425038, -1.423688399820604, 0.0 ], [ 29.730485047903297, -1.42336717251024, 0.0 ], [ 29.72990683948716, -1.422596226737572, 0.0 ], [ 29.730131698458852, -1.422457028492221, 0.0 ], [ 29.729821179115845, -1.422125093463188, 0.0 ], [ 29.729396512538891, -1.421840072035145, 0.0 ], [ 29.729331946536377, -1.421872354885236, 0.0 ], [ 29.729296574626186, -1.42189004073568, 0.0 ], [ 29.729146668254533, -1.421906697375634, 0.0 ], [ 29.729063387471633, -1.421923353734643, 0.0 ], [ 29.728946794013194, -1.421823415163284, 0.0 ], [ 29.728844093723083, -1.421810578009998, 0.0 ], [ 29.72881354388743, -1.421806759453927, 0.0 ], [ 29.728680294369273, -1.421823415319205, 0.0 ], [ 29.728647197248748, -1.421846583263696, 0.0 ], [ 29.728513732065903, -1.421940009214616, 0.0 ], [ 29.728230576458973, -1.422139884063862, 0.0 ], [ 29.728180607543749, -1.422356415625819, 0.0 ], [ 29.728026636666783, -1.422616937865239, 0.0 ], [ 29.728011808368187, -1.42264202719407, 0.0 ], [ 29.728021272437772, -1.422648209287467, 0.0 ], [ 29.728020894609649, -1.422651511367989, 0.0 ], [ 29.728017888178957, -1.422677771545188, 0.0 ], [ 29.728004204507521, -1.422797313008999, 0.0 ], [ 29.728014045745141, -1.42328916352667, 0.0 ], [ 29.728070567650562, -1.423411627439111, 0.0 ], [ 29.728113982183906, -1.423505694774243, 0.0 ], [ 29.728180607486046, -1.423638944475791, 0.0 ], [ 29.728163951610679, -1.423922100425994, 0.0 ], [ 29.728234277381709, -1.424119013482082, 0.0 ], [ 29.7282437022448, -1.424145404469717, 0.0 ], [ 29.728277844111499, -1.424241159302064, 0.0 ], [ 29.728290819604332, -1.424275386814448, 0.0 ], [ 29.728344686240547, -1.424426214682591, 0.0 ], [ 29.728377006003573, -1.424533949565105, 0.0 ], [ 29.728377005950406, -1.424695551112872, 0.0 ], [ 29.728226178735657, -1.424792512231979, 0.0 ], [ 29.728021481886636, -1.424986434196281, 0.0 ], [ 29.727913747683051, -1.425137263668721, 0.0 ], [ 29.727967615170751, -1.425341958422792, 0.0 ], [ 29.72796761507821, -1.425503560868354, 0.0 ], [ 29.727913747163356, -1.425708256381081, 0.0 ], [ 29.727784466495109, -1.425934499437531, 0.0 ], [ 29.727687505087491, -1.426149968069756, 0.0 ], [ 29.727612090943094, -1.42634389088164, 0.0 ], [ 29.727612091342923, -1.426516266153749, 0.0 ], [ 29.727536676691486, -1.426645547441054, 0.0 ], [ 29.727515128892502, -1.426839469426547, 0.0 ], [ 29.727428942373383, -1.426979524064266, 0.0 ], [ 29.727256566187023, -1.427141126741, 0.0 ], [ 29.727105737920851, -1.427184220870032, 0.0 ], [ 29.726836401604668, -1.427388916822332, 0.0 ], [ 29.726556290988608, -1.42751819800474, 0.0 ], [ 29.726286955126962, -1.42760438549396, 0.0 ], [ 29.726028392152923, -1.427701346165917, 0.0 ], [ 29.725845243248845, -1.427765987412932, 0.0 ], [ 29.72568364169933, -1.427884495384567, 0.0 ], [ 29.725640547631709, -1.428013777745808, 0.0 ], [ 29.725457397937131, -1.42809996461574, 0.0 ], [ 29.725349664478426, -1.428067644026717, 0.0 ], [ 29.72517728810173, -1.42794913663217, 0.0 ], [ 29.724972592942329, -1.427852175520278, 0.0 ], [ 29.724854084925845, -1.427755214824979, 0.0 ], [ 29.724681709367875, -1.427615159029088, 0.0 ], [ 29.724541654056523, -1.427539744099007, 0.0 ], [ 29.72430463837447, -1.427539744458609, 0.0 ], [ 29.724207677474009, -1.427604385111271, 0.0 ], [ 29.724099942257958, -1.427798307455039, 0.0 ], [ 29.723927567726786, -1.428056871616687, 0.0 ], [ 29.72376596491905, -1.42820769972515, 0.0 ], [ 29.723626173342279, -1.428467314232211, 0.0 ], [ 29.723615136998202, -1.428487809399648, 0.0 ], [ 29.723612523169098, -1.428491917066577, 0.0 ], [ 29.723640732060741, -1.428525549506141, 0.0 ], [ 29.723679776878591, -1.42868173176058, 0.0 ], [ 29.723798285199365, -1.428994162662717, 0.0 ], [ 29.723927567359745, -1.429241951561643, 0.0 ], [ 29.724132263441049, -1.429489741435854, 0.0 ], [ 29.724293865151481, -1.429597475692873, 0.0 ], [ 29.724520107367645, -1.429759077372286, 0.0 ], [ 29.724681708990559, -1.429920679375194, 0.0 ], [ 29.724712019470633, -1.429942906120787, 0.0 ], [ 29.72478759843171, -1.429998331414244, 0.0 ], [ 29.724843311274732, -1.43003918733815, 0.0 ], [ 29.724961819398111, -1.43021156329114, 0.0 ], [ 29.724940272338785, -1.430577860425438, 0.0 ], [ 29.724940272733761, -1.430717915354066, 0.0 ], [ 29.725026460757874, -1.430922611327702, 0.0 ], [ 29.725091101691802, -1.431116533681064, 0.0 ], [ 29.725166515675554, -1.431342776728005, 0.0 ], [ 29.725187558618952, -1.431398892767394, 0.0 ], [ 29.725231156495923, -1.431515152516655, 0.0 ], [ 29.725251291903042, -1.431577798530786, 0.0 ], [ 29.725328117104965, -1.431816808876333, 0.0 ], [ 29.725478945139447, -1.432193880635796, 0.0 ], [ 29.725575906560515, -1.432473990430034, 0.0 ], [ 29.725640547694887, -1.432689459347707, 0.0 ], [ 29.725662094079418, -1.432872608199635, 0.0 ], [ 29.725705188736356, -1.43303421036983, 0.0 ], [ 29.725727555985323, -1.433131137787125, 0.0 ], [ 29.725756762461824, -1.433248065090368, 0.0 ], [ 29.725821008595091, -1.434275992230449, 0.0 ], [ 29.725606856751117, -1.435079060042505, 0.0 ], [ 29.725371289941215, -1.435914251054092, 0.0 ], [ 29.725381997036642, -1.436438922893932, 0.0 ], [ 29.725341878942139, -1.436659952341066, 0.0 ], [ 29.725340694606988, -1.436666481377333, 0.0 ], [ 29.72542174627241, -1.436853524724985, 0.0 ], [ 29.725446243706049, -1.436910055423293, 0.0 ], [ 29.725307044124555, -1.437167037183791, 0.0 ], [ 29.725435535291282, -1.43791656708701, 0.0 ], [ 29.72584242348794, -1.438344870428814, 0.0 ], [ 29.726065511666388, -1.438910524782356, 0.0 ], [ 29.725845243421535, -1.439121215469843, 0.0 ], [ 29.725657655370643, -1.439235264840422, 0.0 ], [ 29.725577240457515, -1.439284154762352, 0.0 ], [ 29.725457300988641, -1.439369492594364, 0.0 ], [ 29.725306570234661, -1.439476739549189, 0.0 ], [ 29.725263476470879, -1.439562927813427, 0.0 ], [ 29.725134195177631, -1.439573700340734, 0.0 ], [ 29.725015686156301, -1.439638341026569, 0.0 ], [ 29.724843311525227, -1.439649115541806, 0.0 ], [ 29.724681709723704, -1.439649115810433, 0.0 ], [ 29.724380052724037, -1.439724529638201, 0.0 ], [ 29.724089169336452, -1.439767623535801, 0.0 ], [ 29.723916793219026, -1.439843037659528, 0.0 ], [ 29.723765965057034, -1.439907678854046, 0.0 ], [ 29.723561269020259, -1.440004639183145, 0.0 ], [ 29.723388894271174, -1.440090826087477, 0.0 ], [ 29.723205744972795, -1.440209335568432, 0.0 ], [ 29.722968728981385, -1.440327843869321, 0.0 ], [ 29.722753260574809, -1.44034939029129, 0.0 ], [ 29.722505470544995, -1.440414030370127, 0.0 ], [ 29.722311548135686, -1.440381710732431, 0.0 ], [ 29.721987926394643, -1.440390956046799, 0.0 ], [ 29.721919325491974, -1.440416726072642, 0.0 ], [ 29.721867077983383, -1.440500322793265, 0.0 ], [ 29.721826742044705, -1.440564859829124, 0.0 ], [ 29.721686687706139, -1.440661820665466, 0.0 ], [ 29.721568179049598, -1.440737234870843, 0.0 ], [ 29.72138503054515, -1.440737234048572, 0.0 ], [ 29.72113724169558, -1.440769554581075, 0.0 ], [ 29.720889451046826, -1.440801875084871, 0.0 ], [ 29.720717076709736, -1.440780328076684, 0.0 ], [ 29.720533926902185, -1.440791101818508, 0.0 ], [ 29.72028613735749, -1.440888063724512, 0.0 ], [ 29.719984479932684, -1.441038891198785, 0.0 ], [ 29.719769011066827, -1.441071211046618, 0.0 ], [ 29.719499674741666, -1.441146626347437, 0.0 ], [ 29.719316526049127, -1.441243587096124, 0.0 ], [ 29.719090283464613, -1.441308228530344, 0.0 ], [ 29.718971775242618, -1.441415962855167, 0.0 ], [ 29.718831719912966, -1.441534470031069, 0.0 ], [ 29.718637798203918, -1.441599111809426, 0.0 ], [ 29.718433102119132, -1.441803807065584, 0.0 ], [ 29.718303820078699, -1.441922315538994, 0.0 ], [ 29.718123202486797, -1.442029606128791, 0.0 ], [ 29.71786210803684, -1.442256292152942, 0.0 ], [ 29.717528131235714, -1.442428667173892, 0.0 ], [ 29.717161833285196, -1.442762645792385, 0.0 ], [ 29.716957138302075, -1.44295656714049, 0.0 ], [ 29.716644707220894, -1.443193583429115, 0.0 ], [ 29.716299956920942, -1.443409052676297, 0.0 ], [ 29.715912112330322, -1.443667615861592, 0.0 ], [ 29.71571123857456, -1.443780104207622, 0.0 ], [ 29.715634278048178, -1.44382744301635, 0.0 ], [ 29.71563212195624, -1.443828769562797, 0.0 ], [ 29.715254188985018, -1.443940979611842, 0.0 ], [ 29.715108467667299, -1.443947194661506, 0.0 ], [ 29.714903771863682, -1.443936421344795, 0.0 ], [ 29.714612888385314, -1.443861007445452, 0.0 ], [ 29.714375872109773, -1.44381791335247, 0.0 ], [ 29.714214270159577, -1.443817913720042, 0.0 ], [ 29.71388029337762, -1.4438717807661, 0.0 ], [ 29.713546316141883, -1.443893327496422, 0.0 ], [ 29.713427808464314, -1.443936421828659, 0.0 ], [ 29.713190791743958, -1.444054929829215, 0.0 ], [ 29.712727533429828, -1.44418421170269, 0.0 ], [ 29.712597825900879, -1.44423137726627, 0.0 ], [ 29.712372008520706, -1.444313492721294, 0.0 ], [ 29.711962616876658, -1.44442122750432, 0.0 ], [ 29.711628640374478, -1.444572055865776, 0.0 ], [ 29.711348530146687, -1.444690563563153, 0.0 ], [ 29.711100740444962, -1.444755204041564, 0.0 ], [ 29.710960685164697, -1.444755204206411, 0.0 ], [ 29.710745216415514, -1.444798298626575, 0.0 ], [ 29.710378918408995, -1.444959900875616, 0.0 ], [ 29.709915659614424, -1.44497067390672, 0.0 ], [ 29.709635549417154, -1.444776751660777, 0.0 ], [ 29.709387760584015, -1.444615149277955, 0.0 ], [ 29.709129197208711, -1.444399680513587, 0.0 ], [ 29.708989142715808, -1.444259625842594, 0.0 ], [ 29.708827539866451, -1.444281172349932, 0.0 ], [ 29.708719805279323, -1.444205758713853, 0.0 ], [ 29.70840737510121, -1.443893327623857, 0.0 ], [ 29.708181132394817, -1.443667084716004, 0.0 ], [ 29.707922569090172, -1.443516256351133, 0.0 ], [ 29.707642459574913, -1.443376201606713, 0.0 ], [ 29.707426989989383, -1.443279240120305, 0.0 ], [ 29.707179200723914, -1.44323614663078, 0.0 ], [ 29.706866769904458, -1.443268466174135, 0.0 ], [ 29.706500472017463, -1.443430068694954, 0.0 ], [ 29.706155721242251, -1.443580897518663, 0.0 ], [ 29.706155497420816, -1.443581294539678, 0.0 ], [ 29.706155190056261, -1.443581428357149, 0.0 ], [ 29.706262925612009, -1.443312091333727, 0.0 ], [ 29.706353496042194, -1.443038680270808, 0.0 ], [ 29.706514755464536, -1.442673764196943, 0.0 ], [ 29.706740997600122, -1.441954635333463, 0.0 ], [ 29.706991480713896, -1.441380948393463, 0.0 ], [ 29.707258122998812, -1.440847662211102, 0.0 ], [ 29.707759089651667, -1.440185094474804, 0.0 ], [ 29.708039536871386, -1.439857905195746, 0.0 ], [ 29.7080441136535, -1.439845121492454, 0.0 ], [ 29.708057919515444, -1.439806556039334, 0.0 ], [ 29.708072437088635, -1.439789491082102, 0.0 ], [ 29.708171369484575, -1.439768796618219, 0.0 ], [ 29.708154333681907, -1.439751646196216, 0.0 ], [ 29.708122697622329, -1.439730414858228, 0.0 ], [ 29.70762374099327, -1.439395549486588, 0.0 ], [ 29.707255636279431, -1.439002707189643, 0.0 ], [ 29.706609228301534, -1.43872259744279, 0.0 ], [ 29.705948908540361, -1.438502474679093, 0.0 ], [ 29.705348733599699, -1.438205471124824, 0.0 ], [ 29.704745420729676, -1.437796079246794, 0.0 ], [ 29.704379122340871, -1.437709892484264, 0.0 ], [ 29.704401067328636, -1.437651938693307, 0.0 ], [ 29.704437903908204, -1.437554658080989, 0.0 ], [ 29.70436295115924, -1.437126355186359, 0.0 ], [ 29.704223752075446, -1.436922912650356, 0.0 ], [ 29.704159507305487, -1.43656956227008, 0.0 ], [ 29.70392394044195, -1.436494609395869, 0.0 ], [ 29.703752619538495, -1.436344702010563, 0.0 ], [ 29.703966771402754, -1.436109136339126, 0.0 ], [ 29.703752619449006, -1.435905692164609, 0.0 ], [ 29.703859695117789, -1.435552342415071, 0.0 ], [ 29.703645543586273, -1.435059794242057, 0.0 ], [ 29.703377854745124, -1.435284653363235, 0.0 ], [ 29.703067334617462, -1.435081209234796, 0.0 ], [ 29.703324316748652, -1.434674321653968, 0.0 ], [ 29.703174410214302, -1.434310263269363, 0.0 ], [ 29.703174410593228, -1.434181772808011, 0.0 ], [ 29.702853183547763, -1.433924791555047, 0.0 ], [ 29.702853183106765, -1.433774885719083, 0.0 ], [ 29.702796770459567, -1.433672537120483, 0.0 ], [ 29.702732129346025, -1.433599816061971, 0.0 ], [ 29.702638623939819, -1.433477090059794, 0.0 ], [ 29.702631672578896, -1.433359675396574, 0.0 ], [ 29.702675569484171, -1.433252372706654, 0.0 ], [ 29.702651328260153, -1.433074610510143, 0.0 ], [ 29.702602848053296, -1.432896848765427, 0.0 ], [ 29.702522047255819, -1.432711006131554, 0.0 ], [ 29.702441246648899, -1.43256556401621, 0.0 ], [ 29.702336203944572, -1.432444363203126, 0.0 ], [ 29.702158442585773, -1.432420122623724, 0.0 ], [ 29.702061481544266, -1.432355481232276, 0.0 ], [ 29.701878794222466, -1.432104503630094, 0.0 ], [ 29.701568274610032, -1.432040258446678, 0.0 ], [ 29.701429076622514, -1.431922474635171, 0.0 ], [ 29.701536151579017, -1.431783276061824, 0.0 ], [ 29.701311292422712, -1.431740445690962, 0.0 ], [ 29.701182800903986, -1.431590539307172, 0.0 ], [ 29.700957941875018, -1.431644077187731, 0.0 ], [ 29.700797329424901, -1.431547709530587, 0.0 ], [ 29.700699382082647, -1.431473371445903, 0.0 ], [ 29.700611714535466, -1.431406834615183, 0.0 ], [ 29.700604707032475, -1.431411171397685, 0.0 ], [ 29.700690253749897, -1.430915962735679, 0.0 ], [ 29.700583176980476, -1.430584027563085, 0.0 ], [ 29.700176289582593, -1.430166432206387, 0.0 ], [ 29.699983553227785, -1.429995111013866, 0.0 ], [ 29.699769401580269, -1.429823790610616, 0.0 ], [ 29.699523127303458, -1.42968459173539, 0.0 ], [ 29.699351806312432, -1.429416902345399, 0.0 ], [ 29.699169777337939, -1.429234873025043, 0.0 ], [ 29.699084117705777, -1.42906355232952, 0.0 ], [ 29.698934211123436, -1.428817278407397, 0.0 ], [ 29.698752182196177, -1.428538881710311, 0.0 ], [ 29.69854873826181, -1.428099870520574, 0.0 ], [ 29.698313171575695, -1.427832181664728, 0.0 ], [ 29.698323878996323, -1.427682275488085, 0.0 ], [ 29.697884868448305, -1.427211141766917, 0.0 ], [ 29.697681424459578, -1.426932744013388, 0.0 ], [ 29.69733878201783, -1.426847084234516, 0.0 ], [ 29.697332907250896, -1.426758963711394, 0.0 ], [ 29.6973280746951, -1.426686470268267, 0.0 ], [ 29.697317367300929, -1.426258167815684, 0.0 ], [ 29.69736019757902, -1.426129676750386, 0.0 ], [ 29.697370905239982, -1.425647836897336, 0.0 ], [ 29.697445858311035, -1.425444392666127, 0.0 ], [ 29.697571386735682, -1.425288458196014, 0.0 ], [ 29.69751642699179, -1.425018755483055, 0.0 ], [ 29.69764570908567, -1.424490855400152, 0.0 ], [ 29.697839631155283, -1.424275386011003, 0.0 ], [ 29.697853942456646, -1.424019998896326, 0.0 ], [ 29.697858828185968, -1.42393281136378, 0.0 ], [ 29.697871876609437, -1.423699954627319, 0.0 ], [ 29.697756377726297, -1.423474198895625, 0.0 ], [ 29.697595763911256, -1.423227924473943, 0.0 ], [ 29.697638594328893, -1.42293881901723, 0.0 ], [ 29.697477981175716, -1.422446271467005, 0.0 ], [ 29.697167461076866, -1.422017968330231, 0.0 ], [ 29.697146046709495, -1.421921600865796, 0.0 ], [ 29.696942602558639, -1.421675325300893, 0.0 ], [ 29.696687285723833, -1.421421088307828, 0.0 ], [ 29.696683384913754, -1.421446307241607, 0.0 ], [ 29.696664518218142, -1.421453786288791, 0.0 ], [ 29.696497230873106, -1.421491681075524, 0.0 ], [ 29.696261664958602, -1.421416728684193, 0.0 ], [ 29.695822654081862, -1.421480973618676, 0.0 ], [ 29.69581194726231, -1.421138331765721, 0.0 ], [ 29.69544788898763, -1.420913472802492, 0.0 ], [ 29.695362228325312, -1.420774273319738, 0.0 ], [ 29.695062416737972, -1.420549414698494, 0.0 ], [ 29.695037099716856, -1.420520346205775, 0.0 ], [ 29.695025975897799, -1.420507576728456, 0.0 ], [ 29.69477331249384, -1.420217480651251, 0.0 ], [ 29.694655528048251, -1.420099696773489, 0.0 ], [ 29.694601991695205, -1.419949790247839, 0.0 ], [ 29.694444010221407, -1.41993241210615, 0.0 ], [ 29.694439727403491, -1.419923846476333, 0.0 ], [ 29.694377310748411, -1.419799013501811, 0.0 ], [ 29.694296509348824, -1.419556610647391, 0.0 ], [ 29.694175308340704, -1.419273807352, 0.0 ], [ 29.693968378652656, -1.419035542714447, 0.0 ], [ 29.693723970056205, -1.418900448127584, 0.0 ], [ 29.693359912234527, -1.418697004311153, 0.0 ], [ 29.693284959353321, -1.418482853359441, 0.0 ], [ 29.693038685629226, -1.418215163758255, 0.0 ], [ 29.69281382599651, -1.417840398388469, 0.0 ], [ 29.69293160892612, -1.417722615153675, 0.0 ], [ 29.692653212394308, -1.417476340228122, 0.0 ], [ 29.692696042108391, -1.417058745507979, 0.0 ], [ 29.692342692516593, -1.41681247141456, 0.0 ], [ 29.692406938334159, -1.416619735424525, 0.0 ], [ 29.69218207953412, -1.416587612184667, 0.0 ], [ 29.692107125889454, -1.416448413179434, 0.0 ], [ 29.691989342413809, -1.416223554243812, 0.0 ], [ 29.691903682382534, -1.415891619188109, 0.0 ], [ 29.691813051270934, -1.41584312901715, 0.0 ], [ 29.691724964576011, -1.415765206857839, 0.0 ], [ 29.691708025131206, -1.415639852656873, 0.0 ], [ 29.691687697747639, -1.415561929613388, 0.0 ], [ 29.691643075426661, -1.415494170143086, 0.0 ], [ 29.691596222171679, -1.415423024146051, 0.0 ], [ 29.691535239246182, -1.415406084845547, 0.0 ], [ 29.691460705752554, -1.415263790893166, 0.0 ], [ 29.691365549633794, -1.415217319723231, 0.0 ], [ 29.691287510973567, -1.415152751165744, 0.0 ], [ 29.691247263922865, -1.41509439303936, 0.0 ], [ 29.691125298088924, -1.415033410130291, 0.0 ], [ 29.691013496160426, -1.414992755893459, 0.0 ], [ 29.690955901197785, -1.414908056303653, 0.0 ], [ 29.690950316579585, -1.414896886611223, 0.0 ], [ 29.690911119137045, -1.414818492537519, 0.0 ], [ 29.690894918714207, -1.414786090570336, 0.0 ], [ 29.690905082566413, -1.414650573183774, 0.0 ], [ 29.690915246426268, -1.414548934353549, 0.0 ], [ 29.690935573709993, -1.414403253313935, 0.0 ], [ 29.690837323176282, -1.414223692297447, 0.0 ], [ 29.690823771296451, -1.414128829075393, 0.0 ], [ 29.690857651322553, -1.41397637287503, 0.0 ], [ 29.690810220257202, -1.413851018210796, 0.0 ], [ 29.690810220230411, -1.413769707142322, 0.0 ], [ 29.690783116463258, -1.41355965519291, 0.0 ], [ 29.690739073371883, -1.41344785312961, 0.0 ], [ 29.690745849188151, -1.413142938887937, 0.0 ], [ 29.690756012501556, -1.41282785918019, 0.0 ], [ 29.690739073069636, -1.41263474606267, 0.0 ], [ 29.690766176716, -1.412546660741282, 0.0 ], [ 29.690792702681382, -1.412314563888811, 0.0 ], [ 29.690796252013232, -1.412283497714447, 0.0 ], [ 29.690806832524938, -1.412190926864297, 0.0 ], [ 29.690806832428866, -1.411994425263358, 0.0 ], [ 29.690854263700668, -1.411689510123056, 0.0 ], [ 29.690867815376027, -1.411404923189266, 0.0 ], [ 29.690911858277452, -1.411218586158731, 0.0 ], [ 29.690884754501436, -1.411042413672597, 0.0 ], [ 29.690756012355585, -1.410727334373352, 0.0 ], [ 29.690762788623896, -1.410568101175542, 0.0 ], [ 29.690728908916849, -1.410351272249672, 0.0 ], [ 29.690634046895006, -1.410147996360718, 0.0 ], [ 29.69052224422849, -1.409985374644138, 0.0 ], [ 29.690621175413064, -1.409963774445025, 0.0 ], [ 29.689705590978651, -1.409648056158075, 0.0 ], [ 29.689706933519247, -1.409641724346031, 0.0 ], [ 29.690192894253379, -1.408993776375511, 0.0 ], [ 29.691010608975393, -1.407684890599465, 0.0 ], [ 29.692097664691282, -1.404346078505582, 0.0 ], [ 29.692450033280807, -1.403263801905114, 0.0 ], [ 29.692785381213103, -1.402233803253124, 0.0 ], [ 29.692790152309417, -1.40221914831456, 0.0 ], [ 29.692977943925037, -1.401642360157265, 0.0 ], [ 29.692979470458916, -1.401637672638713, 0.0 ], [ 29.693289565276078, -1.400685237177103, 0.0 ], [ 29.693331368220775, -1.400678106638787, 0.0 ], [ 29.693343865248679, -1.400675974706891, 0.0 ], [ 29.696613118366333, -1.400118314384203, 0.0 ], [ 29.696630825931049, -1.400115293141155, 0.0 ], [ 29.70171714432027, -1.399247683565593, 0.0 ], [ 29.701724014888935, -1.399230919704317, 0.0 ], [ 29.701783892127459, -1.39924131759616, 0.0 ], [ 29.701793507568556, -1.399242987521942, 0.0 ], [ 29.701839566430344, -1.399250986873073, 0.0 ], [ 29.702262137525032, -1.399528746246711, 0.0 ], [ 29.702606888052273, -1.399895044148961, 0.0 ], [ 29.703016279329667, -1.400175154200523, 0.0 ], [ 29.703143388051533, -1.400242447339892, 0.0 ], [ 29.703144109627136, -1.400242829106495, 0.0 ], [ 29.703382577336935, -1.400369076214258, 0.0 ], [ 29.703695007053309, -1.400562998566207, 0.0 ], [ 29.703867382927189, -1.400789241418072, 0.0 ], [ 29.703856609680269, -1.401047804739386, 0.0 ], [ 29.703953570002582, -1.401381781503847, 0.0 ], [ 29.70405053169571, -1.401704985456453, 0.0 ], [ 29.704578431183716, -1.401845040313662, 0.0 ], [ 29.704933955121842, -1.401920454417662, 0.0 ], [ 29.705149424669493, -1.402060509318782, 0.0 ], [ 29.70530025316144, -1.402491448226244, 0.0 ], [ 29.705397214616866, -1.402846972419964, 0.0 ], [ 29.705558816302464, -1.403019347062773, 0.0 ], [ 29.705838926659162, -1.403137855440372, 0.0 ], [ 29.706162130134803, -1.40339641854328, 0.0 ], [ 29.70653920119058, -1.403568794139427, 0.0 ], [ 29.706819311359137, -1.403913545112709, 0.0 ], [ 29.70713408531374, -1.404282841584061, 0.0 ], [ 29.707358433983018, -1.404379660591942, 0.0 ], [ 29.707703222157342, -1.404447826623752, 0.0 ], [ 29.707782089457947, -1.404456142044073, 0.0 ], [ 29.708228370993108, -1.404485809601026, 0.0 ], [ 29.708833948191305, -1.404473765158023, 0.0 ], [ 29.709340301098646, -1.404603046316247, 0.0 ], [ 29.709792786459179, -1.404710781339176, 0.0 ], [ 29.710105217464559, -1.404947797043576, 0.0 ], [ 29.710493061471897, -1.405141719091414, 0.0 ], [ 29.710816265213246, -1.40532486835627, 0.0 ], [ 29.711214883648591, -1.40542182903974, 0.0 ], [ 29.711613501654124, -1.405508017746058, 0.0 ], [ 29.712001346482371, -1.405572658508196, 0.0 ], [ 29.712399964449528, -1.405615751286058, 0.0 ], [ 29.712404274170527, -1.405617906203351, 0.0 ], [ 29.712572338918879, -1.405701939831384, 0.0 ], [ 29.712658527057755, -1.405745033648082, 0.0 ], [ 29.712900587944095, -1.405944733880278, 0.0 ], [ 29.712915726185983, -1.405957222493984, 0.0 ], [ 29.713009694352483, -1.406034746696883, 0.0 ], [ 29.713089465086547, -1.406100557508366, 0.0 ], [ 29.713269644303367, -1.406394621460007, 0.0 ], [ 29.713423442572765, -1.406628457090871, 0.0 ], [ 29.713908248222111, -1.406617683528904, 0.0 ], [ 29.714199132248904, -1.406585363845882, 0.0 ], [ 29.714446921405305, -1.406822379277334, 0.0 ], [ 29.714547342994162, -1.406914433204587, 0.0 ], [ 29.714568965113543, -1.406934253120568, 0.0 ], [ 29.7147054846839, -1.407059395113501, 0.0 ], [ 29.714899407581623, -1.407285638298803, 0.0 ], [ 29.715276478095223, -1.407511881370907, 0.0 ], [ 29.715556588196197, -1.407598068505869, 0.0 ], [ 29.715847471731028, -1.40763038919616, 0.0 ], [ 29.71622454191019, -1.407630389272871, 0.0 ], [ 29.716590840106395, -1.407695029439151, 0.0 ], [ 29.716764332324701, -1.407733583554127, 0.0 ], [ 29.716923149407961, -1.407987940567859, 0.0 ], [ 29.718271500423935, -1.408222929187066, 0.0 ], [ 29.718433867642108, -1.40823595030297, 0.0 ], [ 29.71892546663674, -1.408309168629952, 0.0 ], [ 29.719332354177958, -1.408298460516285, 0.0 ], [ 29.719749949757819, -1.408426951107204, 0.0 ], [ 29.720258746916421, -1.408535383046514, 0.0 ], [ 29.720267310068792, -1.408537208343556, 0.0 ], [ 29.720403110939007, -1.40856614975315, 0.0 ], [ 29.721002735204248, -1.408833839708071, 0.0 ], [ 29.721398915865837, -1.409090820867102, 0.0 ], [ 29.721827219756737, -1.409337095413502, 0.0 ], [ 29.722066715377689, -1.409824461074704, 0.0 ], [ 29.722098619720143, -1.410590172390804, 0.0 ], [ 29.722341181922438, -1.410514928291585, 0.0 ], [ 29.722897976351835, -1.410161578235855, 0.0 ], [ 29.722970708354676, -1.40996092885597, 0.0 ], [ 29.723032513725215, -1.410047137889547, 0.0 ], [ 29.723086114743239, -1.41012190201282, 0.0 ], [ 29.723096822189415, -1.410336054784435, 0.0 ], [ 29.723133078437215, -1.410400200470189, 0.0 ], [ 29.723315570893739, -1.410075917697255, 0.0 ], [ 29.723497600160886, -1.410043795526675, 0.0 ], [ 29.723658214365614, -1.410140163311181, 0.0 ], [ 29.72409722439744, -1.410257946266975, 0.0 ], [ 29.72452552722871, -1.410632711138331, 0.0 ], [ 29.725177288385709, -1.410765466092043, 0.0 ], [ 29.725181453240598, -1.410761717666832, 0.0 ], [ 29.725285023668157, -1.410668505316591, 0.0 ], [ 29.725374825118628, -1.410572051606675, 0.0 ], [ 29.725401894526897, -1.41054297785166, 0.0 ], [ 29.725570271100217, -1.410282516160197, 0.0 ], [ 29.725634517461973, -1.410014826447719, 0.0 ], [ 29.725773715647847, -1.409650769868777, 0.0 ], [ 29.725866789980831, -1.4095696124723, 0.0 ], [ 29.725931431506528, -1.409418783285265, 0.0 ], [ 29.726082259112644, -1.409224861205552, 0.0 ], [ 29.726211541387404, -1.409106353629898, 0.0 ], [ 29.726297728182889, -1.408987845472267, 0.0 ], [ 29.726513197943014, -1.408837016899019, 0.0 ], [ 29.726728666934356, -1.408600000204806, 0.0 ], [ 29.726868722482596, -1.40839530484897, 0.0 ], [ 29.727008776986654, -1.40833066445944, 0.0 ], [ 29.727191926205279, -1.408233702493549, 0.0 ], [ 29.727310434060406, -1.408039780108248, 0.0 ], [ 29.727406384879092, -1.407819552014416, 0.0 ], [ 29.727385848104817, -1.407630389627161, 0.0 ], [ 29.727385847990863, -1.407391471660759, 0.0 ], [ 29.72738584808647, -1.407328732178973, 0.0 ], [ 29.727392376023165, -1.407328385640157, 0.0 ], [ 29.727398612008411, -1.407272872495957, 0.0 ], [ 29.727398621004713, -1.407272789288162, 0.0 ], [ 29.727401056315848, -1.407250159477426, 0.0 ], [ 29.727450489121928, -1.406994754782346, 0.0 ], [ 29.72750435631551, -1.406542269507836, 0.0 ], [ 29.727525903362327, -1.406272933088328, 0.0 ], [ 29.72755822362419, -1.406057463009296, 0.0 ], [ 29.727578668561822, -1.405984769805027, 0.0 ], [ 29.727655184451987, -1.405712713837831, 0.0 ], [ 29.727709051939076, -1.405497243566741, 0.0 ], [ 29.727746725593171, -1.405389605560667, 0.0 ], [ 29.727784466665149, -1.405281774010071, 0.0 ], [ 29.727881426972456, -1.405033985755104, 0.0 ], [ 29.727978388705406, -1.404796968517876, 0.0 ], [ 29.72796761528604, -1.40458149970168, 0.0 ], [ 29.727935294291825, -1.404236748010042, 0.0 ], [ 29.7278275607555, -1.403902771175068, 0.0 ], [ 29.727741371864372, -1.403482606044494, 0.0 ], [ 29.727699323481723, -1.403295721239431, 0.0 ], [ 29.727644411069228, -1.403051668627394, 0.0 ], [ 29.727504356043408, -1.402642276354757, 0.0 ], [ 29.727439715253201, -1.402308299144382, 0.0 ], [ 29.727331981189639, -1.402049736677254, 0.0 ], [ 29.72726041557539, -1.401876784090453, 0.0 ], [ 29.727202698970505, -1.40173730570132, 0.0 ], [ 29.727183500170678, -1.401688855089412, 0.0 ], [ 29.727031382269828, -1.40130497848489, 0.0 ], [ 29.726835993734628, -1.401038472852721, 0.0 ], [ 29.72681336567474, -1.400997591130918, 0.0 ], [ 29.7268617711103, -1.400936188668985, 0.0 ], [ 29.72689081293224, -1.400899349542468, 0.0 ], [ 29.72708419166182, -1.400843108551538, 0.0 ], [ 29.727310434151715, -1.400929296027356, 0.0 ], [ 29.727709051879867, -1.401037030325928, 0.0 ], [ 29.728053801935406, -1.401177085822616, 0.0 ], [ 29.728366233033221, -1.401274047066779, 0.0 ], [ 29.728635569260966, -1.40141410273434, 0.0 ], [ 29.728861812200979, -1.401575704456098, 0.0 ], [ 29.729185016343692, -1.401651118475793, 0.0 ], [ 29.729497446340226, -1.401758852425684, 0.0 ], [ 29.729766783379304, -1.401791173285601, 0.0 ], [ 29.729890310756851, -1.401830701897387, 0.0 ], [ 29.730036119654144, -1.401877360110322, 0.0 ], [ 29.730283909729838, -1.401931228611437, 0.0 ], [ 29.730584114730547, -1.401949916651828, 0.0 ], [ 29.730683569459199, -1.40177893028152, 0.0 ], [ 29.730714846932539, -1.401381781491979, 0.0 ], [ 29.730736394123667, -1.400886202692668, 0.0 ], [ 29.730757941328189, -1.400272115436463, 0.0 ], [ 29.73079026214252, -1.399905817355674, 0.0 ], [ 29.730790261906293, -1.399821215620515, 0.0 ], [ 29.730790262757544, -1.399703432531347, 0.0 ], [ 29.73079026224725, -1.399550293803278, 0.0 ], [ 29.730790262071956, -1.39929173031457, 0.0 ], [ 29.730801035131435, -1.399000846841478, 0.0 ], [ 29.730984183866102, -1.398860791234599, 0.0 ], [ 29.73113501239121, -1.398774604215275, 0.0 ], [ 29.731231973115211, -1.398666869822144, 0.0 ], [ 29.731393575089413, -1.398451400010311, 0.0 ], [ 29.731253520720426, -1.398268251050019, 0.0 ], [ 29.731214751215465, -1.398200405105548, 0.0 ], [ 29.731215522359655, -1.398199586672113, 0.0 ], [ 29.731222714312892, -1.398191953084557, 0.0 ], [ 29.732021644571983, -1.397343992533734, 0.0 ], [ 29.732032031642934, -1.397332968546674, 0.0 ], [ 29.732048354183028, -1.397315643070977, 0.0 ], [ 29.732258549081163, -1.397442996705468, 0.0 ], [ 29.732363186932051, -1.397589523303074, 0.0 ], [ 29.732492468285624, -1.397740351548299, 0.0 ], [ 29.732583011477718, -1.397736711586222, 0.0 ], [ 29.732669392952722, -1.39773323846613, 0.0 ], [ 29.732862130038125, -1.397379888589407, 0.0 ], [ 29.732954831721901, -1.397345125108039, 0.0 ], [ 29.73311911116798, -1.397283520462027, 0.0 ], [ 29.733547413889042, -1.397155029705004, 0.0 ], [ 29.733890057222901, -1.397369181597498, 0.0 ], [ 29.734446851240811, -1.397561917057857, 0.0 ], [ 29.734706214865071, -1.397592316901926, 0.0 ] ] ] } },
{ "type": "Feature", "properties": { "sector": "Rugengabari", "district": "Burera", "province": "North", "Area_m2_gis": 29616275.40412819, "Perimeter_m_gis": 28724.329016455202 }, "geometry": { "type": "Polygon", "coordinates": [ [ [ 29.802277957919898, -1.517123085838131, 0.0 ], [ 29.802410340470672, -1.517188285202378, 0.0 ], [ 29.802518263518401, -1.517126250877773, 0.0 ], [ 29.803852856670691, -1.516813995603346, 0.0 ], [ 29.803996661981227, -1.516808394802995, 0.0 ], [ 29.805103343322035, -1.516785298080517, 0.0 ], [ 29.805165925162722, -1.516755349327076, 0.0 ], [ 29.805363328430101, -1.516663394754911, 0.0 ], [ 29.805574040430031, -1.516645159330565, 0.0 ], [ 29.805998328023986, -1.516575061287228, 0.0 ], [ 29.806329360667075, -1.516414154478124, 0.0 ], [ 29.806558547480943, -1.51664898527278, 0.0 ], [ 29.806948328171455, -1.516963394795679, 0.0 ], [ 29.807080031578902, -1.516986699778465, 0.0 ], [ 29.807198256891873, -1.517072060463943, 0.0 ], [ 29.808195356706374, -1.517793390296069, 0.0 ], [ 29.808263007530897, -1.517842330611364, 0.0 ], [ 29.808301366664129, -1.517870080702843, 0.0 ], [ 29.808305272192339, -1.517873258378619, 0.0 ], [ 29.80846903325908, -1.517880938178939, 0.0 ], [ 29.808780664988305, -1.517929969850465, 0.0 ], [ 29.808917008676136, -1.517900579260784, 0.0 ], [ 29.809043618983779, -1.51779278387005, 0.0 ], [ 29.809048096440034, -1.517792025435519, 0.0 ], [ 29.809200795487325, -1.517766214277474, 0.0 ], [ 29.809200852107139, -1.517766204333556, 0.0 ], [ 29.80931690189324, -1.517747573043396, 0.0 ], [ 29.809462386750056, -1.517724215899259, 0.0 ], [ 29.809805199284138, -1.517475743595774, 0.0 ], [ 29.81016658604322, -1.517148268380413, 0.0 ], [ 29.810212312582099, -1.51710683329666, 0.0 ], [ 29.810248499608786, -1.517020361257845, 0.0 ], [ 29.810290237340435, -1.516920625064814, 0.0 ], [ 29.810282721405923, -1.516755494703323, 0.0 ], [ 29.810368172366726, -1.516626609271617, 0.0 ], [ 29.810494779121527, -1.516558015290475, 0.0 ], [ 29.810522153016333, -1.516537357382658, 0.0 ], [ 29.810591790757112, -1.516484806007489, 0.0 ], [ 29.810728565416955, -1.516407221782202, 0.0 ], [ 29.81072817847544, -1.516381881811672, 0.0 ], [ 29.810796233149482, -1.516603296816119, 0.0 ], [ 29.810965858022072, -1.516603311729123, 0.0 ], [ 29.811198044999429, -1.516603331216299, 0.0 ], [ 29.811372185009745, -1.516603346493548, 0.0 ], [ 29.811662423114477, -1.516544955395391, 0.0 ], [ 29.811928180408479, -1.516443292387475, 0.0 ], [ 29.812058254407059, -1.516478211855699, 0.0 ], [ 29.812050075460032, -1.516392087729861, 0.0 ], [ 29.812079771547541, -1.516299257712199, 0.0 ], [ 29.812082350650051, -1.516291194777547, 0.0 ], [ 29.812082682364473, -1.516290158308339, 0.0 ], [ 29.812119065634032, -1.516303152082095, 0.0 ], [ 29.81239746233695, -1.516431643362344, 0.0 ], [ 29.812547368597603, -1.516410227326398, 0.0 ], [ 29.812675859491542, -1.516356690632716, 0.0 ], [ 29.81290071829995, -1.516388812701907, 0.0 ], [ 29.813104162703556, -1.516356690799637, 0.0 ], [ 29.81315769893596, -1.516410227056537, 0.0 ], [ 29.813275483149646, -1.516528011883407, 0.0 ], [ 29.8132968983554, -1.516656502442607, 0.0 ], [ 29.813403974753985, -1.516581549213516, 0.0 ], [ 29.813553880160335, -1.516538718474445, 0.0 ], [ 29.81375732441019, -1.516613671486069, 0.0 ], [ 29.813853692401217, -1.516688624260861, 0.0 ], [ 29.813821569551052, -1.516784992304943, 0.0 ], [ 29.813768031261045, -1.516881361207163, 0.0 ], [ 29.813960767383243, -1.516956314181335, 0.0 ], [ 29.813991574361911, -1.517093257624861, 0.0 ], [ 29.813886746371697, -1.517117519437222, 0.0 ], [ 29.813896522413501, -1.517256126151287, 0.0 ], [ 29.814089258650231, -1.517277541177959, 0.0 ], [ 29.814207042211809, -1.517288248274477, 0.0 ], [ 29.814281995617392, -1.517427447607991, 0.0 ], [ 29.814389070133778, -1.517427447810294, 0.0 ], [ 29.814560391877841, -1.517427447218647, 0.0 ], [ 29.814646052635364, -1.517523815484682, 0.0 ], [ 29.814785251636355, -1.517555938127685, 0.0 ], [ 29.814892326092323, -1.517620183113381, 0.0 ], [ 29.815020817698336, -1.517780797149772, 0.0 ], [ 29.815059079728019, -1.517852539513294, 0.0 ], [ 29.815106478425747, -1.5179414111141, 0.0 ], [ 29.815320629297727, -1.517962826072512, 0.0 ], [ 29.815406290044791, -1.518134147797911, 0.0 ], [ 29.815491951748463, -1.518251930672727, 0.0 ], [ 29.815524073398464, -1.518466082494333, 0.0 ], [ 29.815652564318135, -1.518476789535226, 0.0 ], [ 29.815759640612466, -1.518583865565519, 0.0 ], [ 29.81570610227358, -1.518776601734481, 0.0 ], [ 29.815566904663036, -1.519108536074826, 0.0 ], [ 29.815486286469536, -1.519330234881169, 0.0 ], [ 29.815481243505712, -1.519344103266065, 0.0 ], [ 29.815491733455943, -1.519352844760903, 0.0 ], [ 29.815521337708084, -1.519377515241842, 0.0 ], [ 29.815609734393334, -1.51945117933853, 0.0 ], [ 29.815770347991268, -1.519622500257839, 0.0 ], [ 29.815813178712833, -1.519890189132812, 0.0 ], [ 29.815818173627083, -1.519891854651726, 0.0 ], [ 29.815985211187208, -1.51994753418691, 0.0 ], [ 29.816005914290507, -1.519954435097522, 0.0 ], [ 29.816112990582514, -1.520190001645462, 0.0 ], [ 29.816109324566057, -1.520244995439061, 0.0 ], [ 29.816104917069101, -1.520311089469761, 0.0 ], [ 29.816102282287819, -1.520350615467434, 0.0 ], [ 29.816166528537817, -1.520607597501511, 0.0 ], [ 29.816198651217974, -1.52073608716158, 0.0 ], [ 29.81636997230375, -1.520800333077641, 0.0 ], [ 29.816552001551823, -1.520939531574417, 0.0 ], [ 29.816552001468992, -1.521100145412472, 0.0 ], [ 29.816701907094334, -1.521207221459774, 0.0 ], [ 29.816808982648432, -1.521357127634136, 0.0 ], [ 29.816734029664367, -1.521656939698501, 0.0 ], [ 29.816723322189389, -1.522031704406085, 0.0 ], [ 29.816616246469192, -1.522149487049209, 0.0 ], [ 29.816616246356389, -1.522352931061601, 0.0 ], [ 29.816659076304589, -1.522609913066594, 0.0 ], [ 29.816851812919172, -1.522941848716479, 0.0 ], [ 29.816948181278285, -1.523038216031387, 0.0 ], [ 29.817174217430598, -1.523175453797444, 0.0 ], [ 29.81725279842367, -1.523229200142808, 0.0 ], [ 29.817483560587899, -1.523659255420974, 0.0 ], [ 29.817504975155426, -1.523841284820741, 0.0 ], [ 29.817504975077817, -1.524162511600676, 0.0 ], [ 29.817562425889406, -1.524478494761332, 0.0 ], [ 29.817569220635889, -1.524515861741845, 0.0 ], [ 29.817597234900937, -1.524607547209078, 0.0 ], [ 29.817687003653283, -1.524901334329805, 0.0 ], [ 29.817687003576577, -1.525254684420888, 0.0 ], [ 29.817783372041021, -1.525490251823773, 0.0 ], [ 29.817740540929208, -1.525757940623747, 0.0 ], [ 29.817826202097265, -1.526004214884518, 0.0 ], [ 29.817849091079179, -1.526041559720489, 0.0 ], [ 29.817948812537523, -1.526204262290344, 0.0 ], [ 29.818029646460875, -1.52633614957979, 0.0 ], [ 29.818211675352305, -1.526539593716369, 0.0 ], [ 29.818661393567098, -1.526668084472755, 0.0 ], [ 29.818854128956556, -1.526807282847768, 0.0 ], [ 29.818886162970355, -1.526848737362307, 0.0 ], [ 29.818879023208194, -1.527067656811925, 0.0 ], [ 29.818890092114071, -1.527096292603453, 0.0 ], [ 29.818877452710957, -1.527115826724334, 0.0 ], [ 29.818779175995772, -1.527267708828803, 0.0 ], [ 29.818415118025367, -1.527428322508527, 0.0 ], [ 29.818104599338181, -1.527503275803828, 0.0 ], [ 29.818158136878463, -1.527331953322719, 0.0 ], [ 29.817890447512827, -1.527331953128236, 0.0 ], [ 29.817612049921554, -1.527353369334981, 0.0 ], [ 29.817472851971797, -1.527481859729099, 0.0 ], [ 29.817387191524226, -1.527610350168319, 0.0 ], [ 29.817355069436147, -1.527835209684987, 0.0 ], [ 29.817269408109407, -1.527888747536482, 0.0 ], [ 29.817140917536939, -1.527845917215261, 0.0 ], [ 29.817065964450549, -1.527867332665772, 0.0 ], [ 29.817130210137648, -1.527963700861157, 0.0 ], [ 29.817140917375184, -1.528102899167126, 0.0 ], [ 29.817181108493585, -1.528161359850748, 0.0 ], [ 29.817236719719993, -1.528242248567437, 0.0 ], [ 29.817258700560171, -1.528274220906752, 0.0 ], [ 29.817333653606248, -1.528349173570656, 0.0 ], [ 29.817430022206722, -1.528434834025366, 0.0 ], [ 29.817547805462041, -1.528541909133851, 0.0 ], [ 29.817622758484529, -1.528713231719533, 0.0 ], [ 29.817483560415884, -1.528884552277227, 0.0 ], [ 29.817397899071178, -1.528895259049451, 0.0 ], [ 29.817226578218804, -1.528852429582959, 0.0 ], [ 29.817044549069028, -1.528916674168175, 0.0 ], [ 29.817001719683944, -1.529002335365388, 0.0 ], [ 29.816948181074455, -1.529205779298315, 0.0 ], [ 29.816969596519357, -1.529355685386786, 0.0 ], [ 29.817044549595305, -1.529419930293872, 0.0 ], [ 29.817098087055708, -1.529559129558483, 0.0 ], [ 29.81699101087267, -1.529751865651341, 0.0 ], [ 29.816980304281344, -1.529944602774106, 0.0 ], [ 29.817162332569538, -1.529955309879283, 0.0 ], [ 29.817365776552816, -1.529773280757823, 0.0 ], [ 29.817537097567346, -1.529655497292509, 0.0 ], [ 29.81777266429977, -1.529687620844844, 0.0 ], [ 29.817772664167936, -1.529987432072186, 0.0 ], [ 29.817590635735151, -1.530222999201836, 0.0 ], [ 29.817751249350966, -1.530297952855807, 0.0 ], [ 29.817853832158526, -1.530411214899126, 0.0 ], [ 29.817767644033566, -1.530486628617721, 0.0 ], [ 29.817659958635364, -1.530486465652571, 0.0 ], [ 29.817532465473455, -1.530486271139714, 0.0 ], [ 29.817547805234785, -1.530662009574429, 0.0 ], [ 29.817538994048924, -1.530674344597762, 0.0 ], [ 29.81753627731749, -1.530683836555673, 0.0 ], [ 29.817524746940787, -1.530724122432802, 0.0 ], [ 29.81750807929658, -1.530724117387898, 0.0 ], [ 29.817443506615593, -1.530816358402536, 0.0 ], [ 29.817542913975384, -1.530975411529057, 0.0 ], [ 29.817547805042576, -1.530983236334671, 0.0 ], [ 29.817633466410335, -1.531079604550628, 0.0 ], [ 29.817645643665635, -1.531116135376762, 0.0 ], [ 29.817657501058065, -1.53115170926862, 0.0 ], [ 29.817670743924996, -1.531191437412514, 0.0 ], [ 29.817676296602897, -1.531208095121854, 0.0 ], [ 29.817761575540398, -1.531278325634529, 0.0 ], [ 29.81785310733844, -1.531353704801838, 0.0 ], [ 29.817858324940516, -1.531358001379942, 0.0 ], [ 29.817877511137507, -1.531364675139322, 0.0 ], [ 29.818104599187869, -1.531443662874525, 0.0 ], [ 29.818150348368064, -1.531445240521397, 0.0 ], [ 29.818298757972887, -1.531450358798997, 0.0 ], [ 29.818357963641187, -1.531452400666988, 0.0 ], [ 29.818404780498049, -1.531454014577416, 0.0 ], [ 29.818413924157635, -1.531463649546227, 0.0 ], [ 29.818556777375658, -1.531389304263001, 0.0 ], [ 29.818651404074235, -1.531179844672381, 0.0 ], [ 29.818679807329477, -1.53093229400284, 0.0 ], [ 29.818708196180221, -1.530856126446114, 0.0 ], [ 29.818793346032855, -1.53083709142111, 0.0 ], [ 29.818853256447689, -1.530805038323237, 0.0 ], [ 29.818941212652096, -1.53075798189457, 0.0 ], [ 29.818967573632676, -1.530771689248139, 0.0 ], [ 29.818982306592808, -1.530779350277338, 0.0 ], [ 29.819051274886, -1.530847460232443, 0.0 ], [ 29.819201181264535, -1.530900998242253, 0.0 ], [ 29.819297549152136, -1.530986659537508, 0.0 ], [ 29.819415332644436, -1.531125857880523, 0.0 ], [ 29.819543823501441, -1.531286471762877, 0.0 ], [ 29.819597361155711, -1.53140425454103, 0.0 ], [ 29.819640191474065, -1.531532745087186, 0.0 ], [ 29.819672314443874, -1.531639821897994, 0.0 ], [ 29.819693729157017, -1.531704066718515, 0.0 ], [ 29.819700027688885, -1.531754182767023, 0.0 ], [ 29.81960365892165, -1.531893380149932, 0.0 ], [ 29.819710735141776, -1.532064701793671, 0.0 ], [ 29.819742858164009, -1.532300268236998, 0.0 ], [ 29.819788652469665, -1.532364379453869, 0.0 ], [ 29.819806515304563, -1.532656175184209, 0.0 ], [ 29.819811513025531, -1.532689163573069, 0.0 ], [ 29.819757083670918, -1.532852454504938, 0.0 ], [ 29.819748734188842, -1.532846158833317, 0.0 ], [ 29.819669326892019, -1.532845958554616, 0.0 ], [ 29.819551544216445, -1.532781712800911, 0.0 ], [ 29.819498006546041, -1.532696052426954, 0.0 ], [ 29.819401638577506, -1.532588976495243, 0.0 ], [ 29.819377886542519, -1.532596893834606, 0.0 ], [ 29.819241024740023, -1.532642514377597, 0.0 ], [ 29.819069703545697, -1.532813835906989, 0.0 ], [ 29.819114847540273, -1.532884189587957, 0.0 ], [ 29.818898382327102, -1.532953034108157, 0.0 ], [ 29.81872706108312, -1.533113647833076, 0.0 ], [ 29.818717420578714, -1.533219693641855, 0.0 ], [ 29.818837123402485, -1.533299495221064, 0.0 ], [ 29.818850411013905, -1.533331181005402, 0.0 ], [ 29.818919796995168, -1.533338506616632, 0.0 ], [ 29.819037580568132, -1.533531243841573, 0.0 ], [ 29.819251732155912, -1.533691856897301, 0.0 ], [ 29.819508713179182, -1.533702564781796, 0.0 ], [ 29.81953873741756, -1.533726583161014, 0.0 ], [ 29.819553233705964, -1.53373818033026, 0.0 ], [ 29.819669327135529, -1.533831055372195, 0.0 ], [ 29.819600287235332, -1.534101597319432, 0.0 ], [ 29.819629483899327, -1.534145393212132, 0.0 ], [ 29.819667348165961, -1.534217334480767, 0.0 ], [ 29.81973656021971, -1.534348837272064, 0.0 ], [ 29.819840156061929, -1.53436669987404, 0.0 ], [ 29.819850744637062, -1.534368525044682, 0.0 ], [ 29.819930903081143, -1.53438234548318, 0.0 ], [ 29.820003692122498, -1.534394895448638, 0.0 ], [ 29.82004707903986, -1.534402375296037, 0.0 ], [ 29.820164862754897, -1.534562989162894, 0.0 ], [ 29.820293353737643, -1.53448803658687, 0.0 ], [ 29.820361902567658, -1.534501228341043, 0.0 ], [ 29.820396020311641, -1.534516736191765, 0.0 ], [ 29.820528614405283, -1.534533310562717, 0.0 ], [ 29.820653002367141, -1.534548859492721, 0.0 ], [ 29.820802908176727, -1.534645227603744, 0.0 ], [ 29.820845738702964, -1.534902209584213, 0.0 ], [ 29.821027767591566, -1.535073530267753, 0.0 ], [ 29.821145550500532, -1.535212728549383, 0.0 ], [ 29.821434655048975, -1.535555371705194, 0.0 ], [ 29.821755881871521, -1.535972966502341, 0.0 ], [ 29.821862957505839, -1.536112165664588, 0.0 ], [ 29.821916495419192, -1.536262071723504, 0.0 ], [ 29.822066401290549, -1.536262071626951, 0.0 ], [ 29.822216307461357, -1.53649763707525, 0.0 ], [ 29.822228977543674, -1.536531423829099, 0.0 ], [ 29.822270340184623, -1.536641726658509, 0.0 ], [ 29.822376921288981, -1.536925940594166, 0.0 ], [ 29.822569657224669, -1.53730070521921, 0.0 ], [ 29.82283734759007, -1.537696886211106, 0.0 ], [ 29.822946213299062, -1.53777464716529, 0.0 ], [ 29.8229872537351, -1.537803961070134, 0.0 ], [ 29.823027553110755, -1.537839519228671, 0.0 ], [ 29.823169282118165, -1.537964575650762, 0.0 ], [ 29.8232549422255, -1.538071651468832, 0.0 ], [ 29.823394140891327, -1.538093066850298, 0.0 ], [ 29.823736782995443, -1.538392878615888, 0.0 ], [ 29.823983057036845, -1.538735520664734, 0.0 ], [ 29.824186501504688, -1.539024625703777, 0.0 ], [ 29.824293577484596, -1.539185238512225, 0.0 ], [ 29.824486313261175, -1.539249484838327, 0.0 ], [ 29.824657634590334, -1.539452928617051, 0.0 ], [ 29.824550559505962, -1.53972061769631, 0.0 ], [ 29.824379237468953, -1.540041844827561, 0.0 ], [ 29.824280242154252, -1.540239838612169, 0.0 ], [ 29.824279313620782, -1.540241696273559, 0.0 ], [ 29.824277726215254, -1.540244869853701, 0.0 ], [ 29.824235855021453, -1.540251807121852, 0.0 ], [ 29.823993765490656, -1.540223873007262, 0.0 ], [ 29.823918812295638, -1.540405902528089, 0.0 ], [ 29.823983166876541, -1.540672513233858, 0.0 ], [ 29.82398443005232, -1.540677747385616, 0.0 ], [ 29.823993765515016, -1.540716422403722, 0.0 ], [ 29.824165086687227, -1.540812790310574, 0.0 ], [ 29.824246276381555, -1.540857895595858, 0.0 ], [ 29.824357822686004, -1.540919865041277, 0.0 ], [ 29.82433640732086, -1.541080479854687, 0.0 ], [ 29.824240039323577, -1.541262508512475, 0.0 ], [ 29.824411360679807, -1.54142312123241, 0.0 ], [ 29.824689757538135, -1.541444537244938, 0.0 ], [ 29.824893201186907, -1.541626565424447, 0.0 ], [ 29.825021692690189, -1.542033453337156, 0.0 ], [ 29.825032400721852, -1.542311850892983, 0.0 ], [ 29.825032400306089, -1.542526002733826, 0.0 ], [ 29.825000277510021, -1.542665200219359, 0.0 ], [ 29.824828956659466, -1.542804399744046, 0.0 ], [ 29.824679050463761, -1.542879352582873, 0.0 ], [ 29.824529144428915, -1.543039965781603, 0.0 ], [ 29.824357822559662, -1.543147041038715, 0.0 ], [ 29.824411360753075, -1.543286239292854, 0.0 ], [ 29.824571974327682, -1.543179164048421, 0.0 ], [ 29.824754003077189, -1.543254117274206, 0.0 ], [ 29.824925324549696, -1.543382608462848, 0.0 ], [ 29.82503239987102, -1.543543221258719, 0.0 ], [ 29.825128768601953, -1.543661005691221, 0.0 ], [ 29.825203721675035, -1.543800203894929, 0.0 ], [ 29.825353627151078, -1.543778788080812, 0.0 ], [ 29.825567778082849, -1.543800203225228, 0.0 ], [ 29.825685562441873, -1.543864448729775, 0.0 ], [ 29.825749807249757, -1.544003647844289, 0.0 ], [ 29.82581405192979, -1.544089308091545, 0.0 ], [ 29.825899713591919, -1.544314167536755, 0.0 ], [ 29.825974666764008, -1.544464073493894, 0.0 ], [ 29.826028204247564, -1.544624686363218, 0.0 ], [ 29.826210233121927, -1.544678224840138, 0.0 ], [ 29.826424384310116, -1.544753177871858, 0.0 ], [ 29.826488630207695, -1.544935206256474, 0.0 ], [ 29.826488630049965, -1.544981459786095, 0.0 ], [ 29.826488630529031, -1.545152780544298, 0.0 ], [ 29.826488630708319, -1.545217025376353, 0.0 ], [ 29.826488630325986, -1.545299263319666, 0.0 ], [ 29.826306601155796, -1.545492000029814, 0.0 ], [ 29.826188818289811, -1.545352801040042, 0.0 ], [ 29.826167402023071, -1.545492000329322, 0.0 ], [ 29.826178110030988, -1.545716859023019, 0.0 ], [ 29.826274478357494, -1.545963133080884, 0.0 ], [ 29.826413677289008, -1.545877472399725, 0.0 ], [ 29.826392262738253, -1.545984548371763, 0.0 ], [ 29.826402969636639, -1.546123747592795, 0.0 ], [ 29.826413677318595, -1.546220115720449, 0.0 ], [ 29.826317307910454, -1.546252238345281, 0.0 ], [ 29.826381554470039, -1.546337898583884, 0.0 ], [ 29.826542168534047, -1.546348606906218, 0.0 ], [ 29.826617121182405, -1.546273653226441, 0.0 ], [ 29.826756319121799, -1.546466389208494, 0.0 ], [ 29.826981178656041, -1.54678761645085, 0.0 ], [ 29.826916933115143, -1.54706601329206, 0.0 ], [ 29.826906224944423, -1.547119551280792, 0.0 ], [ 29.826724196084559, -1.547151674122504, 0.0 ], [ 29.826831272485165, -1.547269457573448, 0.0 ], [ 29.826910642710999, -1.547334821395173, 0.0 ], [ 29.826997341567953, -1.5474062193961, 0.0 ], [ 29.82701330098806, -1.547419363256334, 0.0 ], [ 29.827029486018414, -1.547432140833032, 0.0 ], [ 29.827216745306252, -1.547579977550752, 0.0 ], [ 29.827388066275034, -1.547387240804513, 0.0 ], [ 29.827516557010192, -1.547322995632647, 0.0 ], [ 29.827698586262589, -1.547408656427504, 0.0 ], [ 29.827827076446631, -1.547451486262658, 0.0 ], [ 29.828073351367909, -1.54732299588612, 0.0 ], [ 29.828169719419169, -1.547408656891266, 0.0 ], [ 29.828266087665757, -1.547547854050742, 0.0 ], [ 29.828191134453515, -1.547719175044078, 0.0 ], [ 29.828180426714482, -1.547890496749283, 0.0 ], [ 29.828148303998134, -1.54802969519422, 0.0 ], [ 29.828244672007489, -1.548093940650904, 0.0 ], [ 29.828298210515566, -1.548222431068637, 0.0 ], [ 29.828373162885427, -1.548318799002788, 0.0 ], [ 29.828544484288809, -1.548254554546545, 0.0 ], [ 29.828726513083343, -1.548425875651927, 0.0 ], [ 29.828801466022409, -1.548425875412413, 0.0 ], [ 29.828865711546598, -1.548672149496022, 0.0 ], [ 29.82898349545955, -1.548757810404108, 0.0 ], [ 29.829133401363251, -1.548757810811172, 0.0 ], [ 29.82927259951834, -1.548907716472073, 0.0 ], [ 29.829315429122303, -1.549100452652171, 0.0 ], [ 29.829465335606198, -1.54923965139692, 0.0 ], [ 29.829593826504336, -1.549421680403662, 0.0 ], [ 29.829579600354126, -1.549446576027086, 0.0 ], [ 29.829555218959339, -1.549489241447363, 0.0 ], [ 29.829515024935272, -1.549559582638575, 0.0 ], [ 29.82950127068105, -1.549583653441717, 0.0 ], [ 29.829465335420931, -1.549646539601233, 0.0 ], [ 29.829390382291642, -1.549839275281239, 0.0 ], [ 29.829336845664098, -1.549989181594959, 0.0 ], [ 29.82942250497544, -1.550160502079637, 0.0 ], [ 29.829497458357608, -1.550256870889815, 0.0 ], [ 29.829465335756062, -1.550417484906658, 0.0 ], [ 29.829550995905954, -1.550567390743666, 0.0 ], [ 29.829679487649937, -1.550717296428493, 0.0 ], [ 29.829636657172308, -1.55099569329357, 0.0 ], [ 29.829668779722134, -1.551274090801019, 0.0 ], [ 29.829722317309429, -1.551359751002805, 0.0 ], [ 29.829754440257176, -1.551509657022601, 0.0 ], [ 29.829925761566411, -1.551584610838644, 0.0 ], [ 29.830246988693087, -1.551798761544416, 0.0 ], [ 29.830503969944747, -1.551937960743105, 0.0 ], [ 29.830675291743521, -1.552109281767479, 0.0 ], [ 29.830889443230269, -1.552045035171786, 0.0 ], [ 29.831082179571716, -1.552323432025782, 0.0 ], [ 29.831039349364836, -1.55263395225779, 0.0 ], [ 29.830910858757434, -1.552783858010372, 0.0 ], [ 29.830857320528484, -1.552976594558312, 0.0 ], [ 29.830873092305346, -1.553033373536809, 0.0 ], [ 29.830911639239741, -1.553174801757883, 0.0 ], [ 29.830996519239573, -1.553768955800599, 0.0 ], [ 29.831199961880138, -1.554154428558769, 0.0 ], [ 29.831692511529429, -1.55452919321847, 0.0 ], [ 29.831923882028743, -1.554623844294064, 0.0 ], [ 29.831928078062571, -1.554625561274943, 0.0 ], [ 29.831975988403222, -1.554637539116219, 0.0 ], [ 29.832227890218679, -1.554700514371101, 0.0 ], [ 29.832399211200087, -1.55481829731534, 0.0 ], [ 29.832602655088259, -1.555203770877083, 0.0 ], [ 29.832516993937194, -1.555460752468479, 0.0 ], [ 29.832484871297329, -1.555771271783017, 0.0 ], [ 29.832543841424247, -1.55590886584948, 0.0 ], [ 29.832617772197793, -1.555996130312125, 0.0 ], [ 29.832881052587958, -1.555996130511379, 0.0 ], [ 29.833084496020163, -1.556092499517251, 0.0 ], [ 29.833127326223043, -1.556317358084199, 0.0 ], [ 29.833138033157994, -1.556552924583024, 0.0 ], [ 29.833223694012595, -1.556745661421418, 0.0 ], [ 29.8333414777562, -1.556852736794904, 0.0 ], [ 29.83335218561011, -1.557088303294383, 0.0 ], [ 29.833587751905956, -1.557238209177808, 0.0 ], [ 29.833684120024987, -1.557056180111302, 0.0 ], [ 29.833844733306069, -1.556927689588605, 0.0 ], [ 29.834080300094083, -1.557002642792088, 0.0 ], [ 29.834198083306262, -1.556852736007709, 0.0 ], [ 29.834026761934442, -1.556713538535465, 0.0 ], [ 29.834026762625378, -1.556520802175932, 0.0 ], [ 29.834294452146885, -1.556499386096034, 0.0 ], [ 29.834444358764159, -1.556520802642062, 0.0 ], [ 29.834637094142227, -1.556499386022967, 0.0 ], [ 29.834776292012055, -1.556606462107299, 0.0 ], [ 29.83480841562519, -1.556799198293203, 0.0 ], [ 29.835022567182591, -1.556970520602412, 0.0 ], [ 29.835290256339473, -1.557024058840593, 0.0 ], [ 29.835290256207003, -1.557118393823746, 0.0 ], [ 29.835290256589712, -1.557206086530021, 0.0 ], [ 29.835221188709355, -1.557234341526602, 0.0 ], [ 29.83505468898667, -1.557302454270126, 0.0 ], [ 29.835151057396793, -1.557473776339431, 0.0 ], [ 29.835343794504865, -1.557570144308348, 0.0 ], [ 29.835440162171633, -1.557902079407329, 0.0 ], [ 29.835697144042229, -1.558244721325036, 0.0 ], [ 29.835943418743284, -1.558212598311615, 0.0 ], [ 29.836264645276906, -1.558094815292694, 0.0 ], [ 29.836382429042203, -1.558169768089883, 0.0 ], [ 29.836435966255877, -1.558533826763925, 0.0 ], [ 29.83635030605771, -1.558758685206772, 0.0 ], [ 29.836328891328463, -1.558930006163977, 0.0 ], [ 29.836189692757614, -1.558887176825269, 0.0 ], [ 29.836104032021598, -1.559037082620067, 0.0 ], [ 29.836018371202574, -1.559176280632528, 0.0 ], [ 29.835911295658082, -1.559219110583038, 0.0 ], [ 29.835836342381018, -1.559369016298213, 0.0 ], [ 29.835840271593582, -1.559404382389513, 0.0 ], [ 29.835848106668848, -1.559474895693508, 0.0 ], [ 29.835864324664801, -1.559620853402881, 0.0 ], [ 29.835853765293187, -1.559657816519456, 0.0 ], [ 29.835767973724252, -1.559662922638225, 0.0 ], [ 29.83569811414575, -1.559700655305697, 0.0 ], [ 29.835588546761418, -1.559796527382725, 0.0 ], [ 29.83553093891425, -1.559866136518675, 0.0 ], [ 29.83545484510179, -1.559958083195051, 0.0 ], [ 29.835357120963842, -1.559999024452332, 0.0 ], [ 29.835341401965962, -1.560012778081808, 0.0 ], [ 29.834783828882664, -1.56031854473265, 0.0 ], [ 29.834388130888311, -1.560750214357322, 0.0 ], [ 29.834046393154715, -1.561163897771482, 0.0 ], [ 29.83390088926383, -1.561106197717889, 0.0 ], [ 29.833882884613885, -1.561099057468018, 0.0 ], [ 29.833677713036256, -1.561017696783457, 0.0 ], [ 29.833557480740403, -1.560970017304397, 0.0 ], [ 29.833438830170351, -1.560922967441784, 0.0 ], [ 29.833303056402851, -1.560871499781289, 0.0 ], [ 29.832917583874782, -1.560721593610648, 0.0 ], [ 29.832848393868343, -1.560746753476896, 0.0 ], [ 29.832795899194522, -1.56076584220353, 0.0 ], [ 29.832756468120841, -1.56077829422052, 0.0 ], [ 29.8327274129133, -1.560790746162583, 0.0 ], [ 29.832564234350617, -1.560850084870002, 0.0 ], [ 29.832103808342758, -1.561053528222064, 0.0 ], [ 29.831868241085385, -1.561149896442545, 0.0 ], [ 29.831632675643913, -1.561460416510924, 0.0 ], [ 29.831450646640572, -1.561535369823544, 0.0 ], [ 29.831426632207439, -1.561539063465647, 0.0 ], [ 29.83117224907479, -1.561578199245621, 0.0 ], [ 29.830904559983285, -1.561417586306529, 0.0 ], [ 29.830894106405857, -1.561389075412203, 0.0 ], [ 29.830873719489723, -1.561344903175613, 0.0 ], [ 29.830864740426438, -1.561308985865879, 0.0 ], [ 29.830851411989087, -1.561255674741147, 0.0 ], [ 29.830824643010587, -1.561179828176031, 0.0 ], [ 29.830814186953706, -1.561171115674655, 0.0 ], [ 29.830744336722059, -1.561112906902523, 0.0 ], [ 29.83070980017974, -1.561102279540205, 0.0 ], [ 29.830686337547284, -1.561095060134724, 0.0 ], [ 29.830624527061605, -1.561085788139507, 0.0 ], [ 29.83050837896365, -1.560978575263081, 0.0 ], [ 29.830490984421456, -1.560962050469869, 0.0 ], [ 29.830372960177389, -1.56084992718043, 0.0 ], [ 29.830298187440885, -1.56080506314414, 0.0 ], [ 29.830284467104725, -1.560797441141231, 0.0 ], [ 29.830219275486545, -1.560946452896035, 0.0 ], [ 29.830188423754734, -1.560991822083265, 0.0 ], [ 29.830168804222776, -1.561072752411412, 0.0 ], [ 29.830070651348642, -1.561202136741916, 0.0 ], [ 29.829918961506873, -1.561358288404853, 0.0 ], [ 29.829816346382614, -1.561398441210578, 0.0 ], [ 29.829804168257695, -1.561402147555791, 0.0 ], [ 29.829713731972873, -1.561429672524314, 0.0 ], [ 29.829597817377419, -1.561525865713217, 0.0 ], [ 29.829338967107031, -1.561670592626348, 0.0 ], [ 29.829175050977444, -1.561802524791497, 0.0 ], [ 29.829156046038182, -1.561817821089891, 0.0 ], [ 29.829102606208398, -1.561821306083255, 0.0 ], [ 29.82895081753497, -1.561831206421858, 0.0 ], [ 29.828825896740216, -1.561826744490266, 0.0 ], [ 29.828815062419579, -1.561827948328622, 0.0 ], [ 29.828665281868279, -1.561844590574525, 0.0 ], [ 29.828487188991559, -1.561822384395917, 0.0 ], [ 29.828259287605206, -1.56187582132568, 0.0 ], [ 29.828143288141646, -1.561920435494014, 0.0 ], [ 29.827880060535232, -1.562058742069726, 0.0 ], [ 29.82778190755619, -1.562098895134923, 0.0 ], [ 29.827674831227359, -1.562147971657674, 0.0 ], [ 29.827590063282486, -1.562152433544221, 0.0 ], [ 29.82750529531582, -1.562179202758722, 0.0 ], [ 29.827371450173445, -1.562272893524881, 0.0 ], [ 29.827201914055109, -1.562317508636494, 0.0 ], [ 29.827126068529182, -1.562335354373976, 0.0 ], [ 29.826956532094542, -1.562482583728511, 0.0 ], [ 29.826847971232844, -1.5625291095351, 0.0 ], [ 29.826769149586028, -1.562562890498763, 0.0 ], [ 29.826711150387748, -1.562567351855026, 0.0 ], [ 29.826572844103694, -1.56250489178537, 0.0 ], [ 29.826412230444781, -1.562518275137091, 0.0 ], [ 29.826198078272999, -1.562478122398094, 0.0 ], [ 29.826036980405892, -1.562401602547567, 0.0 ], [ 29.825970984233088, -1.562341201563356, 0.0 ], [ 29.825876851759197, -1.562255047664844, 0.0 ], [ 29.825806134144162, -1.56204682585612, 0.0 ], [ 29.825796544295695, -1.562018588159373, 0.0 ], [ 29.825738545518295, -1.561898128807297, 0.0 ], [ 29.825586853876466, -1.561777668869134, 0.0 ], [ 29.825566972010716, -1.561768028496435, 0.0 ], [ 29.825439624903897, -1.56170628469512, 0.0 ], [ 29.825280290719544, -1.561680790334733, 0.0 ], [ 29.82520365569103, -1.561671211236279, 0.0 ], [ 29.824708727284676, -1.561747353307833, 0.0 ], [ 29.824594513484652, -1.561576032051362, 0.0 ], [ 29.824385120160986, -1.561309533060834, 0.0 ], [ 29.824004406669268, -1.561176283847753, 0.0 ], [ 29.823585621127684, -1.561366640450198, 0.0 ], [ 29.823090693545858, -1.561347604274816, 0.0 ], [ 29.822674171693272, -1.561389256823555, 0.0 ], [ 29.822428120650738, -1.561514440585517, 0.0 ], [ 29.82242008821672, -1.561519962467256, 0.0 ], [ 29.822213968233729, -1.561661669351557, 0.0 ], [ 29.822115816532577, -1.561782129053616, 0.0 ], [ 29.82199089436741, -1.561826744819718, 0.0 ], [ 29.821678590688119, -1.561853513381816, 0.0 ], [ 29.821500129892669, -1.561911512196229, 0.0 ], [ 29.821352901693572, -1.561960589469952, 0.0 ], [ 29.821294222700605, -1.561990767714052, 0.0 ], [ 29.821196749131769, -1.562040896583746, 0.0 ], [ 29.821087853530447, -1.562070214008828, 0.0 ], [ 29.821080184977451, -1.5620769234571, 0.0 ], [ 29.82107500609758, -1.562081455206072, 0.0 ], [ 29.820925100028237, -1.562338437847635, 0.0 ], [ 29.820545878541498, -1.562438233819154, 0.0 ], [ 29.820363227178866, -1.56245045078221, 0.0 ], [ 29.820279311431225, -1.562494941532624, 0.0 ], [ 29.820207693764456, -1.562509758376617, 0.0 ], [ 29.820156073593534, -1.562558662898411, 0.0 ], [ 29.819992147451085, -1.562643197539219, 0.0 ], [ 29.819912589577669, -1.562730673476586, 0.0 ], [ 29.819896036067188, -1.562748874078189, 0.0 ], [ 29.81978691852731, -1.562893040110755, 0.0 ], [ 29.819661997287263, -1.563062577268645, 0.0 ], [ 29.819479075371873, -1.563200883310595, 0.0 ], [ 29.819264924312598, -1.563401650565521, 0.0 ], [ 29.818952620017679, -1.563611340708893, 0.0 ], [ 29.818573393566417, -1.563838876081097, 0.0 ], [ 29.818394934328065, -1.563865645798661, 0.0 ], [ 29.818246254253161, -1.563896545094047, 0.0 ], [ 29.81792201598596, -1.563986105163246, 0.0 ], [ 29.817783709309214, -1.564066412640703, 0.0 ], [ 29.81764419251083, -1.564120317339783, 0.0 ], [ 29.817627722676065, -1.564126680504249, 0.0 ], [ 29.81758740416074, -1.564142257009298, 0.0 ], [ 29.817455407485628, -1.564232769002463, 0.0 ], [ 29.817431252598823, -1.564249333672103, 0.0 ], [ 29.817394078568888, -1.564246185650143, 0.0 ], [ 29.817291856503221, -1.564237530169726, 0.0 ], [ 29.817047564015056, -1.564213641262797, 0.0 ], [ 29.816944949115886, -1.564164565022667, 0.0 ], [ 29.816793258886914, -1.564146719597328, 0.0 ], [ 29.816610338181967, -1.56416456547563, 0.0 ], [ 29.816302495387038, -1.564151180586172, 0.0 ], [ 29.815967883083168, -1.564115488686374, 0.0 ], [ 29.815789423868566, -1.564079796059355, 0.0 ], [ 29.815597580759061, -1.564012874343077, 0.0 ], [ 29.815428043436775, -1.563954875159244, 0.0 ], [ 29.815396813515797, -1.56393256779284, 0.0 ], [ 29.815276352636214, -1.564026258891354, 0.0 ], [ 29.815155892527009, -1.564111027597919, 0.0 ], [ 29.81502204828093, -1.564249333028933, 0.0 ], [ 29.814977433682575, -1.564409947352024, 0.0 ], [ 29.814883741127176, -1.564610714825996, 0.0 ], [ 29.814736511878955, -1.564740097564669, 0.0 ], [ 29.814589283327564, -1.564820404016598, 0.0 ], [ 29.81435675504942, -1.564860235129003, 0.0 ], [ 29.813906675332532, -1.56490517231526, 0.0 ], [ 29.813661293217379, -1.564936402705123, 0.0 ], [ 29.813487295467695, -1.564949787451895, 0.0 ], [ 29.813313296972893, -1.565012248454265, 0.0 ], [ 29.813215294465088, -1.565084843359622, 0.0 ], [ 29.813157332885527, -1.565587629121573, 0.0 ], [ 29.813106817541009, -1.565772855604729, 0.0 ], [ 29.813022623360411, -1.566025437849969, 0.0 ], [ 29.813022623665578, -1.566042276868424, 0.0 ], [ 29.813005784396317, -1.566059114375387, 0.0 ], [ 29.812988945493807, -1.566294857312069, 0.0 ], [ 29.812926870449513, -1.566512120115051, 0.0 ], [ 29.812808759582538, -1.566503683662108, 0.0 ], [ 29.812819465893455, -1.566193164012395, 0.0 ], [ 29.812819466377874, -1.565904059830544, 0.0 ], [ 29.81265885340547, -1.565775568516154, 0.0 ], [ 29.81228408866108, -1.565957597508344, 0.0 ], [ 29.81184507703432, -1.565957597701834, 0.0 ], [ 29.811390078040731, -1.565824712110444, 0.0 ], [ 29.81127018375334, -1.565870852532476, 0.0 ], [ 29.811194580332383, -1.565872570465363, 0.0 ], [ 29.811045058751873, -1.565723946122501, 0.0 ], [ 29.810648401428292, -1.565608100047502, 0.0 ], [ 29.810743586577761, -1.565324234065029, 0.0 ], [ 29.810746661966899, -1.565315061430796, 0.0 ], [ 29.810735374998682, -1.565312566842221, 0.0 ], [ 29.810098328649204, -1.565171728827425, 0.0 ], [ 29.809539994961685, -1.565223394228924, 0.0 ], [ 29.809136662675975, -1.565478394514755, 0.0 ], [ 29.808147843055529, -1.565626717312412, 0.0 ], [ 29.808059225597685, -1.565652578174563, 0.0 ], [ 29.808005339225623, -1.565495819702795, 0.0 ], [ 29.808004995079742, -1.565495061743628, 0.0 ], [ 29.807298589989685, -1.564764961386943, 0.0 ], [ 29.807192121462329, -1.564638459063908, 0.0 ], [ 29.807143005203173, -1.564634188240393, 0.0 ], [ 29.806929447306178, -1.564615617344365, 0.0 ], [ 29.806832581672964, -1.56462772616711, 0.0 ], [ 29.806638658934734, -1.564573858265054, 0.0 ], [ 29.805981478221899, -1.564401483608292, 0.0 ], [ 29.805593633231783, -1.564250655218301, 0.0 ], [ 29.805238108949567, -1.564153693271517, 0.0 ], [ 29.80516352355394, -1.56411018417058, 0.0 ], [ 29.804911611315351, -1.564034611187858, 0.0 ], [ 29.804720281533545, -1.563903071187807, 0.0 ], [ 29.80471648312982, -1.563897248901232, 0.0 ], [ 29.804683125114181, -1.563846097442017, 0.0 ], [ 29.804652857083713, -1.564007251843433, 0.0 ], [ 29.804446662597037, -1.565105061281227, 0.0 ], [ 29.804304981144021, -1.565713646415451, 0.0 ], [ 29.804269640295058, -1.565732648258424, 0.0 ], [ 29.804056396427768, -1.565825700419751, 0.0 ], [ 29.803883362600455, -1.565901205532388, 0.0 ], [ 29.803796978680072, -1.56593428843121, 0.0 ], [ 29.803532440604339, -1.566035601450347, 0.0 ], [ 29.803491941340624, -1.566051111623558, 0.0 ], [ 29.803444396016012, -1.566066531590752, 0.0 ], [ 29.803183801322685, -1.566151049338171, 0.0 ], [ 29.802901918032273, -1.56617127146261, 0.0 ], [ 29.802889995118104, -1.566165061300586, 0.0 ], [ 29.802859876647823, -1.566147118729175, 0.0 ], [ 29.802811662293006, -1.566118394331737, 0.0 ], [ 29.802704995155786, -1.566100061025082, 0.0 ], [ 29.802624995369662, -1.566166728430116, 0.0 ], [ 29.802526662067606, -1.566140061417929, 0.0 ], [ 29.802439995310444, -1.566170061871749, 0.0 ], [ 29.802366661887508, -1.566231728301733, 0.0 ], [ 29.802284995405241, -1.566293394842017, 0.0 ], [ 29.802162281750636, -1.56631907312311, 0.0 ], [ 29.801731350962147, -1.566250648666333, 0.0 ], [ 29.801747506988843, -1.566437667376106, 0.0 ], [ 29.801187287238683, -1.566329932244112, 0.0 ], [ 29.800885631729312, -1.566265292402235, 0.0 ], [ 29.80073829543494, -1.566253346839551, 0.0 ], [ 29.800487012461325, -1.566232971810047, 0.0 ], [ 29.800239222983201, -1.566211424017323, 0.0 ], [ 29.799757944539415, -1.566255177490667, 0.0 ], [ 29.799361707313146, -1.566398685138587, 0.0 ], [ 29.798902222414885, -1.56672311318688, 0.0 ], [ 29.798482503030993, -1.566950461568364, 0.0 ], [ 29.798182650756363, -1.567088959511196, 0.0 ], [ 29.797875315257329, -1.567287191816671, 0.0 ], [ 29.797706427278246, -1.56750032563939, 0.0 ], [ 29.797578178174611, -1.5678166707999, 0.0 ], [ 29.797439423588521, -1.567891384554307, 0.0 ], [ 29.797158013682548, -1.568042913586876, 0.0 ], [ 29.797153393292348, -1.56804291313641, 0.0 ], [ 29.796761904718448, -1.568035182606418, 0.0 ], [ 29.796691310883862, -1.567980302885772, 0.0 ], [ 29.796586033928175, -1.567898460004924, 0.0 ], [ 29.79640139757236, -1.567754922427216, 0.0 ], [ 29.796174050010581, -1.567702457599577, 0.0 ], [ 29.795769756032641, -1.567568377055969, 0.0 ], [ 29.795649728913549, -1.567525787511088, 0.0 ], [ 29.795409740514501, -1.567345795195132, 0.0 ], [ 29.795348072123623, -1.567299544740966, 0.0 ], [ 29.795035640934021, -1.56704098135417, 0.0 ], [ 29.794723210873723, -1.566577722512921, 0.0 ], [ 29.794720066285034, -1.56656768645572, 0.0 ], [ 29.794607229340773, -1.566679645905036, 0.0 ], [ 29.794269595684689, -1.56701465421442, 0.0 ], [ 29.793908812648475, -1.567319026533575, 0.0 ], [ 29.793835292897768, -1.56738104986288, 0.0 ], [ 29.79378431762013, -1.567399671904191, 0.0 ], [ 29.79366314696367, -1.567443936205684, 0.0 ], [ 29.793311442950198, -1.567572416023207, 0.0 ], [ 29.792548845411272, -1.567780882149762, 0.0 ], [ 29.791938675937342, -1.568168399437596, 0.0 ], [ 29.791245428295845, -1.568564156735647, 0.0 ], [ 29.790554476343278, -1.568628910800263, 0.0 ], [ 29.789877391102316, -1.568655998526259, 0.0 ], [ 29.78985673424512, -1.568659646787273, 0.0 ], [ 29.789829801420598, -1.568664402361433, 0.0 ], [ 29.789287904920627, -1.568760102234717, 0.0 ], [ 29.788819353976574, -1.568937110145137, 0.0 ], [ 29.788200367306128, -1.569116295903658, 0.0 ], [ 29.787885788595034, -1.569075135017027, 0.0 ], [ 29.787840418421286, -1.569069199025406, 0.0 ], [ 29.787295194478887, -1.568997861151221, 0.0 ], [ 29.786956630650888, -1.569096553192748, 0.0 ], [ 29.786639889266954, -1.569138897664766, 0.0 ], [ 29.786312703903818, -1.56896661307668, 0.0 ], [ 29.786307522981776, -1.568963885637185, 0.0 ], [ 29.786280322467587, -1.56894956273565, 0.0 ], [ 29.786192792299559, -1.568903472173812, 0.0 ], [ 29.786048906473013, -1.568827707243761, 0.0 ], [ 29.785654483634993, -1.568467422771037, 0.0 ], [ 29.785226448034791, -1.568145161329802, 0.0 ], [ 29.784804871260945, -1.567863037117322, 0.0 ], [ 29.784264987170658, -1.567511099901437, 0.0 ], [ 29.783788496319925, -1.567342753736602, 0.0 ], [ 29.783763686994817, -1.567332132051304, 0.0 ], [ 29.783755828503679, -1.567331864423163, 0.0 ], [ 29.78343153763138, -1.567194444360157, 0.0 ], [ 29.783273128531, -1.567127318839095, 0.0 ], [ 29.782838322008427, -1.566967461431561, 0.0 ], [ 29.782615824679194, -1.566809858292215, 0.0 ], [ 29.78246702793588, -1.566704461159213, 0.0 ], [ 29.782173004725188, -1.566436952109881, 0.0 ], [ 29.782162419927868, -1.566423692720619, 0.0 ], [ 29.781769594555541, -1.56593153771066, 0.0 ], [ 29.781467114266114, -1.565492453290328, 0.0 ], [ 29.781432547390413, -1.565352188097401, 0.0 ], [ 29.781388336686529, -1.565172790109396, 0.0 ], [ 29.781377527689845, -1.565128930554655, 0.0 ], [ 29.781344378425025, -1.56499442231228, 0.0 ], [ 29.781087670476598, -1.564566422133407, 0.0 ], [ 29.781081212978354, -1.564411455398213, 0.0 ], [ 29.78103014200223, -1.564347616010266, 0.0 ], [ 29.781062462285842, -1.564164467174844, 0.0 ], [ 29.781070089194806, -1.564144458905091, 0.0 ], [ 29.781083691594453, -1.564108771777566, 0.0 ], [ 29.781482212667637, -1.563949394009207, 0.0 ], [ 29.781487579639258, -1.563908369780506, 0.0 ], [ 29.781516795680854, -1.563794504829055, 0.0 ], [ 29.781536495233251, -1.563765849503078, 0.0 ], [ 29.781601135541049, -1.563496512086624, 0.0 ], [ 29.781493401701738, -1.563194855220691, 0.0 ], [ 29.781256385595416, -1.562753143019986, 0.0 ], [ 29.78120251705921, -1.562505354296364, 0.0 ], [ 29.781213291726893, -1.562246791343319, 0.0 ], [ 29.781342572412409, -1.561880493176268, 0.0 ], [ 29.781778878468305, -1.561519475587851, 0.0 ], [ 29.781651196026949, -1.561474550144083, 0.0 ], [ 29.78164740262504, -1.56147321568893, 0.0 ], [ 29.781641225877571, -1.561471042562724, 0.0 ], [ 29.781637874634818, -1.561469863718597, 0.0 ], [ 29.781560587555649, -1.56144266978466, 0.0 ], [ 29.781396440480083, -1.561384914557394, 0.0 ], [ 29.781214411658006, -1.561228890232772, 0.0 ], [ 29.781090570087539, -1.561082926723911, 0.0 ], [ 29.781019369224126, -1.560986296335935, 0.0 ], [ 29.781024520900104, -1.56077627263033, 0.0 ], [ 29.780992865974472, -1.560523037848212, 0.0 ], [ 29.780890087255408, -1.560523037027752, 0.0 ], [ 29.780847268703113, -1.560517999294654, 0.0 ], [ 29.78075890041136, -1.560455352584869, 0.0 ], [ 29.780287766453146, -1.560326861773909, 0.0 ], [ 29.780030784935065, -1.560176955308548, 0.0 ], [ 29.779966240369514, -1.560130013171871, 0.0 ], [ 29.779641190053443, -1.559893614522043, 0.0 ], [ 29.779636558481016, -1.559889017637101, 0.0 ], [ 29.779565118273609, -1.559657925845766, 0.0 ], [ 29.779548178017965, -1.559546700660858, 0.0 ], [ 29.779580981038915, -1.55938825323619, 0.0 ], [ 29.779589627719421, -1.559284495143637, 0.0 ], [ 29.779591774609884, -1.559277519374181, 0.0 ], [ 29.779590423189703, -1.559274940654926, 0.0 ], [ 29.77950576805025, -1.559113325240672, 0.0 ], [ 29.779473991712955, -1.559052660667607, 0.0 ], [ 29.779355796060159, -1.559063405694419, 0.0 ], [ 29.779146494496967, -1.55908243216135, 0.0 ], [ 29.779095711527397, -1.559102489231919, 0.0 ], [ 29.778905262289449, -1.559141699481638, 0.0 ], [ 29.778743411403287, -1.559147401188495, 0.0 ], [ 29.778614706379798, -1.559206237189901, 0.0 ], [ 29.778435356452434, -1.559288226169966, 0.0 ], [ 29.77836058049521, -1.5595966742661, 0.0 ], [ 29.778349694884504, -1.559641576162723, 0.0 ], [ 29.778253327346352, -1.559791482459773, 0.0 ], [ 29.778060591540232, -1.559994926273161, 0.0 ], [ 29.777849931491616, -1.55995796812602, 0.0 ], [ 29.77772333343669, -1.559935758656739, 0.0 ], [ 29.777450259613531, -1.559887850036162, 0.0 ], [ 29.777334053895089, -1.559879695841787, 0.0 ], [ 29.777328425121734, -1.559880008180953, 0.0 ], [ 29.777169794361043, -1.559919666632657, 0.0 ], [ 29.776923917287377, -1.559911734656058, 0.0 ], [ 29.776757354671659, -1.559880008805422, 0.0 ], [ 29.776587207327072, -1.559828448052362, 0.0 ], [ 29.776495614486382, -1.559800693472687, 0.0 ], [ 29.77631318866927, -1.559800693868646, 0.0 ], [ 29.776276336405772, -1.559808063877486, 0.0 ], [ 29.776154558745052, -1.559832419343461, 0.0 ], [ 29.775916611367425, -1.559848282270802, 0.0 ], [ 29.775799337281267, -1.559838230349666, 0.0 ], [ 29.775701591502585, -1.559829851028595, 0.0 ], [ 29.775639008177894, -1.559824487281196, 0.0 ], [ 29.775496240726618, -1.559721377755393, 0.0 ], [ 29.775370905392673, -1.559631852162483, 0.0 ], [ 29.775121154210765, -1.559528507726012, 0.0 ], [ 29.775083885562999, -1.55951308562516, 0.0 ], [ 29.775029077170299, -1.559524503791544, 0.0 ], [ 29.77498271072389, -1.559534163716641, 0.0 ], [ 29.774917238156146, -1.559586541291409, 0.0 ], [ 29.774806196269282, -1.559665857409797, 0.0 ], [ 29.774672082313739, -1.559685016321326, 0.0 ], [ 29.774462846588921, -1.559845020141957, 0.0 ], [ 29.774409308135404, -1.560016341792389, 0.0 ], [ 29.774259402492063, -1.559952096374124, 0.0 ], [ 29.774141618889097, -1.559823605275872, 0.0 ], [ 29.774110996655317, -1.559737861380394, 0.0 ], [ 29.773909933338736, -1.559364458070744, 0.0 ], [ 29.773746723737084, -1.559183696821012, 0.0 ], [ 29.773723657000261, -1.559158150055205, 0.0 ], [ 29.773701308263323, -1.559133397470563, 0.0 ], [ 29.773706382442938, -1.559083291704916, 0.0 ], [ 29.773711644654089, -1.559031334558365, 0.0 ], [ 29.773685836557071, -1.55896595388048, 0.0 ], [ 29.773670485748191, -1.558827801695114, 0.0 ], [ 29.77360146159176, -1.558752203337453, 0.0 ], [ 29.773526838118745, -1.558670473132206, 0.0 ], [ 29.773417069943594, -1.558571328533763, 0.0 ], [ 29.773346794377396, -1.558507852325566, 0.0 ], [ 29.773260063469063, -1.558390511855582, 0.0 ], [ 29.773188645451363, -1.55799261024915, 0.0 ], [ 29.773176245685672, -1.557984343173269, 0.0 ], [ 29.773028031737475, -1.557885534468587, 0.0 ], [ 29.772995908278961, -1.55777845813812, 0.0 ], [ 29.77304081807684, -1.55761549267549, 0.0 ], [ 29.773056092494908, -1.55756006625694, 0.0 ], [ 29.772981133468917, -1.557330771104495, 0.0 ], [ 29.772955342411155, -1.557282874271871, 0.0 ], [ 29.772853568246248, -1.557093865666139, 0.0 ], [ 29.772443539428597, -1.556629165634333, 0.0 ], [ 29.772243080640063, -1.556355813031285, 0.0 ], [ 29.771860385995009, -1.555991342077487, 0.0 ], [ 29.771076775626092, -1.554943490375152, 0.0 ], [ 29.770566517112535, -1.554287444514556, 0.0 ], [ 29.769427546939255, -1.553549391357552, 0.0 ], [ 29.768479923973587, -1.552938904646249, 0.0 ], [ 29.767652489446601, -1.552423348843932, 0.0 ], [ 29.767295396265851, -1.552200851853567, 0.0 ], [ 29.76669853445485, -1.551786363229202, 0.0 ], [ 29.766606121100843, -1.551722187070412, 0.0 ], [ 29.76631132671956, -1.551517469217828, 0.0 ], [ 29.766300855134823, -1.551514209336168, 0.0 ], [ 29.765621233013764, -1.551302629075458, 0.0 ], [ 29.765345479566296, -1.551216781809179, 0.0 ], [ 29.765002080963857, -1.551195879715389, 0.0 ], [ 29.76486451310069, -1.55117216062911, 0.0 ], [ 29.76425405591797, -1.551134006088943, 0.0 ], [ 29.764154723271684, -1.551127798596174, 0.0 ], [ 29.763975506089064, -1.551012587402071, 0.0 ], [ 29.76353365813786, -1.550728541880291, 0.0 ], [ 29.763442173338419, -1.550688517116626, 0.0 ], [ 29.763368228685795, -1.550642741144417, 0.0 ], [ 29.763230533143251, -1.55059592512012, 0.0 ], [ 29.762823868518868, -1.550418009259445, 0.0 ], [ 29.761759183953515, -1.549663857362244, 0.0 ], [ 29.761753465173477, -1.549673693463445, 0.0 ], [ 29.761750561737291, -1.54967868929137, 0.0 ], [ 29.761722314349349, -1.54965902164211, 0.0 ], [ 29.761692390972602, -1.549638186163826, 0.0 ], [ 29.761773670146134, -1.549385318753513, 0.0 ], [ 29.76204702364543, -1.548729271267862, 0.0 ], [ 29.76235682339539, -1.548173454856319, 0.0 ], [ 29.762438829590593, -1.548000331531435, 0.0 ], [ 29.76266662311178, -1.547462737608458, 0.0 ], [ 29.763103987484168, -1.546369326621157, 0.0 ], [ 29.763277110435507, -1.545831732764736, 0.0 ], [ 29.763408818671188, -1.545380757511229, 0.0 ], [ 29.763676097307098, -1.544457432617466, 0.0 ], [ 29.763870481200463, -1.543436915013672, 0.0 ], [ 29.764045978914613, -1.54317684046988, 0.0 ], [ 29.764028415896846, -1.54317056708361, 0.0 ], [ 29.764008424676486, -1.542820500077244, 0.0 ], [ 29.764483585273208, -1.540984650451647, 0.0 ], [ 29.764829157731985, -1.539926336354646, 0.0 ], [ 29.764872353174571, -1.539472773383475, 0.0 ], [ 29.765023541617719, -1.539148799605979, 0.0 ], [ 29.765021159538836, -1.539144900276395, 0.0 ], [ 29.765043863602155, -1.539065437287286, 0.0 ], [ 29.765042241541405, -1.538900024837381, 0.0 ], [ 29.765048728241513, -1.53884488602247, 0.0 ], [ 29.765043863439605, -1.538442706505007, 0.0 ], [ 29.765042241100701, -1.538214046164041, 0.0 ], [ 29.765043863300658, -1.538098906784009, 0.0 ], [ 29.765069810477975, -1.537907545220145, 0.0 ], [ 29.765078984208643, -1.537615231181896, 0.0 ], [ 29.765078797272526, -1.537615254676782, 0.0 ], [ 29.765079014871375, -1.537614258906122, 0.0 ], [ 29.765192188658929, -1.537096896808956, 0.0 ], [ 29.765240784508126, -1.536772923383234, 0.0 ], [ 29.765273181689363, -1.534926273008653, 0.0 ], [ 29.765272782080679, -1.53491508949249, 0.0 ], [ 29.765256982324136, -1.534472710655612, 0.0 ], [ 29.765224585303368, -1.533533186889835, 0.0 ], [ 29.765148147390597, -1.532916624093829, 0.0 ], [ 29.765129924390401, -1.531841437731454, 0.0 ], [ 29.76505183350292, -1.53017854130785, 0.0 ], [ 29.765024924955604, -1.530055532808974, 0.0 ], [ 29.76496940741222, -1.529479908440441, 0.0 ], [ 29.764969402922581, -1.529479872262116, 0.0 ], [ 29.76496938048086, -1.529479631677059, 0.0 ], [ 29.76574573704935, -1.529220845684031, 0.0 ], [ 29.766831393523713, -1.529012637257346, 0.0 ], [ 29.766832815321088, -1.529012364270042, 0.0 ], [ 29.767847965086485, -1.528817678100272, 0.0 ], [ 29.768279929994321, -1.528817678019392, 0.0 ], [ 29.768884681067192, -1.528817678482827, 0.0 ], [ 29.769145996041232, -1.528734057264229, 0.0 ], [ 29.769146994548279, -1.528733738102794, 0.0 ], [ 29.769604622633434, -1.528587296231083, 0.0 ], [ 29.770151778414942, -1.528673689134054, 0.0 ], [ 29.77061759999814, -1.528697023315206, 0.0 ], [ 29.770618572403237, -1.528697072259799, 0.0 ], [ 29.770679529263038, -1.528700125890026, 0.0 ], [ 29.770898211213467, -1.52855433727595, 0.0 ], [ 29.771107780966982, -1.528545225759371, 0.0 ], [ 29.77133557559295, -1.528435884540038, 0.0 ], [ 29.77157248156557, -1.528171643378611, 0.0 ], [ 29.771763827909254, -1.528180754433487, 0.0 ], [ 29.771818039647687, -1.52816918150775, 0.0 ], [ 29.771819224181389, -1.528168928389401, 0.0 ], [ 29.772574774182942, -1.528007631372354, 0.0 ], [ 29.772875286065041, -1.528004710344443, 0.0 ], [ 29.772881730760208, -1.528004647718761, 0.0 ], [ 29.772959174049756, -1.528003894411641, 0.0 ], [ 29.773396539331426, -1.52800389474929, 0.0 ], [ 29.773724562490564, -1.528088937548978, 0.0 ], [ 29.773761008911837, -1.528003894509829, 0.0 ], [ 29.773768938907164, -1.52802365931235, 0.0 ], [ 29.77387742641519, -1.52803262211095, 0.0 ], [ 29.774052127994619, -1.528038686830838, 0.0 ], [ 29.774109296568046, -1.528052270429552, 0.0 ], [ 29.774115922633314, -1.528053845771799, 0.0 ], [ 29.775133593134871, -1.528295668325583, 0.0 ], [ 29.775137624646671, -1.528296888848533, 0.0 ], [ 29.77514304822547, -1.52829852918129, 0.0 ], [ 29.775144858181918, -1.528299077466495, 0.0 ], [ 29.775323489391369, -1.52835313604757, 0.0 ], [ 29.775947369101708, -1.528541942425604, 0.0 ], [ 29.776386378939957, -1.528649018860394, 0.0 ], [ 29.776664776598842, -1.528756094688386, 0.0 ], [ 29.777028834307902, -1.528873877230601, 0.0 ], [ 29.777539541405691, -1.529118398833747, 0.0 ], [ 29.777938159559763, -1.529409282357386, 0.0 ], [ 29.778379871426672, -1.52978635321231, 0.0 ], [ 29.778497348922219, -1.529997003807787, 0.0 ], [ 29.778594577580186, -1.530171344190367, 0.0 ], [ 29.778692301354283, -1.530346573692992, 0.0 ], [ 29.778917908934055, -1.530592260194708, 0.0 ], [ 29.7789277299159, -1.530602955390838, 0.0 ], [ 29.779031149919927, -1.530715580580154, 0.0 ], [ 29.779256009390295, -1.530983269453614, 0.0 ], [ 29.779587944432851, -1.531368742823548, 0.0 ], [ 29.779812803598901, -1.531561478347934, 0.0 ], [ 29.780048369932704, -1.531764922704711, 0.0 ], [ 29.780262521663655, -1.531818460019458, 0.0 ], [ 29.780776484873353, -1.53186129060504, 0.0 ], [ 29.781276361399144, -1.532163299708393, 0.0 ], [ 29.781495978115327, -1.532360752143489, 0.0 ], [ 29.781676472729707, -1.532248084725744, 0.0 ], [ 29.7817494422188, -1.532249101569475, 0.0 ], [ 29.78173232347962, -1.532213220408805, 0.0 ], [ 29.781762841369023, -1.532194170460027, 0.0 ], [ 29.782008309993383, -1.531838062422575, 0.0 ], [ 29.782294124743952, -1.531302951247062, 0.0 ], [ 29.78229840392093, -1.530773518329829, 0.0 ], [ 29.782506338438424, -1.530210354046459, 0.0 ], [ 29.782595896031214, -1.529750622871093, 0.0 ], [ 29.782624614083559, -1.529603204570391, 0.0 ], [ 29.782672182138722, -1.529586555836967, 0.0 ], [ 29.782604106595002, -1.529608871553404, 0.0 ], [ 29.782549353215273, -1.529144186476343, 0.0 ], [ 29.782546161453119, -1.52909477531204, 0.0 ], [ 29.782539780622553, -1.528995976499309, 0.0 ], [ 29.782524513644592, -1.528759625781709, 0.0 ], [ 29.782664931524415, -1.528288482031078, 0.0 ], [ 29.782838900392242, -1.527851176128111, 0.0 ], [ 29.782933643281744, -1.527266605523955, 0.0 ], [ 29.783003797151302, -1.52688011533575, 0.0 ], [ 29.782927793638251, -1.526844600837124, 0.0 ], [ 29.782896746267419, -1.526830092162563, 0.0 ], [ 29.782845439430645, -1.526785935466758, 0.0 ], [ 29.782721575046907, -1.526748237284526, 0.0 ], [ 29.782419918110406, -1.526349619544828, 0.0 ], [ 29.782366051553975, -1.526101829068892, 0.0 ], [ 29.782343733141715, -1.525982799772913, 0.0 ], [ 29.782306274904617, -1.52586447621295, 0.0 ], [ 29.782303831329198, -1.525810529323123, 0.0 ], [ 29.782301410171595, -1.52575707988141, 0.0 ], [ 29.782473786717631, -1.525423101452627, 0.0 ], [ 29.782613841094925, -1.525132218422618, 0.0 ], [ 29.782796990404179, -1.524959842202055, 0.0 ], [ 29.78308787365388, -1.524916749492557, 0.0 ], [ 29.783335663545255, -1.525089124211125, 0.0 ], [ 29.783648093375714, -1.525272273791817, 0.0 ], [ 29.78402516439872, -1.525390781798499, 0.0 ], [ 29.784434556421527, -1.52536923485451, 0.0 ], [ 29.78454229058288, -1.525326140668047, 0.0 ], [ 29.784703892228645, -1.525207632770686, 0.0 ], [ 29.785436488217826, -1.525013710618153, 0.0 ], [ 29.785648168048464, -1.524894639667831, 0.0 ], [ 29.785706662560724, -1.524923394284249, 0.0 ], [ 29.785849730361715, -1.524818646497811, 0.0 ], [ 29.786427646362071, -1.524809014018051, 0.0 ], [ 29.78705250754583, -1.524873655641662, 0.0 ], [ 29.787634274460494, -1.52500293636855, 0.0 ], [ 29.788108306121046, -1.525261499728302, 0.0 ], [ 29.788787034661041, -1.525778625818887, 0.0 ], [ 29.789325707074106, -1.526080282302083, 0.0 ], [ 29.789562722980136, -1.526252658037848, 0.0 ], [ 29.790112170027143, -1.526511221209861, 0.0 ], [ 29.790586202292296, -1.526640502392405, 0.0 ], [ 29.790963272957704, -1.526640502228198, 0.0 ], [ 29.791145893182222, -1.526665984801781, 0.0 ], [ 29.791234537741097, -1.526678353642404, 0.0 ], [ 29.791271908546186, -1.52668356871919, 0.0 ], [ 29.791272025397056, -1.526683384223308, 0.0 ], [ 29.791272370556168, -1.526682843397463, 0.0 ], [ 29.791447200278174, -1.526703593116216, 0.0 ], [ 29.791857470708351, -1.526672823114753, 0.0 ], [ 29.792245315403001, -1.526586635354485, 0.0 ], [ 29.792570465239372, -1.526579717164832, 0.0 ], [ 29.79263955327788, -1.526578247811286, 0.0 ], [ 29.792751668334223, -1.5265758628055, 0.0 ], [ 29.793021004201044, -1.526457354726424, 0.0 ], [ 29.793538130679654, -1.526317299484385, 0.0 ], [ 29.793785920666405, -1.526198790121631, 0.0 ], [ 29.794044726969329, -1.526005953378834, 0.0 ], [ 29.794121941122341, -1.525948421667847, 0.0 ], [ 29.794335366197835, -1.525789399616867, 0.0 ], [ 29.794540062420356, -1.525692438089471, 0.0 ], [ 29.794874039545078, -1.525617024748119, 0.0 ], [ 29.795100282026418, -1.525476969200891, 0.0 ], [ 29.795563541091717, -1.525326140806253, 0.0 ], [ 29.795822104565133, -1.525218405082298, 0.0 ], [ 29.796156081345277, -1.525250726625161, 0.0 ], [ 29.796425418570877, -1.525315367832846, 0.0 ], [ 29.796910222927735, -1.525380007773245, 0.0 ], [ 29.797201107666627, -1.525283046011924, 0.0 ], [ 29.797246609148761, -1.525211543778549, 0.0 ], [ 29.797311460075154, -1.525167811733688, 0.0 ], [ 29.797353258511976, -1.525042191512014, 0.0 ], [ 29.797459670130372, -1.52473360037907, 0.0 ], [ 29.797524311468255, -1.524431943303536, 0.0 ], [ 29.797588950943918, -1.524044098676078, 0.0 ], [ 29.797567405661628, -1.523720894017381, 0.0 ], [ 29.797729006607934, -1.523236089071628, 0.0 ], [ 29.797858288367987, -1.522794377088271, 0.0 ], [ 29.798116851304883, -1.522514267736267, 0.0 ], [ 29.798136014672764, -1.522445829067049, 0.0 ], [ 29.798181643189551, -1.522282866329565, 0.0 ], [ 29.798192265029513, -1.522244930263773, 0.0 ], [ 29.798138398019599, -1.521760125755363, 0.0 ], [ 29.798127625545295, -1.521339960766934, 0.0 ], [ 29.798145337398079, -1.521262671031855, 0.0 ], [ 29.798196966990073, -1.521037375209911, 0.0 ], [ 29.79824613309351, -1.52082283303852, 0.0 ], [ 29.798429280940901, -1.520553497531503, 0.0 ], [ 29.798418507882925, -1.520187199641272, 0.0 ], [ 29.798418508294159, -1.519950183641252, 0.0 ], [ 29.798407735627926, -1.519540792424562, 0.0 ], [ 29.798386188681619, -1.519088306870177, 0.0 ], [ 29.798569336644423, -1.518883610409118, 0.0 ], [ 29.798687844402856, -1.518506539088269, 0.0 ], [ 29.798849446636549, -1.51829107040699, 0.0 ], [ 29.799054142719037, -1.517806264754765, 0.0 ], [ 29.799109520746143, -1.5175016880352, 0.0 ], [ 29.799129623062516, -1.517414968729248, 0.0 ], [ 29.799226518485142, -1.517095216530283, 0.0 ], [ 29.799243026384381, -1.517042690446406, 0.0 ], [ 29.799246039752262, -1.517033103579167, 0.0 ], [ 29.799247055595213, -1.517029872081377, 0.0 ], [ 29.799283661001486, -1.516913399783126, 0.0 ], [ 29.799345025996157, -1.516718145138639, 0.0 ], [ 29.799582042464429, -1.516513449049637, 0.0 ], [ 29.799962944188113, -1.516282902715104, 0.0 ], [ 29.799989476964317, -1.516281858735431, 0.0 ], [ 29.800119131946381, -1.51627675613078, 0.0 ], [ 29.800401156046046, -1.516265659410424, 0.0 ], [ 29.800573200122052, -1.516265659083828, 0.0 ], [ 29.800950270977967, -1.516384168559015, 0.0 ], [ 29.801305796632377, -1.516556543103183, 0.0 ], [ 29.801395367560833, -1.516607381357791, 0.0 ], [ 29.80158141837563, -1.516712978372836, 0.0 ], [ 29.801704414303682, -1.516782786880812, 0.0 ], [ 29.802113805430754, -1.517062896899505, 0.0 ], [ 29.802277957919898, -1.517123085838131, 0.0 ] ] ] } },
{ "type": "Feature", "properties": { "sector": "Ruhunde", "district": "Burera", "province": "North", "Area_m2_gis": 43233130.803874597, "Perimeter_m_gis": 28974.201866354029 }, "geometry": { "type": "Polygon", "coordinates": [ [ [ 29.910614629546153, -1.529829483760956, 0.0 ], [ 29.910621835697452, -1.529846452493402, 0.0 ], [ 29.910737682304013, -1.529705996800679, 0.0 ], [ 29.910802673037978, -1.52971471572712, 0.0 ], [ 29.910806391929775, -1.529715214235897, 0.0 ], [ 29.911151457103866, -1.529761507657631, 0.0 ], [ 29.911760580186783, -1.529944271218223, 0.0 ], [ 29.912440955347606, -1.530317723234087, 0.0 ], [ 29.912993590993, -1.530441352847125, 0.0 ], [ 29.913484836327655, -1.530441367414513, 0.0 ], [ 29.913853267428987, -1.530626757093983, 0.0 ], [ 29.914224806153079, -1.530840457103372, 0.0 ], [ 29.914810007152237, -1.530967305610665, 0.0 ], [ 29.915783373568622, -1.531354020337667, 0.0 ], [ 29.916352245463614, -1.531562220574034, 0.0 ], [ 29.916442928931616, -1.53159541663431, 0.0 ], [ 29.916475018283698, -1.531607163112617, 0.0 ], [ 29.916628641141386, -1.531663399845668, 0.0 ], [ 29.917029275562236, -1.531808136026557, 0.0 ], [ 29.917128137336185, -1.531843867557602, 0.0 ], [ 29.917704462032248, -1.53211456178558, 0.0 ], [ 29.918385852700869, -1.532418097852168, 0.0 ], [ 29.918485715374771, -1.532462592601464, 0.0 ], [ 29.918969882483754, -1.532640874154124, 0.0 ], [ 29.919009957724882, -1.532657940889382, 0.0 ], [ 29.919566676430591, -1.532902116245798, 0.0 ], [ 29.919651178431447, -1.532939534829948, 0.0 ], [ 29.920050015106334, -1.533129095064222, 0.0 ], [ 29.920424164406612, -1.533305173438761, 0.0 ], [ 29.920967223579428, -1.533504968255693, 0.0 ], [ 29.921590236506624, -1.533716917207797, 0.0 ], [ 29.922263877152073, -1.534035202515088, 0.0 ], [ 29.922978190300935, -1.534263463498944, 0.0 ], [ 29.923070738980186, -1.534293023455516, 0.0 ], [ 29.923164053536464, -1.534318067504071, 0.0 ], [ 29.92327785217185, -1.534358501548782, 0.0 ], [ 29.923374480431878, -1.534380702108942, 0.0 ], [ 29.923621469534531, -1.534460601294182, 0.0 ], [ 29.924311345447396, -1.534672458717325, 0.0 ], [ 29.925021329512223, -1.534886017003304, 0.0 ], [ 29.925107127162658, -1.534911779743505, 0.0 ], [ 29.925632600636686, -1.535069527498912, 0.0 ], [ 29.925647179598286, -1.535073904655332, 0.0 ], [ 29.925837144678283, -1.535130932509788, 0.0 ], [ 29.926349437249222, -1.535324273462473, 0.0 ], [ 29.926489034066634, -1.535438841696341, 0.0 ], [ 29.926633130227522, -1.535438842154572, 0.0 ], [ 29.9271614234972, -1.535616092353073, 0.0 ], [ 29.927977895575133, -1.535906128418992, 0.0 ], [ 29.928554236601638, -1.53627670486328, 0.0 ], [ 29.928634409929035, -1.536308607605482, 0.0 ], [ 29.928996270636535, -1.536452592324739, 0.0 ], [ 29.929000707585516, -1.536454357060316, 0.0 ], [ 29.929242626914235, -1.536550617896511, 0.0 ], [ 29.929851328704967, -1.536840091904423, 0.0 ], [ 29.929931017107894, -1.53688897749187, 0.0 ], [ 29.930436263145413, -1.537179561303016, 0.0 ], [ 29.931179731907761, -1.537581822803968, 0.0 ], [ 29.931213578515507, -1.537619536866953, 0.0 ], [ 29.931214602127849, -1.537620676510574, 0.0 ], [ 29.931370423973707, -1.537794303016056, 0.0 ], [ 29.931375043260918, -1.537799450405966, 0.0 ], [ 29.931466164547576, -1.537900979075101, 0.0 ], [ 29.931489885578625, -1.53792741066348, 0.0 ], [ 29.931627992407737, -1.538081292376157, 0.0 ], [ 29.931916155375994, -1.538339082433169, 0.0 ], [ 29.932008907013074, -1.538440214078245, 0.0 ], [ 29.932108253284895, -1.538548548087854, 0.0 ], [ 29.932172285500108, -1.538612995108025, 0.0 ], [ 29.932300367017824, -1.538741890047931, 0.0 ], [ 29.932598295903784, -1.538993774253661, 0.0 ], [ 29.932700594334698, -1.539080235046141, 0.0 ], [ 29.933159605627239, -1.539651621314423, 0.0 ], [ 29.933308921512211, -1.539837496486004, 0.0 ], [ 29.9336068330384, -1.540194433650301, 0.0 ], [ 29.933643709052294, -1.540241402132784, 0.0 ], [ 29.933917263494745, -1.540594756860637, 0.0 ], [ 29.93404534402497, -1.540675327696197, 0.0 ], [ 29.934476009930968, -1.541224341178786, 0.0 ], [ 29.934857628699557, -1.541690862456967, 0.0 ], [ 29.934933802049269, -1.541783401171526, 0.0 ], [ 29.934989471663489, -1.541851807549506, 0.0 ], [ 29.935486142327701, -1.542463731176289, 0.0 ], [ 29.93588637071008, -1.542866538674588, 0.0 ], [ 29.935986794201959, -1.543000104066682, 0.0 ], [ 29.936334614348592, -1.543462672519913, 0.0 ], [ 29.936748576101603, -1.54381978189842, 0.0 ], [ 29.936782165187335, -1.543850129103097, 0.0 ], [ 29.937311166990639, -1.544332720167852, 0.0 ], [ 29.937368497082435, -1.544388012875872, 0.0 ], [ 29.937695378957137, -1.544703296694787, 0.0 ], [ 29.938591899644599, -1.545428342263868, 0.0 ], [ 29.938682311997969, -1.545515966469934, 0.0 ], [ 29.938808949338597, -1.545638698058132, 0.0 ], [ 29.939024143250183, -1.545847257534511, 0.0 ], [ 29.939084987969515, -1.545884660223744, 0.0 ], [ 29.939547982902891, -1.54616933739528, 0.0 ], [ 29.940000227681864, -1.546506433535087, 0.0 ], [ 29.940368830525649, -1.546842783759091, 0.0 ], [ 29.940379063204254, -1.54685212071477, 0.0 ], [ 29.940607741935473, -1.547060789858087, 0.0 ], [ 29.941105643151904, -1.547409290398737, 0.0 ], [ 29.941681672426448, -1.547941821101895, 0.0 ], [ 29.941979684033843, -1.548313410204482, 0.0 ], [ 29.941994682440445, -1.548332111084071, 0.0 ], [ 29.942075165535663, -1.548432464148235, 0.0 ], [ 29.942723180628583, -1.549078344397537, 0.0 ], [ 29.943153783360938, -1.549581409114011, 0.0 ], [ 29.943619574884323, -1.550233195679278, 0.0 ], [ 29.943936769644562, -1.550810768742206, 0.0 ], [ 29.944415234253153, -1.551651381716759, 0.0 ], [ 29.944886712881754, -1.552303166360779, 0.0 ], [ 29.945322786435241, -1.552771890538401, 0.0 ], [ 29.945399888115489, -1.552969740697864, 0.0 ], [ 29.945455045998365, -1.553111278146712, 0.0 ], [ 29.945569385147778, -1.553404678378181, 0.0 ], [ 29.946132163012109, -1.55424152521921, 0.0 ], [ 29.946705176247676, -1.555036282560876, 0.0 ], [ 29.947061200039723, -1.55563338601762, 0.0 ], [ 29.947124717194047, -1.555739907744562, 0.0 ], [ 29.947517258081717, -1.556357180442736, 0.0 ], [ 29.948006487198636, -1.55710622339876, 0.0 ], [ 29.948171110534211, -1.557385916857072, 0.0 ], [ 29.948179423483566, -1.557400040093868, 0.0 ], [ 29.948386808688131, -1.55775238567261, 0.0 ], [ 29.948464378424095, -1.557828597683846, 0.0 ], [ 29.948465462272289, -1.557829662251513, 0.0 ], [ 29.948523420291906, -1.557886607123507, 0.0 ], [ 29.948523384269738, -1.557889605383791, 0.0 ], [ 29.948523373461594, -1.557890566816904, 0.0 ], [ 29.948523191546641, -1.557905833071978, 0.0 ], [ 29.948523141115665, -1.557910028827475, 0.0 ], [ 29.948518265461548, -1.558317990301706, 0.0 ], [ 29.948516865470566, -1.558382213654483, 0.0 ], [ 29.948501467065952, -1.559026693806275, 0.0 ], [ 29.948549484649789, -1.559139464880032, 0.0 ], [ 29.948565485133141, -1.559719491778064, 0.0 ], [ 29.948587579462977, -1.559875195684426, 0.0 ], [ 29.948677535624771, -1.560508952510885, 0.0 ], [ 29.948701972162343, -1.560586867199057, 0.0 ], [ 29.948944400114179, -1.561359501052993, 0.0 ], [ 29.948951973641705, -1.561364582453975, 0.0 ], [ 29.948990463195344, -1.561390405521966, 0.0 ], [ 29.95015037991617, -1.562168476403612, 0.0 ], [ 29.951288624590106, -1.561497113442847, 0.0 ], [ 29.95138969967396, -1.561553490343142, 0.0 ], [ 29.951391859399894, -1.561550768894769, 0.0 ], [ 29.951394280474329, -1.561556046433484, 0.0 ], [ 29.951394532117273, -1.561556187533975, 0.0 ], [ 29.952139200373512, -1.561971550281257, 0.0 ], [ 29.952149781065078, -1.561977452078586, 0.0 ], [ 29.952169096466836, -1.561988226363436, 0.0 ], [ 29.952489523721972, -1.562316277824893, 0.0 ], [ 29.952506855460221, -1.562334021775337, 0.0 ], [ 29.952717344658836, -1.562549519681832, 0.0 ], [ 29.953108196532696, -1.562903550340903, 0.0 ], [ 29.953169244191596, -1.562982246346059, 0.0 ], [ 29.953431203295793, -1.56332007620515, 0.0 ], [ 29.953969512328079, -1.563748631483757, 0.0 ], [ 29.954827953494654, -1.5644376325995, 0.0 ], [ 29.955140632065863, -1.564791664815016, 0.0 ], [ 29.955218806331814, -1.564948993359309, 0.0 ], [ 29.955279838616921, -1.564996239669664, 0.0 ], [ 29.95561551803106, -1.565256122383758, 0.0 ], [ 29.95572692737538, -1.565342349863558, 0.0 ], [ 29.955806010992518, -1.565382147468493, 0.0 ], [ 29.955808031334293, -1.565383164116354, 0.0 ], [ 29.955883258510198, -1.565421021585236, 0.0 ], [ 29.955867982240402, -1.565441080217669, 0.0 ], [ 29.955868965446619, -1.565441711546602, 0.0 ], [ 29.955778851000098, -1.565559909869122, 0.0 ], [ 29.955655601976634, -1.565715592531661, 0.0 ], [ 29.955546948716933, -1.565858301121233, 0.0 ], [ 29.955360453009575, -1.566129124690615, 0.0 ], [ 29.955316666935992, -1.566192371236058, 0.0 ], [ 29.955222608937454, -1.56638697400701, 0.0 ], [ 29.955173958499888, -1.566425895184833, 0.0 ], [ 29.95503611314108, -1.566531305289401, 0.0 ], [ 29.954914485881684, -1.566703205682545, 0.0 ], [ 29.95487718712068, -1.566755099665946, 0.0 ], [ 29.954775020704776, -1.566946460678976, 0.0 ], [ 29.95473772089797, -1.567004841395323, 0.0 ], [ 29.954713396347223, -1.567097278660686, 0.0 ], [ 29.954661500924711, -1.567285394678401, 0.0 ], [ 29.954607985476063, -1.567496215138579, 0.0 ], [ 29.954509062383558, -1.567653520843429, 0.0 ], [ 29.95447987129489, -1.567697305671525, 0.0 ], [ 29.954413382347507, -1.567791364597812, 0.0 ], [ 29.954275537221196, -1.568128677257787, 0.0 ], [ 29.954150666974968, -1.568391392731941, 0.0 ], [ 29.953973902527654, -1.568697893419318, 0.0 ], [ 29.953879843187419, -1.568942769223531, 0.0 ], [ 29.953821462575238, -1.569078991184702, 0.0 ], [ 29.953772811595005, -1.569179537218838, 0.0 ], [ 29.953563612410079, -1.569526580145572, 0.0 ], [ 29.953544152431601, -1.569547662505768, 0.0 ], [ 29.953490636261595, -1.569661181894473, 0.0 ], [ 29.953378268576309, -1.56986604065102, 0.0 ], [ 29.953341821353266, -1.570096871564357, 0.0 ], [ 29.953208181042758, -1.570315553488466, 0.0 ], [ 29.953123137924571, -1.570509937471078, 0.0 ], [ 29.952831562617483, -1.570898705381002, 0.0 ], [ 29.952722221331939, -1.571202431707365, 0.0 ], [ 29.952588582518327, -1.57162764628219, 0.0 ], [ 29.952539985919557, -1.57182203016287, 0.0 ], [ 29.952345602099463, -1.572283693678098, 0.0 ], [ 29.952272708210927, -1.572587418095938, 0.0 ], [ 29.951944684473226, -1.573073378418848, 0.0 ], [ 29.951896088622515, -1.574093895754616, 0.0 ], [ 29.951738151177363, -1.574592005865551, 0.0 ], [ 29.951689555102075, -1.574834985057515, 0.0 ], [ 29.951640959294746, -1.575065816542715, 0.0 ], [ 29.951592363138008, -1.575272349903194, 0.0 ], [ 29.951422277069096, -1.575466733615223, 0.0 ], [ 29.951337234393204, -1.575819055752157, 0.0 ], [ 29.951118552417526, -1.57651154844413, 0.0 ], [ 29.951191446292821, -1.576839572553944, 0.0 ], [ 29.951118552011632, -1.577106850176771, 0.0 ], [ 29.951118552258812, -1.577519916443205, 0.0 ], [ 29.951104671881428, -1.577527979310982, 0.0 ], [ 29.951116395948866, -1.577529562380375, 0.0 ], [ 29.951109562310378, -1.577666239494302, 0.0 ], [ 29.951139807925752, -1.577772796495998, 0.0 ], [ 29.951123610638255, -1.578048173019607, 0.0 ], [ 29.951123610264688, -1.578372147073414, 0.0 ], [ 29.951042615913305, -1.578777114756994, 0.0 ], [ 29.951123610269622, -1.578987697682418, 0.0 ], [ 29.95113980828333, -1.579182081229966, 0.0 ], [ 29.951123610552408, -1.579668041469608, 0.0 ], [ 29.95125319944901, -1.580251194021741, 0.0 ], [ 29.951334192194707, -1.580688558500183, 0.0 ], [ 29.951235440968631, -1.580760271127059, 0.0 ], [ 29.951210551614121, -1.580778347834589, 0.0 ], [ 29.951237339197689, -1.580795340420204, 0.0 ], [ 29.951230183025906, -1.581080693262991, 0.0 ], [ 29.95122584254381, -1.581253738473584, 0.0 ], [ 29.951225120179608, -1.581282533516419, 0.0 ], [ 29.951224070366973, -1.581324407841652, 0.0 ], [ 29.951222765973338, -1.5813763975596, 0.0 ], [ 29.951220205761867, -1.58147849663944, 0.0 ], [ 29.951239150221923, -1.581563334748283, 0.0 ], [ 29.951266024380185, -1.581683683665241, 0.0 ], [ 29.951286884926258, -1.581808850459153, 0.0 ], [ 29.951286885162773, -1.581991387097642, 0.0 ], [ 29.951292100235811, -1.582121770404625, 0.0 ], [ 29.951270234422118, -1.582209237696901, 0.0 ], [ 29.951266024306797, -1.582226076697214, 0.0 ], [ 29.95134425368402, -1.582346029771162, 0.0 ], [ 29.951312961970839, -1.582465981163258, 0.0 ], [ 29.951281670375533, -1.582580718385021, 0.0 ], [ 29.951297316362066, -1.582669379536281, 0.0 ], [ 29.951406837205774, -1.582758039284744, 0.0 ], [ 29.951495498419497, -1.582836269293126, 0.0 ], [ 29.951542436210278, -1.582956221623335, 0.0 ], [ 29.951774638283691, -1.583133787408852, 0.0 ], [ 29.951824037363338, -1.583115237335547, 0.0 ], [ 29.951826910544412, -1.583119937843235, 0.0 ], [ 29.95179624319417, -1.583135270312235, 0.0 ], [ 29.951829418279861, -1.583187619904019, 0.0 ], [ 29.951871001061022, -1.583243064728713, 0.0 ], [ 29.951902292979334, -1.583347371463396, 0.0 ], [ 29.951865786574512, -1.58351426112158, 0.0 ], [ 29.951865786375798, -1.583717658054873, 0.0 ], [ 29.951860570633585, -1.583926271748832, 0.0 ], [ 29.951912724486156, -1.584098377646526, 0.0 ], [ 29.952017029945811, -1.584228760548446, 0.0 ], [ 29.952095260756931, -1.584369574795911, 0.0 ], [ 29.952204781908765, -1.584567756486115, 0.0 ], [ 29.952214430029823, -1.584603452743276, 0.0 ], [ 29.952256935326727, -1.584760723575986, 0.0 ], [ 29.952288227172737, -1.584948475106997, 0.0 ], [ 29.952324734202652, -1.585068427177943, 0.0 ], [ 29.952392533498397, -1.58524053342597, 0.0 ], [ 29.952475977881004, -1.58538656285416, 0.0 ], [ 29.952528132055356, -1.585548237683975, 0.0 ], [ 29.952580284931884, -1.585767280135553, 0.0 ], [ 29.952548993025651, -1.586054123860178, 0.0 ], [ 29.952538433221072, -1.58615180178971, 0.0 ], [ 29.952528132308959, -1.58624709016114, 0.0 ], [ 29.952528132404552, -1.586440057847521, 0.0 ], [ 29.952517701707258, -1.58666953171494, 0.0 ], [ 29.952533347006369, -1.586831206604661, 0.0 ], [ 29.952533347510048, -1.586966804858691, 0.0 ], [ 29.952580285193861, -1.587018957585906, 0.0 ], [ 29.952674161654613, -1.587154556194361, 0.0 ], [ 29.952730219421284, -1.587304046321923, 0.0 ], [ 29.95275239107588, -1.58736316909221, 0.0 ], [ 29.95281497457184, -1.587556136406142, 0.0 ], [ 29.952835836655481, -1.587738672613046, 0.0 ], [ 29.952903635720197, -1.587926424065456, 0.0 ], [ 29.952961003076325, -1.588072453780957, 0.0 ], [ 29.953034018110053, -1.588197620843635, 0.0 ], [ 29.953127893988171, -1.588322788379967, 0.0 ], [ 29.953180047033225, -1.588380157191554, 0.0 ], [ 29.953229465221987, -1.588436163833895, 0.0 ], [ 29.953258277446363, -1.588468817039066, 0.0 ], [ 29.953341722284573, -1.58856269388503, 0.0 ], [ 29.953399090155507, -1.588687861484212, 0.0 ], [ 29.953419951903346, -1.588807813180146, 0.0 ], [ 29.953469629696162, -1.588910715692288, 0.0 ], [ 29.953492966406454, -1.588959057405731, 0.0 ], [ 29.953560765285047, -1.589360637721088, 0.0 ], [ 29.953654641585086, -1.589631834539409, 0.0 ], [ 29.953748517155862, -1.589856093879454, 0.0 ], [ 29.9538528247529, -1.59006992149326, 0.0 ], [ 29.953915407642949, -1.590257673700125, 0.0 ], [ 29.954004068431821, -1.590414132428821, 0.0 ], [ 29.95410315932893, -1.590565377217826, 0.0 ], [ 29.954186604747861, -1.590638391022229, 0.0 ], [ 29.954400432535916, -1.590794851622051, 0.0 ], [ 29.954471962498232, -1.590861612669211, 0.0 ], [ 29.95447866253453, -1.590867865299008, 0.0 ], [ 29.954489093253795, -1.590998248709103, 0.0 ], [ 29.954489093222563, -1.591081694413644, 0.0 ], [ 29.954561941453214, -1.591158011029193, 0.0 ], [ 29.95459861496769, -1.591196431180585, 0.0 ], [ 29.954661198563194, -1.591232938082694, 0.0 ], [ 29.954708135951275, -1.591264230467924, 0.0 ], [ 29.954775936562321, -1.591311168534113, 0.0 ], [ 29.954845575287404, -1.591350340103829, 0.0 ], [ 29.954768360168853, -1.591432097302127, 0.0 ], [ 29.954617532526683, -1.591658339176819, 0.0 ], [ 29.954545128704684, -1.591972087667078, 0.0 ], [ 29.954520570741018, -1.592078504113802, 0.0 ], [ 29.954531344212487, -1.592563310857275, 0.0 ], [ 29.954499024143193, -1.593101983126046, 0.0 ], [ 29.954358969237418, -1.593306679342888, 0.0 ], [ 29.954262007468973, -1.593597562705714, 0.0 ], [ 29.954067676027559, -1.593764131391414, 0.0 ], [ 29.954035765295565, -1.593791484035272, 0.0 ], [ 29.953744881364571, -1.593985407496221, 0.0 ], [ 29.953500359552272, -1.594133257343705, 0.0 ], [ 29.953489674164434, -1.59413971851023, 0.0 ], [ 29.953281622307447, -1.594265517700227, 0.0 ], [ 29.952936872045278, -1.594599494293449, 0.0 ], [ 29.952289291270318, -1.59504862320699, 0.0 ], [ 29.95226891716451, -1.595062753898608, 0.0 ], [ 29.951850633207737, -1.595332313468108, 0.0 ], [ 29.951808071324574, -1.595359742702876, 0.0 ], [ 29.951784111166059, -1.595375183856682, 0.0 ], [ 29.951407040608601, -1.595321316590688, 0.0 ], [ 29.951299306537969, -1.595202808131827, 0.0 ], [ 29.950846820161939, -1.594955018008468, 0.0 ], [ 29.950502069306566, -1.594728776265832, 0.0 ], [ 29.95021346901127, -1.594496292398075, 0.0 ], [ 29.950114225517854, -1.594416345420247, 0.0 ], [ 29.950075745392333, -1.594384278021163, 0.0 ], [ 29.949661739904048, -1.594039274405052, 0.0 ], [ 29.949209254669771, -1.593726844516797, 0.0 ], [ 29.948745995758252, -1.593543695803398, 0.0 ], [ 29.948336603882954, -1.593489828078765, 0.0 ], [ 29.947873345440133, -1.593543695477988, 0.0 ], [ 29.947773090270005, -1.593563746444275, 0.0 ], [ 29.947742170417229, -1.593569930301624, 0.0 ], [ 29.947660727076602, -1.593586219219918, 0.0 ], [ 29.94765810053719, -1.593601740462482, 0.0 ], [ 29.947651051487881, -1.593643386702951, 0.0 ], [ 29.947650095075279, -1.593649032271111, 0.0 ], [ 29.947647102531711, -1.593672976670576, 0.0 ], [ 29.947679423524967, -1.5938453525801, 0.0 ], [ 29.947695341728458, -1.593863544240397, 0.0 ], [ 29.947754837274601, -1.593931539786778, 0.0 ], [ 29.947808703935149, -1.594071594729015, 0.0 ], [ 29.948002627356168, -1.594211649615435, 0.0 ], [ 29.948358151337313, -1.594394798495856, 0.0 ], [ 29.9484874326766, -1.594696455664464, 0.0 ], [ 29.948552072941556, -1.595008886847743, 0.0 ], [ 29.948627487181895, -1.595332089424376, 0.0 ], [ 29.948638261211858, -1.595666067831387, 0.0 ], [ 29.948767541994929, -1.596140099160365, 0.0 ], [ 29.948918371158527, -1.596474076548243, 0.0 ], [ 29.949047652272959, -1.596829600160398, 0.0 ], [ 29.94915538728856, -1.597163578265145, 0.0 ], [ 29.949145509256265, -1.597267293397351, 0.0 ], [ 29.949133840446848, -1.597389820192471, 0.0 ], [ 29.949020815356743, -1.597457636841123, 0.0 ], [ 29.948972238005588, -1.597486782514394, 0.0 ], [ 29.948702901882424, -1.597486782098305, 0.0 ], [ 29.948358151758644, -1.597260539089258, 0.0 ], [ 29.948228869032704, -1.597260539434367, 0.0 ], [ 29.947953891926591, -1.597135549774243, 0.0 ], [ 29.947754836916122, -1.597045070501407, 0.0 ], [ 29.947140749971901, -1.596786507012926, 0.0 ], [ 29.946932372666929, -1.596611031498776, 0.0 ], [ 29.946731358706909, -1.596441756177964, 0.0 ], [ 29.946253940017744, -1.596312087702371, 0.0 ], [ 29.945858708003612, -1.596204740469365, 0.0 ], [ 29.945710925908305, -1.59608466867536, 0.0 ], [ 29.945513957137074, -1.595924630519573, 0.0 ], [ 29.945007604539843, -1.595784575160015, 0.0 ], [ 29.94436119732044, -1.595698387772281, 0.0 ], [ 29.944087970175293, -1.595719957840762, 0.0 ], [ 29.944000706669147, -1.595726846475715, 0.0 ], [ 29.943989057933813, -1.59572776688922, 0.0 ], [ 29.943989021983693, -1.595727769601585, 0.0 ], [ 29.943952261195761, -1.595730671886536, 0.0 ], [ 29.943951805528098, -1.595730707147696, 0.0 ], [ 29.943650148673299, -1.59606468510363, 0.0 ], [ 29.943562586364507, -1.596152247250504, 0.0 ], [ 29.943542414245098, -1.596172419600536, 0.0 ], [ 29.943491662347835, -1.596250061821678, 0.0 ], [ 29.943409995003336, -1.596335061810583, 0.0 ], [ 29.943311662596678, -1.596435061677247, 0.0 ], [ 29.943307459989118, -1.596436775498021, 0.0 ], [ 29.943266079366776, -1.596481221855319, 0.0 ], [ 29.943177000049488, -1.59649903709316, 0.0 ], [ 29.943171470322749, -1.596488492833008, 0.0 ], [ 29.94306999555355, -1.596501728478775, 0.0 ], [ 29.943143328111795, -1.596441728241974, 0.0 ], [ 29.942995611637141, -1.596326597282313, 0.0 ], [ 29.942928197947712, -1.596202142747321, 0.0 ], [ 29.942845229359364, -1.596020647578738, 0.0 ], [ 29.942762259246727, -1.595927306671466, 0.0 ], [ 29.942658547049554, -1.595859893116992, 0.0 ], [ 29.941644995720168, -1.595135061599977, 0.0 ], [ 29.941627788569537, -1.595123404526245, 0.0 ], [ 29.941626341614331, -1.595122224174544, 0.0 ], [ 29.941544724920558, -1.59516303254531, 0.0 ], [ 29.941308796629453, -1.595383739309629, 0.0 ], [ 29.941004372506672, -1.595642499808361, 0.0 ], [ 29.940966626422565, -1.595686205476588, 0.0 ], [ 29.940715169172073, -1.595977366750665, 0.0 ], [ 29.940684727221765, -1.59608391488144, 0.0 ], [ 29.940570568162133, -1.596167631296368, 0.0 ], [ 29.940258533227578, -1.596456834415593, 0.0 ], [ 29.94003782675226, -1.596586214386252, 0.0 ], [ 29.939914579201233, -1.59658621438379, 0.0 ], [ 29.939844233038961, -1.596617351704823, 0.0 ], [ 29.939639294535876, -1.596704896650527, 0.0 ], [ 29.938775327601743, -1.59673710834071, 0.0 ], [ 29.938756504923759, -1.596741515172919, 0.0 ], [ 29.938541097015804, -1.596791956343622, 0.0 ], [ 29.938132036497489, -1.596887744494464, 0.0 ], [ 29.937642795404841, -1.597021173422033, 0.0 ], [ 29.936931171215033, -1.597347334164328, 0.0 ], [ 29.936560235657275, -1.597440068834135, 0.0 ], [ 29.93637998134038, -1.597550858634349, 0.0 ], [ 29.936265821935553, -1.597579397780533, 0.0 ], [ 29.936140246920097, -1.597567981478492, 0.0 ], [ 29.936037504657556, -1.597499486803985, 0.0 ], [ 29.935906221649056, -1.597430991229078, 0.0 ], [ 29.935884602213516, -1.597400965447621, 0.0 ], [ 29.935803478109296, -1.597288292563567, 0.0 ], [ 29.935637948011326, -1.597196965710723, 0.0 ], [ 29.935535204183587, -1.597179841188903, 0.0 ], [ 29.935306885915864, -1.597162717211146, 0.0 ], [ 29.935196872701844, -1.597154859460379, 0.0 ], [ 29.935108697444342, -1.597115332096353, 0.0 ], [ 29.934910184044835, -1.597026343051838, 0.0 ], [ 29.934844542503789, -1.597008602841192, 0.0 ], [ 29.934730882007504, -1.597005830684565, 0.0 ], [ 29.934610515933503, -1.597002894601143, 0.0 ], [ 29.934513481160899, -1.597065682187689, 0.0 ], [ 29.934382198039884, -1.59705997449891, 0.0 ], [ 29.934347951308901, -1.597025726313328, 0.0 ], [ 29.934150479364867, -1.596972561680011, 0.0 ], [ 29.934051137643777, -1.596945815630908, 0.0 ], [ 29.934043847942, -1.596943628430016, 0.0 ], [ 29.933879899308678, -1.596894443538614, 0.0 ], [ 29.933817111128956, -1.596854488231313, 0.0 ], [ 29.933754324063173, -1.596751744037197, 0.0 ], [ 29.933748822895257, -1.596748994323954, 0.0 ], [ 29.933735628741147, -1.596680001372989, 0.0 ], [ 29.933672599333864, -1.596651638418377, 0.0 ], [ 29.933643302267328, -1.596638454171019, 0.0 ], [ 29.933450093344717, -1.596551510127548, 0.0 ], [ 29.933368676486456, -1.596548297573376, 0.0 ], [ 29.933180513301878, -1.596540873111956, 0.0 ], [ 29.933165215980672, -1.596447449024942, 0.0 ], [ 29.933145827454684, -1.596329032074753, 0.0 ], [ 29.933107451172081, -1.596094653774718, 0.0 ], [ 29.932877406273004, -1.596086213120722, 0.0 ], [ 29.932591209938685, -1.595862502814662, 0.0 ], [ 29.932342889462795, -1.595674052890721, 0.0 ], [ 29.931601556375846, -1.595468222832842, 0.0 ], [ 29.931468811142381, -1.595407055710617, 0.0 ], [ 29.93118357465195, -1.595245660198481, 0.0 ], [ 29.930576571932129, -1.59457923024349, 0.0 ], [ 29.930323449519658, -1.594264781589397, 0.0 ], [ 29.929362554321742, -1.593690643087955, 0.0 ], [ 29.928452034651972, -1.593218571537955, 0.0 ], [ 29.927446826265019, -1.592863922178635, 0.0 ], [ 29.927165534679752, -1.592764679320809, 0.0 ], [ 29.927064310026008, -1.592748092588445, 0.0 ], [ 29.926784770949503, -1.592702287489433, 0.0 ], [ 29.926592496339168, -1.59267078125268, 0.0 ], [ 29.92629776941137, -1.592622487395952, 0.0 ], [ 29.925853796657236, -1.592561544764556, 0.0 ], [ 29.924920288207041, -1.592440967194141, 0.0 ], [ 29.924534004479078, -1.592329885376871, 0.0 ], [ 29.924396048745439, -1.592218811761852, 0.0 ], [ 29.924167024532924, -1.592109319370148, 0.0 ], [ 29.923583494176128, -1.591830346574543, 0.0 ], [ 29.923290875263341, -1.591799872792293, 0.0 ], [ 29.923058795619522, -1.591830326039722, 0.0 ], [ 29.922594640621966, -1.591799846616254, 0.0 ], [ 29.922456361211307, -1.591768214508842, 0.0 ], [ 29.922398453156639, -1.591764808863998, 0.0 ], [ 29.922368120015765, -1.591750653040271, 0.0 ], [ 29.922277228443676, -1.591708236219866, 0.0 ], [ 29.922164084063677, -1.591708236448684, 0.0 ], [ 29.922083266451942, -1.59176480866426, 0.0 ], [ 29.92190546898842, -1.591926442858142, 0.0 ], [ 29.921690692072453, -1.592193969774103, 0.0 ], [ 29.921590281898673, -1.59243559120627, 0.0 ], [ 29.921532247074602, -1.592575557462286, 0.0 ], [ 29.921539970879831, -1.59260050435472, 0.0 ], [ 29.921523856761848, -1.59263602337857, 0.0 ], [ 29.921424120533622, -1.592855857479902, 0.0 ], [ 29.921141577496421, -1.593201094055043, 0.0 ], [ 29.920899400056282, -1.593424482558413, 0.0 ], [ 29.920615900280744, -1.593495954047923, 0.0 ], [ 29.920152710871751, -1.593495533555109, 0.0 ], [ 29.919739011428014, -1.593393974552346, 0.0 ], [ 29.919375755714793, -1.593465040259159, 0.0 ], [ 29.919204216329678, -1.593546268661991, 0.0 ], [ 29.919040917469673, -1.593675996804711, 0.0 ], [ 29.919012493633353, -1.59369857713328, 0.0 ], [ 29.918881311288519, -1.593881350832319, 0.0 ], [ 29.918766075464884, -1.593925792841603, 0.0 ], [ 29.918656850565313, -1.593967916068158, 0.0 ], [ 29.918538235294463, -1.593993035217769, 0.0 ], [ 29.918457513494136, -1.593962568252008, 0.0 ], [ 29.918353341594088, -1.593884603052543, 0.0 ], [ 29.918275892979818, -1.59381024586964, 0.0 ], [ 29.918164901609234, -1.593749314837382, 0.0 ], [ 29.918053906938393, -1.593749310397182, 0.0 ], [ 29.91789245944776, -1.593810229621126, 0.0 ], [ 29.917808395217207, -1.593847727539162, 0.0 ], [ 29.917824200932966, -1.593930708023405, 0.0 ], [ 29.917856528531953, -1.594213569436049, 0.0 ], [ 29.917993917009817, -1.594253977719651, 0.0 ], [ 29.918147469970265, -1.594350958302408, 0.0 ], [ 29.918244450005524, -1.59454491919007, 0.0 ], [ 29.918325268212826, -1.594706553410866, 0.0 ], [ 29.918317186253024, -1.594876269881535, 0.0 ], [ 29.918212123675811, -1.594957087510892, 0.0 ], [ 29.917997443995219, -1.595041425391941, 0.0 ], [ 29.91793276629609, -1.595201381456974, 0.0 ], [ 29.91767040492029, -1.595495848707922, 0.0 ], [ 29.917359960273874, -1.595633889015333, 0.0 ], [ 29.917137352318839, -1.595792986667154, 0.0 ], [ 29.917110732582699, -1.595761732251677, 0.0 ], [ 29.917080683152417, -1.595821830054856, 0.0 ], [ 29.917041550938304, -1.595725159740946, 0.0 ], [ 29.916942613596895, -1.595595779302877, 0.0 ], [ 29.916940584676027, -1.595561969903012, 0.0 ], [ 29.916796457988532, -1.595392756464145, 0.0 ], [ 29.916589032051341, -1.59473992366087, 0.0 ], [ 29.916574358223144, -1.594693738129417, 0.0 ], [ 29.91640637790038, -1.594279530278683, 0.0 ], [ 29.916227623606421, -1.593838751890945, 0.0 ], [ 29.916204082309651, -1.593780703202841, 0.0 ], [ 29.916164540584298, -1.593744695352697, 0.0 ], [ 29.915521519060363, -1.593159143029932, 0.0 ], [ 29.915504567481179, -1.593143706049737, 0.0 ], [ 29.915494025337942, -1.593139159839422, 0.0 ], [ 29.915211264045453, -1.593017192760781, 0.0 ], [ 29.915204350200685, -1.593011503472026, 0.0 ], [ 29.914994557764604, -1.592838867466845, 0.0 ], [ 29.91487100460898, -1.592737197419359, 0.0 ], [ 29.914574773769825, -1.592289992412588, 0.0 ], [ 29.914146866102733, -1.592221585302276, 0.0 ], [ 29.913577156626332, -1.592173785491202, 0.0 ], [ 29.912902611397133, -1.591834337853376, 0.0 ], [ 29.912822952498558, -1.591794250064545, 0.0 ], [ 29.912753598411374, -1.591781322496387, 0.0 ], [ 29.911691631151061, -1.591583366674197, 0.0 ], [ 29.911204983464618, -1.59130229629109, 0.0 ], [ 29.911031695685519, -1.591095192826711, 0.0 ], [ 29.9109087505344, -1.590948255672206, 0.0 ], [ 29.910715264763944, -1.590773327179749, 0.0 ], [ 29.910038574395429, -1.590161542687463, 0.0 ], [ 29.909816374909003, -1.589960656900242, 0.0 ], [ 29.909483102296161, -1.589792944200264, 0.0 ], [ 29.909226620969513, -1.589738594312149, 0.0 ], [ 29.909131310567911, -1.589718397303569, 0.0 ], [ 29.908591030677822, -1.589770050066964, 0.0 ], [ 29.908094436644586, -1.58981151689884, 0.0 ], [ 29.907802408146786, -1.589857357694574, 0.0 ], [ 29.90689286557468, -1.590000131365568, 0.0 ], [ 29.906747373481533, -1.590022969400242, 0.0 ], [ 29.906251047548334, -1.590136475371279, 0.0 ], [ 29.905901293563332, -1.590216461731171, 0.0 ], [ 29.905798490137546, -1.590239971853203, 0.0 ], [ 29.904798651274191, -1.590239925700602, 0.0 ], [ 29.904187640268425, -1.590202632039259, 0.0 ], [ 29.903690755137173, -1.590200463415021, 0.0 ], [ 29.903606337735912, -1.590216191482387, 0.0 ], [ 29.903501504431702, -1.59015343208164, 0.0 ], [ 29.90349730559949, -1.590150918413042, 0.0 ], [ 29.903470439727343, -1.589968380719262, 0.0 ], [ 29.9034543662072, -1.589859171045239, 0.0 ], [ 29.903475554193019, -1.589781481454826, 0.0 ], [ 29.903182647248084, -1.589872607439295, 0.0 ], [ 29.902907710997983, -1.589958143815205, 0.0 ], [ 29.902814974934739, -1.589855584559966, 0.0 ], [ 29.902606234873755, -1.589925164075545, 0.0 ], [ 29.902352765468837, -1.59002373635056, 0.0 ], [ 29.90218875452025, -1.59008751860611, 0.0 ], [ 29.901898328181446, -1.589985061125893, 0.0 ], [ 29.901803328330924, -1.590013394859155, 0.0 ], [ 29.901716662721729, -1.590038394274057, 0.0 ], [ 29.90164999490818, -1.589973394474917, 0.0 ], [ 29.901548029296595, -1.589878763146513, 0.0 ], [ 29.901406236327475, -1.589770954754224, 0.0 ], [ 29.901328079076126, -1.589741070630812, 0.0 ], [ 29.901044995107227, -1.589686728403191, 0.0 ], [ 29.901013328009963, -1.589643394601017, 0.0 ], [ 29.900931708715756, -1.589634032302398, 0.0 ], [ 29.900931672766042, -1.58963402868285, 0.0 ], [ 29.900795480035729, -1.589618407652369, 0.0 ], [ 29.898949995415052, -1.589406728421414, 0.0 ], [ 29.898886662057627, -1.589323394566236, 0.0 ], [ 29.898811661994205, -1.589260061175218, 0.0 ], [ 29.898734995495911, -1.589200061507814, 0.0 ], [ 29.898674994875115, -1.589131728139676, 0.0 ], [ 29.898584995066866, -1.589080061425346, 0.0 ], [ 29.898511661871936, -1.589023394818813, 0.0 ], [ 29.898214995597591, -1.588780061875638, 0.0 ], [ 29.898143327883236, -1.588721728435562, 0.0 ], [ 29.898079994905885, -1.588650061078336, 0.0 ], [ 29.898004995463705, -1.58859339437267, 0.0 ], [ 29.897941662249597, -1.588526728628441, 0.0 ], [ 29.897973328451116, -1.588440061136547, 0.0 ], [ 29.897946662556947, -1.588350061460545, 0.0 ], [ 29.897918328427494, -1.588263394605157, 0.0 ], [ 29.897884995553227, -1.588175061501306, 0.0 ], [ 29.897861662299832, -1.588083394181524, 0.0 ], [ 29.897836662037019, -1.587988394779288, 0.0 ], [ 29.897769995069481, -1.587910061440786, 0.0 ], [ 29.897756861579158, -1.587912250464352, 0.0 ], [ 29.897751065515454, -1.587913216130119, 0.0 ], [ 29.897639995713583, -1.587931728339582, 0.0 ], [ 29.897038328265165, -1.587310061535709, 0.0 ], [ 29.896854523523391, -1.587008824753775, 0.0 ], [ 29.896852301104708, -1.587005183320596, 0.0 ], [ 29.896663388358405, -1.586695574665069, 0.0 ], [ 29.896658255139009, -1.586687162103851, 0.0 ], [ 29.89665684062788, -1.586684844828076, 0.0 ], [ 29.896558328116619, -1.586523394381071, 0.0 ], [ 29.896373103676702, -1.586381002686491, 0.0 ], [ 29.896369753280496, -1.586378426639877, 0.0 ], [ 29.896291662448856, -1.586318394259144, 0.0 ], [ 29.89619666216074, -1.586015061767331, 0.0 ], [ 29.895798328118257, -1.585441728837976, 0.0 ], [ 29.894730914593261, -1.584991074090011, 0.0 ], [ 29.894628047871944, -1.584936644365857, 0.0 ], [ 29.894627911266337, -1.584936572002747, 0.0 ], [ 29.894511662594223, -1.584875061542238, 0.0 ], [ 29.894094995495145, -1.583740061236329, 0.0 ], [ 29.894053497953696, -1.583506169771025, 0.0 ], [ 29.894017316145071, -1.583296825390328, 0.0 ], [ 29.894014995370394, -1.583283394167148, 0.0 ], [ 29.894012052432959, -1.583274524060572, 0.0 ], [ 29.894011555503376, -1.583273026263438, 0.0 ], [ 29.893549995370158, -1.58188172825522, 0.0 ], [ 29.893535155626619, -1.581064279759244, 0.0 ], [ 29.893532799315643, -1.580936974479712, 0.0 ], [ 29.893531788292695, -1.580900446347205, 0.0 ], [ 29.893531056264347, -1.580874019142782, 0.0 ], [ 29.893509891510227, -1.580349600824215, 0.0 ], [ 29.893473328277889, -1.579566728376362, 0.0 ], [ 29.893363412195111, -1.579228580867909, 0.0 ], [ 29.893354245912342, -1.579193445169258, 0.0 ], [ 29.893343472033358, -1.578924108015397, 0.0 ], [ 29.893300379228386, -1.578622451333253, 0.0 ], [ 29.89327883218062, -1.5782992481112, 0.0 ], [ 29.893386565930506, -1.577792895615404, 0.0 ], [ 29.893365019297228, -1.577178808137233, 0.0 ], [ 29.89332192516634, -1.576974112267957, 0.0 ], [ 29.89331475562263, -1.576873732256397, 0.0 ], [ 29.893308931435076, -1.576792189324924, 0.0 ], [ 29.893300379714184, -1.576672455789397, 0.0 ], [ 29.89323573841332, -1.576306157749666, 0.0 ], [ 29.893289605454186, -1.576004500636089, 0.0 ], [ 29.893321925093012, -1.57556278990625, 0.0 ], [ 29.893397340710859, -1.574970248730309, 0.0 ], [ 29.893533790006277, -1.57485085458399, 0.0 ], [ 29.893524944175265, -1.574823797462935, 0.0 ], [ 29.893423966567223, -1.574514923895012, 0.0 ], [ 29.893365019243024, -1.574334614839424, 0.0 ], [ 29.893052589708233, -1.573935996115925, 0.0 ], [ 29.893033131649219, -1.573907198280995, 0.0 ], [ 29.892934221055441, -1.57376081222395, 0.0 ], [ 29.892821563484503, -1.573594079816192, 0.0 ], [ 29.892783252185801, -1.573537378676336, 0.0 ], [ 29.892738099714602, -1.573479980754341, 0.0 ], [ 29.892739150383839, -1.5734791586623, 0.0 ], [ 29.89262484694234, -1.573336013350504, 0.0 ], [ 29.892508509011464, -1.573188125888758, 0.0 ], [ 29.892255352917307, -1.572783236858968, 0.0 ], [ 29.892136845565688, -1.572406164881523, 0.0 ], [ 29.89209375134666, -1.572136828749889, 0.0 ], [ 29.892039884224889, -1.57179207708417, 0.0 ], [ 29.892082977118736, -1.571404233346416, 0.0 ], [ 29.892136845460868, -1.571059482755942, 0.0 ], [ 29.892147618274794, -1.57062854383758, 0.0 ], [ 29.892104524750991, -1.570100644016153, 0.0 ], [ 29.892007562936445, -1.56977744047437, 0.0 ], [ 29.892007563747242, -1.569271087827457, 0.0 ], [ 29.892013095054757, -1.569174270199778, 0.0 ], [ 29.892026701578864, -1.568936168622573, 0.0 ], [ 29.892029110560838, -1.568894016785487, 0.0 ], [ 29.891942921901318, -1.56848462590393, 0.0 ], [ 29.891759774117617, -1.567999819524831, 0.0 ], [ 29.891619719634949, -1.567504240646973, 0.0 ], [ 29.89153574497729, -1.56712409982945, 0.0 ], [ 29.891524900148841, -1.566857467866054, 0.0 ], [ 29.891522758588575, -1.566750097603132, 0.0 ], [ 29.891393476754477, -1.566319159519375, 0.0 ], [ 29.891350382092355, -1.565974408396507, 0.0 ], [ 29.891357488564669, -1.565796758211077, 0.0 ], [ 29.891255320685055, -1.565612178749321, 0.0 ], [ 29.891210327546229, -1.565414188348538, 0.0 ], [ 29.891176006252394, -1.565002334613995, 0.0 ], [ 29.891097522367904, -1.564844016228082, 0.0 ], [ 29.890927332886029, -1.564361814387201, 0.0 ], [ 29.89092474490436, -1.564354482767924, 0.0 ], [ 29.890924726033653, -1.5643544294043, 0.0 ], [ 29.890919665990459, -1.564340092678807, 0.0 ], [ 29.890899801435104, -1.564283809431382, 0.0 ], [ 29.890899599248979, -1.564283237807473, 0.0 ], [ 29.890896553877806, -1.564274608276315, 0.0 ], [ 29.890878859960324, -1.564214667540399, 0.0 ], [ 29.890877731345274, -1.564210843460394, 0.0 ], [ 29.8908580147279, -1.564144047780547, 0.0 ], [ 29.890857910492652, -1.564143696847901, 0.0 ], [ 29.890836691452463, -1.564071815358456, 0.0 ], [ 29.890836641131983, -1.564071646223394, 0.0 ], [ 29.890782605999426, -1.563888593263452, 0.0 ], [ 29.890777653872277, -1.563872983075634, 0.0 ], [ 29.890777286349145, -1.563871824454006, 0.0 ], [ 29.890723328745676, -1.563701728669245, 0.0 ], [ 29.890610207987049, -1.563137674222328, 0.0 ], [ 29.890582562346161, -1.563026398104213, 0.0 ], [ 29.890539269074715, -1.562354705825193, 0.0 ], [ 29.890534995425448, -1.56228839483406, 0.0 ], [ 29.890586788435797, -1.562031804653419, 0.0 ], [ 29.890586798421626, -1.5620298763633, 0.0 ], [ 29.89058682203477, -1.562025119854023, 0.0 ], [ 29.890421662038165, -1.56140672865057, 0.0 ], [ 29.890091662421479, -1.560928394850805, 0.0 ], [ 29.889291661985194, -1.559945061006038, 0.0 ], [ 29.889174419194852, -1.559691335350392, 0.0 ], [ 29.8891729768897, -1.559688215820777, 0.0 ], [ 29.889111593108808, -1.559555374872412, 0.0 ], [ 29.888958328619751, -1.559225061058487, 0.0 ], [ 29.888929013733666, -1.55913897019185, 0.0 ], [ 29.888922085561461, -1.559118624187781, 0.0 ], [ 29.888694995239533, -1.558451728383589, 0.0 ], [ 29.889092635185083, -1.557614672384218, 0.0 ], [ 29.88909575952583, -1.557608096282733, 0.0 ], [ 29.889123328506749, -1.557550061802243, 0.0 ], [ 29.889306662323346, -1.557371728130964, 0.0 ], [ 29.890510199628459, -1.556490771449413, 0.0 ], [ 29.890516837920174, -1.556485908560123, 0.0 ], [ 29.889901257336753, -1.555979604136338, 0.0 ], [ 29.889574599626609, -1.555631169613771, 0.0 ], [ 29.889301556155541, -1.55527781946944, 0.0 ], [ 29.888956237034627, -1.554884316867632, 0.0 ], [ 29.88861091792641, -1.554458690812091, 0.0 ], [ 29.888225445471551, -1.554049125629436, 0.0 ], [ 29.887735573707026, -1.553607438637978, 0.0 ], [ 29.887503190985505, -1.553326132741933, 0.0 ], [ 29.88742812206192, -1.553235260286937, 0.0 ], [ 29.887334136961194, -1.553121488816663, 0.0 ], [ 29.887277825168553, -1.553053321808895, 0.0 ], [ 29.886923136477428, -1.552560772837656, 0.0 ], [ 29.886698277074373, -1.552164592888199, 0.0 ], [ 29.88656594413202, -1.55201669074932, 0.0 ], [ 29.886444405219912, -1.551880852760142, 0.0 ], [ 29.886334220209793, -1.551757704832945, 0.0 ], [ 29.886077238734675, -1.551307986800605, 0.0 ], [ 29.885616811995995, -1.550954636038097, 0.0 ], [ 29.885424076222588, -1.550794022104337, 0.0 ], [ 29.885263462351052, -1.550376427211743, 0.0 ], [ 29.884995772954184, -1.549958832793492, 0.0 ], [ 29.884824451949189, -1.549487698286919, 0.0 ], [ 29.884653130735465, -1.549187886771261, 0.0 ], [ 29.884385441277423, -1.54875958358586, 0.0 ], [ 29.884107043934385, -1.548374111890381, 0.0 ], [ 29.883793033352468, -1.548324248468476, 0.0 ], [ 29.883692475642682, -1.548320540096106, 0.0 ], [ 29.883547653729163, -1.548349662668335, 0.0 ], [ 29.883499326544747, -1.548313417724251, 0.0 ], [ 29.883474982765406, -1.548295159121934, 0.0 ], [ 29.883302606916761, -1.548090463184326, 0.0 ], [ 29.88316255225843, -1.547734939092358, 0.0 ], [ 29.883044044102583, -1.547422509680496, 0.0 ], [ 29.882839348084918, -1.546959250065465, 0.0 ], [ 29.882795594118562, -1.546865776199669, 0.0 ], [ 29.88272450673643, -1.546713905813286, 0.0 ], [ 29.882602332649679, -1.546452897858954, 0.0 ], [ 29.882397636290833, -1.546129693414426, 0.0 ], [ 29.882171393595272, -1.545828036305409, 0.0 ], [ 29.881815869485568, -1.545354004310783, 0.0 ], [ 29.881611173621454, -1.544944613727526, 0.0 ], [ 29.881460345132421, -1.544384393509469, 0.0 ], [ 29.881234102696574, -1.543694891289068, 0.0 ], [ 29.880943219162027, -1.54309157781944, 0.0 ], [ 29.880737857119129, -1.542741001798875, 0.0 ], [ 29.880675116108861, -1.542595755127581, 0.0 ], [ 29.880672855891696, -1.542545913398427, 0.0 ], [ 29.880664122011304, -1.542353303655151, 0.0 ], [ 29.880651894394333, -1.542119236376957, 0.0 ], [ 29.880594447918941, -1.541939642557642, 0.0 ], [ 29.88054227314737, -1.54187709589573, 0.0 ], [ 29.880394850541748, -1.541700366814801, 0.0 ], [ 29.880250208767979, -1.541504885892437, 0.0 ], [ 29.880088883992887, -1.540505380218551, 0.0 ], [ 29.880076664697921, -1.540123481267212, 0.0 ], [ 29.880125873940063, -1.539826447750222, 0.0 ], [ 29.880150136924119, -1.539679991311507, 0.0 ], [ 29.880150144630147, -1.539542004591978, 0.0 ], [ 29.880150163752479, -1.539199540409358, 0.0 ], [ 29.879987373227166, -1.538844529510333, 0.0 ], [ 29.879866465686629, -1.538576002806876, 0.0 ], [ 29.879801666682582, -1.538432090067406, 0.0 ], [ 29.87992189518215, -1.538387884581869, 0.0 ], [ 29.880202005588153, -1.538269376591583, 0.0 ], [ 29.880546755550981, -1.538269376139312, 0.0 ], [ 29.880902280308991, -1.538140095759813, 0.0 ], [ 29.881322444898473, -1.53797849384062, 0.0 ], [ 29.881634875057888, -1.5377307033602, 0.0 ], [ 29.882011946389241, -1.537310538828504, 0.0 ], [ 29.882507524978489, -1.537008881107479, 0.0 ], [ 29.882949237295726, -1.536793412708363, 0.0 ], [ 29.883423270169338, -1.53644866187706, 0.0 ], [ 29.88376802000586, -1.536147004588668, 0.0 ], [ 29.88416663801938, -1.535651425814805, 0.0 ], [ 29.884446748641277, -1.535468276063049, 0.0 ], [ 29.884877686957314, -1.535295901038591, 0.0 ], [ 29.885211664397904, -1.535295901017161, 0.0 ], [ 29.885610282551571, -1.535295901710624, 0.0 ], [ 29.885645555375703, -1.535284399889343, 0.0 ], [ 29.885954810620103, -1.535371252003293, 0.0 ], [ 29.88595479725144, -1.535369134681367, 0.0 ], [ 29.885935384452054, -1.535189486035516, 0.0 ], [ 29.88593624542823, -1.535189508693006, 0.0 ], [ 29.885936306541343, -1.535189510505188, 0.0 ], [ 29.885936531221947, -1.535189516848407, 0.0 ], [ 29.885953741180721, -1.535183904745437, 0.0 ], [ 29.885953860713037, -1.535183865860435, 0.0 ], [ 29.886105860891579, -1.535134299210774, 0.0 ], [ 29.886177685255316, -1.535097299230115, 0.0 ], [ 29.886260280215023, -1.535054750108162, 0.0 ], [ 29.886461385897093, -1.534951150501525, 0.0 ], [ 29.886482994082346, -1.534930851239064, 0.0 ], [ 29.886816910686061, -1.534617173564502, 0.0 ], [ 29.886910756119402, -1.534500804575395, 0.0 ], [ 29.887010404977428, -1.534377239167962, 0.0 ], [ 29.88708624599148, -1.534283196505863, 0.0 ], [ 29.887420223898715, -1.534013859466454, 0.0 ], [ 29.887786521498409, -1.533798390501226, 0.0 ], [ 29.888225310412178, -1.533731618039018, 0.0 ], [ 29.888230204897539, -1.533730873028016, 0.0 ], [ 29.888282100282424, -1.533722976273201, 0.0 ], [ 29.888680719387935, -1.533647561377606, 0.0 ], [ 29.888960827994328, -1.533561374533888, 0.0 ], [ 29.889284032231384, -1.533281264592178, 0.0 ], [ 29.889553369627016, -1.533001154512899, 0.0 ], [ 29.889790384935779, -1.532710270700085, 0.0 ], [ 29.889876573284159, -1.532430160123742, 0.0 ], [ 29.890232096897144, -1.532171597535164, 0.0 ], [ 29.890416085375499, -1.532008838254311, 0.0 ], [ 29.890499050889343, -1.53199233627729, 0.0 ], [ 29.890524290254692, -1.531928592718528, 0.0 ], [ 29.890558263624261, -1.531842793647221, 0.0 ], [ 29.890677136076, -1.53198025562021, 0.0 ], [ 29.890983306402322, -1.531823986569535, 0.0 ], [ 29.891655954095921, -1.531740146556198, 0.0 ], [ 29.891667926053284, -1.531738654819679, 0.0 ], [ 29.891704306567856, -1.531734119035081, 0.0 ], [ 29.892431432622963, -1.531621410534972, 0.0 ], [ 29.892964980250714, -1.531469335745476, 0.0 ], [ 29.893004962280514, -1.531457939851804, 0.0 ], [ 29.893527565041612, -1.531308984724671, 0.0 ], [ 29.8944008981743, -1.531003917676221, 0.0 ], [ 29.895086928595408, -1.530953562737881, 0.0 ], [ 29.895721911553661, -1.530885037353112, 0.0 ], [ 29.896460458156223, -1.530772546878479, 0.0 ], [ 29.897627047739835, -1.530668009693549, 0.0 ], [ 29.898916402932976, -1.530405110850899, 0.0 ], [ 29.899526458597048, -1.530242795071457, 0.0 ], [ 29.899649108719409, -1.530210162791394, 0.0 ], [ 29.899662217642, -1.530206674032356, 0.0 ], [ 29.900544673916087, -1.53002800288576, 0.0 ], [ 29.901186189701296, -1.529598103216072, 0.0 ], [ 29.901850625621087, -1.52947850472734, 0.0 ], [ 29.902739535198311, -1.529259773847013, 0.0 ], [ 29.903503287064549, -1.529015763820532, 0.0 ], [ 29.904178833743185, -1.528913584837759, 0.0 ], [ 29.905022898755089, -1.528648123342058, 0.0 ], [ 29.905646587743878, -1.5284933178302, 0.0 ], [ 29.905694929600315, -1.528481318790041, 0.0 ], [ 29.905883167063433, -1.528434595860658, 0.0 ], [ 29.906617762359637, -1.528224488592994, 0.0 ], [ 29.90720472788751, -1.52806262718072, 0.0 ], [ 29.907295605396637, -1.528027708417461, 0.0 ], [ 29.907981339236418, -1.527764248517935, 0.0 ], [ 29.908077840974752, -1.527749186307831, 0.0 ], [ 29.908926548622173, -1.527616760204108, 0.0 ], [ 29.909865896619664, -1.52742190685621, 0.0 ], [ 29.909870310277647, -1.52742099083223, 0.0 ], [ 29.909914853082729, -1.527411750112858, 0.0 ], [ 29.909922929061146, -1.527410075407713, 0.0 ], [ 29.91003211892032, -1.52812957456454, 0.0 ], [ 29.91010309308195, -1.528597186651248, 0.0 ], [ 29.910109636679366, -1.528640294029889, 0.0 ], [ 29.910445686262761, -1.529431645170805, 0.0 ], [ 29.910447435903706, -1.529435767738038, 0.0 ], [ 29.910612778358768, -1.529825125127531, 0.0 ], [ 29.910614629546153, -1.529829483760956, 0.0 ] ] ] } },
{ "type": "Feature", "properties": { "sector": "Rusarabuye", "district": "Burera", "province": "North", "Area_m2_gis": 42204090.597932369, "Perimeter_m_gis": 34762.879774164765 }, "geometry": { "type": "Polygon", "coordinates": [ [ [ 29.83184549514116, -1.421505474122956, 0.0 ], [ 29.832117670492586, -1.421572468604513, 0.0 ], [ 29.832554567222346, -1.421572468870034, 0.0 ], [ 29.832555783131049, -1.421572468054311, 0.0 ], [ 29.832574525917916, -1.42157246851741, 0.0 ], [ 29.832580772579593, -1.421572958280842, 0.0 ], [ 29.832587787605224, -1.421573504176257, 0.0 ], [ 29.832594437761756, -1.421574142298978, 0.0 ], [ 29.832594544713256, -1.421574016588169, 0.0 ], [ 29.832780068234204, -1.421587269460652, 0.0 ], [ 29.832841234518327, -1.421603970072614, 0.0 ], [ 29.832841056569603, -1.421591625215299, 0.0 ], [ 29.83318761244001, -1.421687226429265, 0.0 ], [ 29.833296380649319, -1.421717231338694, 0.0 ], [ 29.833393091562961, -1.421743910607818, 0.0 ], [ 29.833964161017956, -1.421953303354401, 0.0 ], [ 29.834725589122204, -1.422124624186276, 0.0 ], [ 29.834795088033221, -1.422153032557673, 0.0 ], [ 29.83499144842688, -1.422247057091216, 0.0 ], [ 29.835161621133114, -1.422344939018315, 0.0 ], [ 29.835696408991055, -1.422486302318438, 0.0 ], [ 29.836115194519394, -1.422581481392396, 0.0 ], [ 29.836419765025283, -1.422657623512024, 0.0 ], [ 29.836625564763189, -1.422822307892094, 0.0 ], [ 29.837138165463028, -1.42280937001659, 0.0 ], [ 29.83763804899343, -1.423361944333468, 0.0 ], [ 29.838090251172314, -1.423792483092728, 0.0 ], [ 29.838214076572559, -1.423878785479985, 0.0 ], [ 29.838347946908403, -1.423972089018744, 0.0 ], [ 29.838646941196206, -1.424180479259948, 0.0 ], [ 29.838796487249997, -1.424221288656671, 0.0 ], [ 29.838877123139035, -1.424243293285124, 0.0 ], [ 29.83966515215171, -1.424458336526939, 0.0 ], [ 29.839884260376305, -1.424694442447004, 0.0 ], [ 29.840553881623194, -1.425015130544406, 0.0 ], [ 29.840893151887109, -1.425570084458779, 0.0 ], [ 29.841311937420841, -1.425874655693788, 0.0 ], [ 29.84148325867563, -1.426045976886579, 0.0 ], [ 29.841597472735771, -1.426293440734053, 0.0 ], [ 29.842224262940064, -1.426717635326605, 0.0 ], [ 29.842384780059483, -1.427092176780945, 0.0 ], [ 29.842384876202875, -1.427092400186922, 0.0 ], [ 29.842152026144259, -1.427404943335721, 0.0 ], [ 29.841978615591369, -1.427637703530374, 0.0 ], [ 29.842052942495375, -1.427863345635404, 0.0 ], [ 29.842559913225024, -1.428062804804618, 0.0 ], [ 29.842952377881396, -1.428131034650968, 0.0 ], [ 29.843402096289296, -1.42810961918673, 0.0 ], [ 29.843626955373775, -1.428366601752093, 0.0 ], [ 29.843691200732334, -1.428677120422139, 0.0 ], [ 29.843912943176964, -1.428975573637046, 0.0 ], [ 29.844151625941631, -1.429351697714476, 0.0 ], [ 29.844365777988084, -1.429640802878693, 0.0 ], [ 29.844694599875016, -1.430062945192638, 0.0 ], [ 29.844986817450625, -1.430368917304885, 0.0 ], [ 29.845004466588367, -1.430543597826969, 0.0 ], [ 29.845294120511966, -1.430699267172852, 0.0 ], [ 29.845693516989876, -1.431107740673137, 0.0 ], [ 29.84592552563673, -1.431579766715772, 0.0 ], [ 29.846178730126557, -1.431857473787201, 0.0 ], [ 29.846239409998613, -1.431924025577242, 0.0 ], [ 29.846505309300003, -1.432215654786273, 0.0 ], [ 29.846828526227107, -1.432579580594959, 0.0 ], [ 29.846880074568865, -1.432836693251368, 0.0 ], [ 29.846933162323396, -1.432918366032961, 0.0 ], [ 29.847019273240448, -1.433050845854715, 0.0 ], [ 29.847225837355445, -1.433179458189381, 0.0 ], [ 29.84744256026292, -1.433361246577207, 0.0 ], [ 29.847657424333363, -1.433521876096088, 0.0 ], [ 29.847739032703071, -1.433562416339582, 0.0 ], [ 29.847762232299164, -1.433573941502317, 0.0 ], [ 29.847763940636412, -1.433574789087215, 0.0 ], [ 29.847865171195544, -1.433650468561828, 0.0 ], [ 29.848239936511849, -1.43399311140179, 0.0 ], [ 29.848886290415617, -1.434518685722886, 0.0 ], [ 29.849257156365955, -1.435085283818942, 0.0 ], [ 29.849332108894398, -1.435363680639774, 0.0 ], [ 29.849723098480482, -1.43577722880237, 0.0 ], [ 29.849779857132162, -1.43583726007045, 0.0 ], [ 29.849888902010534, -1.435952597455138, 0.0 ], [ 29.850145884646533, -1.436091795879794, 0.0 ], [ 29.850201155984465, -1.436096820133432, 0.0 ], [ 29.850440660548522, -1.43607831456486, 0.0 ], [ 29.85073480125218, -1.436145333842623, 0.0 ], [ 29.851183777886785, -1.436613604896827, 0.0 ], [ 29.851281394229673, -1.436730450100615, 0.0 ], [ 29.851300186028258, -1.436752944127055, 0.0 ], [ 29.851398300214395, -1.436870387201722, 0.0 ], [ 29.851816266592387, -1.437473073849757, 0.0 ], [ 29.852178530210761, -1.437696762825462, 0.0 ], [ 29.852283999072281, -1.437761887465818, 0.0 ], [ 29.85254323513443, -1.437914102661541, 0.0 ], [ 29.852867242988722, -1.438696852048348, 0.0 ], [ 29.8534173514171, -1.439584357823882, 0.0 ], [ 29.853422146300467, -1.439592093905275, 0.0 ], [ 29.853499338895162, -1.439716630071856, 0.0 ], [ 29.854012162879169, -1.440001475769519, 0.0 ], [ 29.854314596104917, -1.440327631313612, 0.0 ], [ 29.85437939313114, -1.440566803141599, 0.0 ], [ 29.854677172006191, -1.441108614801892, 0.0 ], [ 29.854897829061322, -1.441458278056412, 0.0 ], [ 29.855329832659027, -1.442632400138929, 0.0 ], [ 29.855660889698356, -1.443198195365243, 0.0 ], [ 29.855709710917644, -1.443281635017047, 0.0 ], [ 29.855749667562549, -1.44334992363898, 0.0 ], [ 29.855792275046586, -1.443422742826013, 0.0 ], [ 29.855977865712145, -1.443958733396365, 0.0 ], [ 29.856042652975368, -1.444328360536225, 0.0 ], [ 29.856150654079258, -1.444632762306303, 0.0 ], [ 29.855999393934432, -1.445154572211743, 0.0 ], [ 29.856150595260527, -1.445567688164672, 0.0 ], [ 29.856406118643818, -1.445912822246324, 0.0 ], [ 29.856453007620356, -1.446241725322049, 0.0 ], [ 29.856781605719469, -1.446663600382652, 0.0 ], [ 29.856928247033501, -1.446981000645177, 0.0 ], [ 29.857079415947052, -1.447915936114213, 0.0 ], [ 29.857489862872864, -1.448372554458881, 0.0 ], [ 29.857857115960773, -1.448590003241162, 0.0 ], [ 29.858159562070981, -1.448720477657529, 0.0 ], [ 29.858440391614632, -1.449090117458852, 0.0 ], [ 29.858536005156168, -1.449301853719399, 0.0 ], [ 29.858656401127138, -1.449568465501311, 0.0 ], [ 29.858937233088632, -1.449872877129239, 0.0 ], [ 29.858971761505401, -1.449917767214372, 0.0 ], [ 29.859106691388877, -1.450093192199833, 0.0 ], [ 29.859455686966481, -1.450546926632412, 0.0 ], [ 29.860125365321881, -1.451264471479729, 0.0 ], [ 29.860384595435558, -1.451547139510387, 0.0 ], [ 29.860816641034482, -1.452090728039165, 0.0 ], [ 29.860917667248515, -1.452192414532359, 0.0 ], [ 29.861045629126384, -1.452321212714905, 0.0 ], [ 29.861051470247364, -1.452327091105982, 0.0 ], [ 29.861052847998167, -1.452326105339171, 0.0 ], [ 29.861110810396635, -1.452376181163226, 0.0 ], [ 29.861129973767518, -1.452395470679033, 0.0 ], [ 29.861410818324078, -1.452504199469025, 0.0 ], [ 29.861691669520177, -1.452504216781829, 0.0 ], [ 29.862179553059615, -1.452720485740858, 0.0 ], [ 29.862361371116339, -1.452873880102231, 0.0 ], [ 29.862363953967428, -1.452888441024618, 0.0 ], [ 29.862372079503061, -1.45289529636033, 0.0 ], [ 29.862478123753533, -1.453493164267957, 0.0 ], [ 29.862480061566202, -1.453504092873679, 0.0 ], [ 29.862688391559505, -1.453753234072142, 0.0 ], [ 29.862868909998728, -1.453895481862741, 0.0 ], [ 29.863128160395711, -1.453852011664812, 0.0 ], [ 29.863430590149974, -1.454286880420348, 0.0 ], [ 29.863722528908021, -1.454643481796569, 0.0 ], [ 29.863941400514385, -1.45477702740182, 0.0 ], [ 29.8639494255183, -1.454767041839648, 0.0 ], [ 29.86408957115502, -1.454852552661514, 0.0 ], [ 29.864195945743592, -1.454984352163302, 0.0 ], [ 29.864824094687538, -1.455070021784619, 0.0 ], [ 29.865104933324087, -1.455287463424501, 0.0 ], [ 29.865761577341949, -1.456145559661265, 0.0 ], [ 29.865904211081411, -1.45648334830294, 0.0 ], [ 29.865922289585935, -1.456506396620011, 0.0 ], [ 29.866001712617372, -1.456607657439418, 0.0 ], [ 29.866552282288136, -1.457309602627725, 0.0 ], [ 29.866703495143476, -1.457570521499577, 0.0 ], [ 29.866890171601973, -1.45781103261902, 0.0 ], [ 29.867459609522825, -1.458027158901888, 0.0 ], [ 29.867628113601924, -1.458253161489032, 0.0 ], [ 29.867672400362153, -1.458312559446703, 0.0 ], [ 29.867685096748108, -1.458318252816176, 0.0 ], [ 29.867685192006967, -1.458318295331031, 0.0 ], [ 29.867762588020039, -1.458352997384998, 0.0 ], [ 29.868096158441222, -1.458441110668042, 0.0 ], [ 29.868669401876218, -1.458592534229167, 0.0 ], [ 29.868936135036915, -1.458693031741664, 0.0 ], [ 29.869435066560069, -1.459079957314121, 0.0 ], [ 29.869460806650562, -1.459099919161096, 0.0 ], [ 29.86948141562273, -1.459143884855741, 0.0 ], [ 29.869489645733076, -1.4591614425521, 0.0 ], [ 29.869621420068544, -1.459442562866758, 0.0 ], [ 29.869931939327678, -1.459592468499727, 0.0 ], [ 29.870103260102617, -1.459774496652929, 0.0 ], [ 29.87009070097815, -1.459804010894946, 0.0 ], [ 29.870033407889149, -1.459938649668689, 0.0 ], [ 29.869889109589973, -1.460277752766813, 0.0 ], [ 29.869546467402852, -1.460813131088088, 0.0 ], [ 29.86902923507747, -1.461285774477604, 0.0 ], [ 29.868926896176582, -1.461382704884428, 0.0 ], [ 29.868443586574159, -1.461808936360954, 0.0 ], [ 29.868379341396015, -1.461937426204447, 0.0 ], [ 29.868368633647421, -1.462119455504037, 0.0 ], [ 29.868475708936089, -1.462312192317213, 0.0 ], [ 29.868582784935931, -1.462462098820425, 0.0 ], [ 29.868647030322613, -1.46251563528678, 0.0 ], [ 29.868818351316083, -1.462494220718777, 0.0 ], [ 29.868904012588111, -1.462686957160696, 0.0 ], [ 29.869096748607316, -1.462943938565256, 0.0 ], [ 29.869225239435981, -1.463051014184346, 0.0 ], [ 29.869343023578963, -1.46313667537267, 0.0 ], [ 29.869409753897141, -1.463221201192219, 0.0 ], [ 29.869423385185936, -1.463238467067957, 0.0 ], [ 29.869503636268711, -1.463340119468915, 0.0 ], [ 29.869578589302588, -1.463415072145037, 0.0 ], [ 29.86970708029413, -1.463457902730976, 0.0 ], [ 29.86994264692596, -1.463597101648199, 0.0 ], [ 29.870071138449774, -1.463693469421742, 0.0 ], [ 29.870338827295221, -1.463939743684169, 0.0 ], [ 29.870424488552743, -1.463854082622386, 0.0 ], [ 29.87064934728955, -1.464025403355189, 0.0 ], [ 29.871099065653549, -1.464464414088704, 0.0 ], [ 29.871227556162673, -1.464753519554834, 0.0 ], [ 29.871315040154684, -1.464822256608983, 0.0 ], [ 29.871365747622292, -1.464862098826697, 0.0 ], [ 29.871385379502289, -1.464848147888694, 0.0 ], [ 29.871397703671722, -1.464920459513581, 0.0 ], [ 29.871452414917496, -1.465053331149133, 0.0 ], [ 29.87168798174001, -1.465288897424519, 0.0 ], [ 29.871870010081992, -1.465503049512493, 0.0 ], [ 29.871934255968757, -1.465867106780484, 0.0 ], [ 29.871827179936773, -1.465995597878661, 0.0 ], [ 29.871998501053966, -1.466134796526677, 0.0 ], [ 29.87231972872738, -1.466295409429895, 0.0 ], [ 29.872801569764711, -1.466466730239489, 0.0 ], [ 29.872862024263629, -1.466463781564924, 0.0 ], [ 29.873240580020333, -1.466445315269522, 0.0 ], [ 29.873604637565489, -1.4665952217299, 0.0 ], [ 29.873936572193838, -1.466777250632239, 0.0 ], [ 29.874214968890534, -1.466959279175177, 0.0 ], [ 29.874418412893597, -1.466991402329377, 0.0 ], [ 29.87462185718822, -1.466969986441562, 0.0 ], [ 29.87465398025715, -1.467291214255772, 0.0 ], [ 29.874846715910309, -1.467783762428309, 0.0 ], [ 29.87493237732161, -1.46808357402727, 0.0 ], [ 29.874868131376612, -1.468179942462233, 0.0 ], [ 29.874953792157246, -1.468361971826044, 0.0 ], [ 29.874975206970614, -1.468576123700221, 0.0 ], [ 29.874974537149999, -1.468597550125478, 0.0 ], [ 29.874814230626672, -1.468319197868197, 0.0 ], [ 29.874150198476087, -1.467531603549227, 0.0 ], [ 29.873819758096015, -1.467272178102946, 0.0 ], [ 29.871144754240337, -1.470465727591255, 0.0 ], [ 29.871051730607519, -1.470488784798721, 0.0 ], [ 29.869107888455126, -1.471223124525954, 0.0 ], [ 29.866926466205395, -1.472022259361349, 0.0 ], [ 29.864075498450244, -1.473015778111869, 0.0 ], [ 29.862542023642863, -1.473620529847037, 0.0 ], [ 29.861795492941013, -1.473948674364334, 0.0 ], [ 29.861771624676173, -1.473959166317398, 0.0 ], [ 29.860576583588813, -1.474484459034775, 0.0 ], [ 29.858473067896298, -1.475576654624956, 0.0 ], [ 29.858462360126911, -1.475587361736363, 0.0 ], [ 29.858457994745461, -1.475579525292329, 0.0 ], [ 29.858248209051524, -1.475619484068685, 0.0 ], [ 29.857305942153456, -1.475994249685206, 0.0 ], [ 29.85718815912163, -1.47605849518651, 0.0 ], [ 29.85707037575191, -1.476240524629841, 0.0 ], [ 29.856717025050258, -1.476808025787563, 0.0 ], [ 29.856025013098041, -1.477149291665042, 0.0 ], [ 29.855841079243206, -1.477118959755288, 0.0 ], [ 29.855775072955435, -1.477056213679478, 0.0 ], [ 29.855585577032702, -1.476720102782805, 0.0 ], [ 29.855541552938423, -1.476699047902963, 0.0 ], [ 29.855229122016606, -1.476645179152383, 0.0 ], [ 29.854884372214276, -1.476645179145522, 0.0 ], [ 29.854711996411375, -1.476742141240108, 0.0 ], [ 29.85452884728441, -1.476903743720272, 0.0 ], [ 29.854395445990335, -1.477031808803464, 0.0 ], [ 29.854259511090472, -1.47716230668278, 0.0 ], [ 29.85396862735568, -1.477356228881464, 0.0 ], [ 29.853763931940218, -1.477474736393068, 0.0 ], [ 29.853494595268032, -1.47761479175571, 0.0 ], [ 29.853268352670089, -1.477636338840613, 0.0 ], [ 29.853194233367997, -1.477636338435563, 0.0 ], [ 29.85306574302809, -1.477632508582812, 0.0 ], [ 29.853060244535921, -1.477636338566399, 0.0 ], [ 29.85246611788607, -1.478050104209296, 0.0 ], [ 29.851470314576925, -1.478681851492622, 0.0 ], [ 29.850988473150306, -1.479088738650566, 0.0 ], [ 29.850435729869201, -1.479490733223771, 0.0 ], [ 29.850399556345099, -1.479517041242721, 0.0 ], [ 29.849767810690128, -1.480041712673837, 0.0 ], [ 29.849564366617184, -1.480041712364927, 0.0 ], [ 29.849461171590104, -1.480055370665469, 0.0 ], [ 29.849384762549882, -1.480065483535836, 0.0 ], [ 29.849318327987241, -1.480105061376473, 0.0 ], [ 29.849219995616632, -1.480135061613201, 0.0 ], [ 29.849119995484674, -1.480148394513403, 0.0 ], [ 29.849041662435891, -1.480196728422072, 0.0 ], [ 29.848946662004437, -1.480166728518852, 0.0 ], [ 29.848849994922734, -1.480183394535732, 0.0 ], [ 29.848759995411772, -1.480185061595444, 0.0 ], [ 29.848713328369001, -1.480268394479424, 0.0 ], [ 29.848691662137245, -1.480366728488925, 0.0 ], [ 29.848594994944424, -1.480358394572081, 0.0 ], [ 29.848513328487247, -1.48040839422908, 0.0 ], [ 29.848423328069632, -1.480410061274043, 0.0 ], [ 29.84832999514494, -1.480440061812212, 0.0 ], [ 29.848249995435943, -1.480481728869179, 0.0 ], [ 29.848156662498173, -1.480525061906736, 0.0 ], [ 29.848155375519575, -1.480525653328789, 0.0 ], [ 29.848035182237098, -1.480595330252908, 0.0 ], [ 29.847786809486553, -1.480739315219032, 0.0 ], [ 29.847728750269006, -1.480772972146732, 0.0 ], [ 29.847686662171604, -1.480815061465909, 0.0 ], [ 29.847615637200885, -1.48083854513739, 0.0 ], [ 29.847604880233849, -1.480844781484918, 0.0 ], [ 29.847505349213328, -1.480884056697516, 0.0 ], [ 29.847501662381813, -1.480876230230956, 0.0 ], [ 29.847473506599393, -1.480816460374794, 0.0 ], [ 29.847270496386066, -1.480385508145664, 0.0 ], [ 29.847208699165947, -1.480384355209528, 0.0 ], [ 29.846930302672803, -1.480095250860813, 0.0 ], [ 29.846388910236282, -1.47950078022498, 0.0 ], [ 29.846419771115425, -1.479468276420047, 0.0 ], [ 29.846523414616549, -1.479388550888658, 0.0 ], [ 29.846191479956595, -1.479088738567436, 0.0 ], [ 29.845366996229586, -1.478178595626787, 0.0 ], [ 29.845362220385219, -1.478167894737496, 0.0 ], [ 29.8453245779274, -1.478083547562096, 0.0 ], [ 29.844788786898661, -1.476882978468376, 0.0 ], [ 29.844028550299747, -1.475319672627546, 0.0 ], [ 29.843787153027712, -1.474286855390166, 0.0 ], [ 29.84375240003779, -1.474214765515878, 0.0 ], [ 29.843730102941652, -1.474143415456906, 0.0 ], [ 29.843700952113878, -1.474050133797359, 0.0 ], [ 29.843645324390561, -1.473872123150759, 0.0 ], [ 29.843531553375172, -1.473376405675829, 0.0 ], [ 29.843498747131761, -1.473263537880477, 0.0 ], [ 29.84349541863206, -1.473272498036584, 0.0 ], [ 29.843152776211522, -1.472512261427634, 0.0 ], [ 29.843109944910989, -1.471912636643279, 0.0 ], [ 29.842885086311135, -1.471826976486789, 0.0 ], [ 29.842788718229926, -1.47163424029471, 0.0 ], [ 29.842724473477759, -1.471205937721517, 0.0 ], [ 29.842189094563295, -1.470049519029931, 0.0 ], [ 29.842017773421919, -1.469514140887699, 0.0 ], [ 29.841936345449454, -1.469256857818198, 0.0 ], [ 29.841934671340045, -1.469254585719388, 0.0 ], [ 29.841751523124103, -1.468877514501989, 0.0 ], [ 29.841557600254557, -1.468618951748508, 0.0 ], [ 29.841466212221558, -1.468398544213545, 0.0 ], [ 29.841438562283564, -1.468331860724431, 0.0 ], [ 29.841411032751783, -1.468265465763409, 0.0 ], [ 29.84140891309103, -1.468260354562468, 0.0 ], [ 29.841068739147747, -1.468578548487787, 0.0 ], [ 29.840864442394508, -1.468706234125146, 0.0 ], [ 29.840135876966823, -1.468715609799078, 0.0 ], [ 29.839408828635477, -1.469063753565206, 0.0 ], [ 29.838847012102008, -1.469114827876903, 0.0 ], [ 29.83833627038263, -1.469038216369082, 0.0 ], [ 29.83804193068789, -1.468976250023845, 0.0 ], [ 29.837873765477607, -1.468958580169924, 0.0 ], [ 29.837691737207461, -1.469236977479916, 0.0 ], [ 29.837187341456758, -1.469678322236771, 0.0 ], [ 29.837100256310002, -1.469762256068431, 0.0 ], [ 29.836712514688404, -1.470140210905206, 0.0 ], [ 29.836691188511924, -1.470117360209109, 0.0 ], [ 29.836359206537239, -1.469887526704997, 0.0 ], [ 29.83605276091145, -1.470066286764664, 0.0 ], [ 29.836017626680423, -1.470087367807801, 0.0 ], [ 29.836017443334121, -1.470087538735342, 0.0 ], [ 29.83600689024729, -1.470071227100219, 0.0 ], [ 29.8360068295368, -1.470078051172644, 0.0 ], [ 29.836006688181726, -1.470093930594717, 0.0 ], [ 29.835669704022248, -1.47029612083335, 0.0 ], [ 29.8354143337009, -1.470525953449915, 0.0 ], [ 29.835005740399463, -1.470704713904037, 0.0 ], [ 29.834469461703733, -1.470755787140156, 0.0 ], [ 29.834009793730054, -1.470909010053111, 0.0 ], [ 29.833192606057604, -1.471215455117659, 0.0 ], [ 29.832579716192921, -1.471470826526704, 0.0 ], [ 29.831685917993738, -1.471572974363734, 0.0 ], [ 29.831124102015323, -1.471572974146058, 0.0 ], [ 29.830511211906192, -1.471470826730501, 0.0 ], [ 29.829905121010036, -1.471373851318253, 0.0 ], [ 29.829712682919002, -1.471486163799657, 0.0 ], [ 29.829695061550908, -1.471494669702011, 0.0 ], [ 29.829695304074523, -1.47149630677499, 0.0 ], [ 29.829696717001006, -1.471505820792199, 0.0 ], [ 29.829697642185177, -1.471512047096496, 0.0 ], [ 29.829705812375146, -1.471533782560072, 0.0 ], [ 29.829945604321676, -1.472171723066263, 0.0 ], [ 29.830034116305896, -1.473009671055692, 0.0 ], [ 29.83008722513204, -1.473491046894531, 0.0 ], [ 29.830108514329375, -1.473562483791838, 0.0 ], [ 29.830111134261895, -1.473571275246113, 0.0 ], [ 29.830132522291798, -1.473643045892927, 0.0 ], [ 29.830193489639086, -1.473847625384792, 0.0 ], [ 29.830463903306715, -1.474389072453679, 0.0 ], [ 29.830813451031041, -1.474739099630844, 0.0 ], [ 29.830990580191706, -1.475042198871481, 0.0 ], [ 29.831105421690992, -1.476094644599599, 0.0 ], [ 29.831114805692035, -1.476180641321996, 0.0 ], [ 29.831130697155174, -1.476326284302207, 0.0 ], [ 29.831144805039884, -1.476455572882136, 0.0 ], [ 29.831181289404036, -1.476789923681114, 0.0 ], [ 29.831026331078473, -1.477413522827163, 0.0 ], [ 29.830901775586824, -1.478073043602384, 0.0 ], [ 29.830830857000834, -1.478839664385693, 0.0 ], [ 29.83086731837939, -1.478978412511264, 0.0 ], [ 29.830903052024961, -1.479114395677422, 0.0 ], [ 29.831015528623634, -1.479542409895617, 0.0 ], [ 29.831124831066507, -1.479958349461858, 0.0 ], [ 29.831266725593348, -1.480329013854236, 0.0 ], [ 29.831751567246098, -1.481595545837617, 0.0 ], [ 29.831773241408733, -1.481652162441571, 0.0 ], [ 29.831837285410664, -1.481819462533685, 0.0 ], [ 29.832961393477873, -1.484755918208857, 0.0 ], [ 29.833028705571085, -1.484931754729198, 0.0 ], [ 29.833245025500219, -1.485496836227278, 0.0 ], [ 29.833219283647377, -1.485513504189836, 0.0 ], [ 29.833215587106924, -1.485515930548342, 0.0 ], [ 29.8332219664088, -1.485523649608848, 0.0 ], [ 29.833284043964927, -1.48559876256121, 0.0 ], [ 29.833401270097795, -1.485904986563058, 0.0 ], [ 29.833491205080144, -1.486131309380731, 0.0 ], [ 29.833512679911827, -1.486174542813891, 0.0 ], [ 29.833565937030603, -1.486281758543918, 0.0 ], [ 29.833581143467018, -1.48631236990192, 0.0 ], [ 29.834075817692511, -1.487081883563059, 0.0 ], [ 29.834435573896442, -1.487715595552216, 0.0 ], [ 29.834750377633377, -1.488077725811685, 0.0 ], [ 29.835290018119458, -1.488983031368601, 0.0 ], [ 29.835694769096076, -1.489390432392928, 0.0 ], [ 29.836009572367132, -1.489752561611113, 0.0 ], [ 29.836066428481992, -1.489817965747712, 0.0 ], [ 29.836151014427482, -1.489915267389883, 0.0 ], [ 29.836324375739427, -1.490114691698766, 0.0 ], [ 29.836587431957756, -1.490499966383918, 0.0 ], [ 29.836864036406606, -1.490748417751223, 0.0 ], [ 29.837047992482145, -1.490999199290878, 0.0 ], [ 29.837313757873929, -1.491246348301723, 0.0 ], [ 29.837448663948198, -1.491517937564964, 0.0 ], [ 29.837540952984575, -1.491796640775236, 0.0 ], [ 29.837545228071686, -1.491809549404821, 0.0 ], [ 29.837583561892437, -1.491925316440075, 0.0 ], [ 29.837673487541689, -1.492287430574766, 0.0 ], [ 29.837673474267358, -1.492468483397483, 0.0 ], [ 29.837667897276425, -1.492782099250419, 0.0 ], [ 29.837650184113642, -1.492912752083933, 0.0 ], [ 29.837628993197061, -1.492978945403846, 0.0 ], [ 29.837628047543166, -1.492981899267616, 0.0 ], [ 29.837620009484901, -1.493007007109701, 0.0 ], [ 29.837628416494258, -1.493073318398395, 0.0 ], [ 29.837614722710327, -1.493174323655054, 0.0 ], [ 29.837614687380128, -1.493655694608051, 0.0 ], [ 29.837508341159495, -1.49438665783676, 0.0 ], [ 29.837487271646182, -1.494744887241003, 0.0 ], [ 29.837444440872634, -1.495237436712331, 0.0 ], [ 29.837403383139996, -1.495682156277447, 0.0 ], [ 29.837313419258511, -1.495863203288417, 0.0 ], [ 29.837313405024076, -1.496044257006352, 0.0 ], [ 29.837223434444795, -1.496315829512236, 0.0 ], [ 29.837166044633776, -1.496757911369705, 0.0 ], [ 29.837171555564971, -1.49693977317153, 0.0 ], [ 29.837176446996121, -1.497101212444676, 0.0 ], [ 29.837176752713543, -1.49711126181206, 0.0 ], [ 29.837123214297389, -1.497753716717145, 0.0 ], [ 29.837123214575492, -1.497822983119321, 0.0 ], [ 29.837123214582419, -1.497835061145205, 0.0 ], [ 29.836940025491117, -1.4978033853559, 0.0 ], [ 29.83686720946967, -1.497756487786965, 0.0 ], [ 29.836636283418205, -1.497681439114449, 0.0 ], [ 29.835974581126777, -1.497295241698257, 0.0 ], [ 29.835579102071499, -1.496858134628251, 0.0 ], [ 29.835121179998424, -1.49671243113188, 0.0 ], [ 29.834767331070925, -1.496587543212496, 0.0 ], [ 29.834496740617428, -1.496587543487184, 0.0 ], [ 29.834118328000489, -1.496455061650902, 0.0 ], [ 29.834071516045835, -1.496457284844115, 0.0 ], [ 29.833910249005953, -1.496464944107753, 0.0 ], [ 29.833584776148353, -1.49648040256427, 0.0 ], [ 29.833433685191068, -1.496487578688372, 0.0 ], [ 29.832862789286953, -1.496514692004603, 0.0 ], [ 29.832092647286874, -1.496368989266223, 0.0 ], [ 29.831738798320316, -1.496389804126789, 0.0 ], [ 29.830581662596956, -1.496156728255488, 0.0 ], [ 29.830279717332548, -1.496191622865166, 0.0 ], [ 29.829883980214049, -1.496288039830752, 0.0 ], [ 29.829570843518049, -1.49635570710519, 0.0 ], [ 29.829095336233813, -1.496360713093333, 0.0 ], [ 29.828717801238337, -1.496436547799032, 0.0 ], [ 29.828644641872298, -1.496451242070198, 0.0 ], [ 29.828505352922363, -1.49647922112084, 0.0 ], [ 29.82850476292144, -1.49647344525893, 0.0 ], [ 29.828338481215177, -1.496549370668489, 0.0 ], [ 29.827999000765523, -1.496662370265739, 0.0 ], [ 29.827945133591413, -1.496888612279618, 0.0 ], [ 29.827837398736833, -1.497254910389635, 0.0 ], [ 29.82770811745911, -1.497470379863652, 0.0 ], [ 29.827568062240431, -1.497642755068074, 0.0 ], [ 29.827363366223825, -1.497728942849956, 0.0 ], [ 29.827180216888799, -1.497858224820699, 0.0 ], [ 29.826943201475252, -1.498106013425011, 0.0 ], [ 29.826770826037755, -1.498289162512933, 0.0 ], [ 29.82666309102229, -1.498493858006023, 0.0 ], [ 29.826544583140979, -1.49868778063859, 0.0 ], [ 29.826536511479198, -1.498715455246971, 0.0 ], [ 29.826469169413247, -1.498946343184457, 0.0 ], [ 29.826450605950612, -1.499057719237998, 0.0 ], [ 29.826428902717542, -1.499187947386709, 0.0 ], [ 29.826003142493178, -1.499356123809578, 0.0 ], [ 29.825564131125955, -1.499463198089095, 0.0 ], [ 29.825189366368008, -1.499548859170405, 0.0 ], [ 29.824996630110132, -1.499431076214926, 0.0 ], [ 29.824568327597696, -1.499516736497892, 0.0 ], [ 29.824482666175985, -1.499655935210454, 0.0 ], [ 29.824480186197178, -1.49965026682573, 0.0 ], [ 29.824253962928889, -1.499683234736278, 0.0 ], [ 29.824231130122289, -1.499686562169822, 0.0 ], [ 29.82422236887054, -1.499649767554907, 0.0 ], [ 29.824195968324638, -1.499538884444539, 0.0 ], [ 29.824002046658563, -1.499129492348718, 0.0 ], [ 29.823894312531824, -1.498903250083568, 0.0 ], [ 29.82376503018369, -1.498687780776596, 0.0 ], [ 29.823634905927022, -1.49850407656385, 0.0 ], [ 29.823543634537494, -1.498365472246309, 0.0 ], [ 29.823452600568785, -1.498213748906854, 0.0 ], [ 29.823097075480767, -1.498030599803824, 0.0 ], [ 29.822870833221522, -1.497955185609859, 0.0 ], [ 29.822590723096063, -1.497761263338626, 0.0 ], [ 29.822353707015129, -1.497621208128149, 0.0 ], [ 29.822290517400972, -1.497552000841236, 0.0 ], [ 29.82217831940622, -1.497429117720361, 0.0 ], [ 29.822127464347144, -1.497373418483026, 0.0 ], [ 29.821933541963535, -1.497157949244861, 0.0 ], [ 29.821696526522288, -1.496877839093014, 0.0 ], [ 29.821578017251781, -1.496651596773107, 0.0 ], [ 29.821427189474409, -1.496349939722903, 0.0 ], [ 29.821244040573347, -1.49599441553867, 0.0 ], [ 29.821093212458397, -1.495520383099582, 0.0 ], [ 29.820974704718665, -1.495132538281702, 0.0 ], [ 29.820877743683951, -1.494841655812183, 0.0 ], [ 29.820834649163409, -1.494529224735936, 0.0 ], [ 29.820641695115039, -1.494202041543435, 0.0 ], [ 29.820626928060619, -1.494163210513298, 0.0 ], [ 29.820600060738489, -1.494092558153953, 0.0 ], [ 29.820626281294441, -1.494059782161315, 0.0 ], [ 29.820673047410597, -1.494001325113497, 0.0 ], [ 29.820479124444876, -1.493742762401509, 0.0 ], [ 29.820231334983475, -1.493473425062752, 0.0 ], [ 29.820037413169118, -1.493290276206892, 0.0 ], [ 29.819875811557434, -1.493150221582837, 0.0 ], [ 29.819681887920204, -1.492923979312574, 0.0 ], [ 29.819660340997444, -1.49266541629477, 0.0 ], [ 29.819584927504842, -1.492363759060169, 0.0 ], [ 29.819531060398699, -1.492040555099703, 0.0 ], [ 29.819574154409615, -1.491728125704439, 0.0 ], [ 29.81964760011812, -1.491351710832014, 0.0 ], [ 29.820022351160706, -1.491429627442865, 0.0 ], [ 29.819999870596096, -1.491235506356548, 0.0 ], [ 29.819985631986945, -1.491108390264697, 0.0 ], [ 29.820017608576631, -1.49047954377577, 0.0 ], [ 29.820135391531359, -1.490115486385903, 0.0 ], [ 29.82015317187097, -1.490088292864988, 0.0 ], [ 29.820197694622951, -1.490020200533796, 0.0 ], [ 29.820317420230484, -1.48983708922397, 0.0 ], [ 29.820546192070125, -1.489260185084109, 0.0 ], [ 29.820555996214956, -1.489235461860406, 0.0 ], [ 29.820563694270763, -1.489216049390586, 0.0 ], [ 29.82057330756076, -1.489184287726423, 0.0 ], [ 29.820809968435931, -1.48840227406656, 0.0 ], [ 29.82116331855357, -1.487695574329112, 0.0 ], [ 29.821591621680405, -1.487170903754027, 0.0 ], [ 29.82184860345475, -1.4869032130404, 0.0 ], [ 29.821591621639371, -1.486421373873643, 0.0 ], [ 29.821741019917859, -1.486331733369611, 0.0 ], [ 29.821752235348516, -1.486325004272377, 0.0 ], [ 29.821582824287525, -1.486264190705523, 0.0 ], [ 29.821334638971702, -1.486175098532756, 0.0 ], [ 29.821120488334628, -1.485896701520699, 0.0 ], [ 29.821066950110225, -1.485147171812712, 0.0 ], [ 29.820981290322241, -1.484590377651266, 0.0 ], [ 29.820816259876249, -1.484538305903079, 0.0 ], [ 29.820606524265241, -1.484076414535022, 0.0 ], [ 29.819886656066139, -1.483748239537833, 0.0 ], [ 29.819878409000683, -1.483744479066326, 0.0 ], [ 29.820134374232268, -1.482495269140381, 0.0 ], [ 29.820091280344503, -1.482365987243617, 0.0 ], [ 29.819974778433131, -1.482320371762189, 0.0 ], [ 29.819717796098359, -1.481688625417629, 0.0 ], [ 29.819300200604772, -1.481185369143872, 0.0 ], [ 29.819428691729733, -1.481067585104486, 0.0 ], [ 29.819289493147895, -1.480757066283411, 0.0 ], [ 29.818946849919694, -1.479814799127872, 0.0 ], [ 29.818850482704303, -1.479568525036544, 0.0 ], [ 29.818671415483784, -1.4793446907677, 0.0 ], [ 29.818636331173483, -1.479300835657532, 0.0 ], [ 29.818565951387765, -1.479179625520565, 0.0 ], [ 29.818443594596083, -1.478968901374186, 0.0 ], [ 29.818229443581831, -1.478861825882755, 0.0 ], [ 29.817940338176737, -1.478626258123241, 0.0 ], [ 29.817769017130797, -1.478422814343572, 0.0 ], [ 29.81765123405291, -1.4781444178404, 0.0 ], [ 29.817586988382939, -1.477940973852133, 0.0 ], [ 29.817469205642222, -1.477791067024949, 0.0 ], [ 29.817426375201869, -1.477651869645437, 0.0 ], [ 29.817447789917832, -1.477501963472218, 0.0 ], [ 29.817351422021087, -1.477244981568315, 0.0 ], [ 29.817469204980732, -1.477116490771851, 0.0 ], [ 29.817276469293326, -1.477030830724604, 0.0 ], [ 29.81723363844182, -1.476698895205449, 0.0 ], [ 29.817169393639663, -1.476452621017527, 0.0 ], [ 29.81714797789791, -1.476142101010691, 0.0 ], [ 29.81698736432957, -1.476013610698899, 0.0 ], [ 29.817040902743919, -1.475767336310757, 0.0 ], [ 29.816890996439056, -1.475713798591615, 0.0 ], [ 29.816805335059364, -1.475563892597791, 0.0 ], [ 29.816634014261602, -1.475328325442895, 0.0 ], [ 29.816398448228774, -1.47546752414866, 0.0 ], [ 29.816216419757275, -1.475360448466514, 0.0 ], [ 29.815938022127682, -1.47515700473322, 0.0 ], [ 29.815541841915717, -1.475264080214516, 0.0 ], [ 29.815177784420275, -1.475189127055933, 0.0 ], [ 29.814674528550587, -1.47491073076433, 0.0 ], [ 29.814246225430946, -1.475092759541026, 0.0 ], [ 29.813625186039751, -1.475253372724097, 0.0 ], [ 29.812886363389925, -1.475264080510775, 0.0 ], [ 29.812008342611161, -1.475510354435419, 0.0 ], [ 29.811258811948946, -1.47558530738374, 0.0 ], [ 29.810776649227194, -1.475559420635486, 0.0 ], [ 29.810701912192204, -1.475555407528858, 0.0 ], [ 29.809663383626571, -1.47549964772724, 0.0 ], [ 29.809416562593238, -1.475473066419679, 0.0 ], [ 29.809415190296839, -1.475472918876225, 0.0 ], [ 29.808967391222026, -1.475424693005642, 0.0 ], [ 29.808624749020971, -1.475392571722095, 0.0 ], [ 29.808302947927274, -1.475451081582437, 0.0 ], [ 29.808300593307056, -1.475451509182593, 0.0 ], [ 29.808035832430839, -1.475499647205672, 0.0 ], [ 29.807706227236025, -1.475534950855115, 0.0 ], [ 29.807701062395125, -1.475503959468458, 0.0 ], [ 29.807627356301857, -1.475529973143424, 0.0 ], [ 29.807623347995982, -1.475531388256998, 0.0 ], [ 29.807182967269512, -1.475686817399361, 0.0 ], [ 29.807182283341003, -1.475687058827525, 0.0 ], [ 29.807060266360608, -1.475730123457577, 0.0 ], [ 29.804833246901641, -1.476229282188693, 0.0 ], [ 29.801569513240661, -1.476728441534152, 0.0 ], [ 29.8014804262294, -1.476709951126544, 0.0 ], [ 29.801422143261078, -1.476697855221723, 0.0 ], [ 29.800231066721061, -1.47645065073485, 0.0 ], [ 29.79984604644142, -1.476370741344121, 0.0 ], [ 29.799829853139631, -1.476367380756081, 0.0 ], [ 29.799534479741979, -1.476306076700193, 0.0 ], [ 29.799577067420397, -1.476282915832611, 0.0 ], [ 29.799398881740693, -1.476266716370578, 0.0 ], [ 29.799317888025502, -1.476072332219807, 0.0 ], [ 29.79930168904492, -1.475440584450414, 0.0 ], [ 29.799058709400821, -1.47492222667211, 0.0 ], [ 29.799013444420012, -1.474646108056381, 0.0 ], [ 29.798896721966806, -1.473934106694889, 0.0 ], [ 29.798588947625337, -1.472994583037867, 0.0 ], [ 29.79839456322803, -1.471828278368083, 0.0 ], [ 29.798183980110526, -1.47139091413683, 0.0 ], [ 29.798054391569007, -1.470386595719853, 0.0 ], [ 29.79795719838485, -1.469771045592755, 0.0 ], [ 29.797908602379284, -1.469511867892649, 0.0 ], [ 29.797746616460614, -1.469123098656043, 0.0 ], [ 29.797600827049891, -1.468701933552551, 0.0 ], [ 29.797487437469396, -1.468329363787156, 0.0 ], [ 29.797568429949557, -1.468053985658741, 0.0 ], [ 29.797438841463038, -1.467681416227544, 0.0 ], [ 29.797471238125894, -1.467325045752974, 0.0 ], [ 29.797460315129623, -1.467128437598218, 0.0 ], [ 29.797455929422615, -1.467049487907699, 0.0 ], [ 29.79743884149304, -1.466741892532781, 0.0 ], [ 29.797357847325866, -1.466207336319281, 0.0 ], [ 29.797195860088095, -1.4657861706443, 0.0 ], [ 29.796920483289565, -1.465024832532777, 0.0 ], [ 29.796855688069819, -1.464700858678188, 0.0 ], [ 29.79670990044616, -1.464004315293993, 0.0 ], [ 29.796726099440885, -1.463793732271576, 0.0 ], [ 29.796580311549615, -1.463210580471195, 0.0 ], [ 29.796515516155345, -1.462659825256437, 0.0 ], [ 29.796450320522332, -1.462412082786761, 0.0 ], [ 29.796434522464061, -1.462352050400249, 0.0 ], [ 29.796441097399121, -1.462350742263562, 0.0 ], [ 29.795940729176699, -1.460877436278411, 0.0 ], [ 29.795794899106912, -1.460356614513836, 0.0 ], [ 29.795790861698531, -1.460342194526335, 0.0 ], [ 29.79573914621929, -1.460157495135188, 0.0 ], [ 29.795623955063029, -1.459120779793691, 0.0 ], [ 29.795105597459404, -1.457652099269751, 0.0 ], [ 29.794702429958591, -1.455981835892643, 0.0 ], [ 29.794097678965993, -1.453591630422522, 0.0 ], [ 29.793475949279138, -1.451130613207956, 0.0 ], [ 29.793459211878055, -1.451064362649232, 0.0 ], [ 29.793406536368856, -1.450855852655072, 0.0 ], [ 29.793102465887056, -1.44940391946349, 0.0 ], [ 29.79308946755102, -1.449341847798699, 0.0 ], [ 29.792254630402226, -1.445355500692671, 0.0 ], [ 29.791743430299928, -1.443750417192522, 0.0 ], [ 29.791987976944608, -1.443593907779108, 0.0 ], [ 29.792203960331154, -1.443313129050425, 0.0 ], [ 29.793327067971251, -1.44229801238182, 0.0 ], [ 29.793759033595418, -1.442341209369831, 0.0 ], [ 29.793888623189247, -1.441995637824012, 0.0 ], [ 29.794169399969974, -1.441758056677869, 0.0 ], [ 29.794493373151433, -1.441455681115207, 0.0 ], [ 29.795746071492829, -1.440591751448443, 0.0 ], [ 29.796242831283667, -1.440094992625044, 0.0 ], [ 29.796653198606773, -1.439641428698566, 0.0 ], [ 29.797387537963562, -1.438755901008654, 0.0 ], [ 29.797964243304769, -1.437986960468436, 0.0 ], [ 29.797993487104435, -1.437947968677793, 0.0 ], [ 29.79829466393733, -1.437546399507931, 0.0 ], [ 29.799232245134295, -1.436296291349338, 0.0 ], [ 29.799396174446382, -1.436077719590167, 0.0 ], [ 29.799676951023081, -1.435321780850648, 0.0 ], [ 29.800540881454115, -1.43400428849855, 0.0 ], [ 29.801383212180738, -1.432622000878221, 0.0 ], [ 29.801944767737478, -1.431606883776024, 0.0 ], [ 29.802203946377258, -1.430958936529606, 0.0 ], [ 29.802830294146968, -1.429857425415613, 0.0 ], [ 29.803111071875584, -1.429274273674739, 0.0 ], [ 29.803391849292126, -1.428777513028787, 0.0 ], [ 29.803759019110021, -1.428280754327139, 0.0 ], [ 29.803784874343272, -1.428224343354263, 0.0 ], [ 29.803844747202241, -1.428093711699167, 0.0 ], [ 29.803996600472015, -1.427762396136856, 0.0 ], [ 29.8046661452241, -1.427136047472508, 0.0 ], [ 29.805249297892502, -1.426682484382993, 0.0 ], [ 29.805702861064979, -1.426423305153656, 0.0 ], [ 29.806602121276633, -1.426149461726504, 0.0 ], [ 29.807869217332676, -1.425803889837605, 0.0 ], [ 29.808185992375833, -1.425775091620671, 0.0 ], [ 29.808597274763795, -1.425693868536072, 0.0 ], [ 29.80957639443788, -1.425693868829674, 0.0 ], [ 29.810641907455206, -1.425837856049414, 0.0 ], [ 29.811851409510847, -1.426212225133709, 0.0 ], [ 29.812744136027145, -1.426269821377605, 0.0 ], [ 29.81415522141301, -1.426068237896519, 0.0 ], [ 29.814310345867309, -1.425706279845782, 0.0 ], [ 29.814497892211527, -1.425653885825498, 0.0 ], [ 29.815026374110069, -1.42530763838593, 0.0 ], [ 29.815317950670781, -1.425262080386664, 0.0 ], [ 29.815491074397396, -1.425307638812698, 0.0 ], [ 29.815928438445578, -1.425899903110566, 0.0 ], [ 29.816393138349632, -1.42638282610838, 0.0 ], [ 29.81686694927668, -1.426637955076693, 0.0 ], [ 29.81722230853627, -1.426765520861208, 0.0 ], [ 29.817723454686302, -1.42683841429079, 0.0 ], [ 29.818160819034098, -1.426865749028154, 0.0 ], [ 29.818165842640564, -1.426865749427705, 0.0 ], [ 29.818166219186381, -1.426865749457661, 0.0 ], [ 29.81889887131884, -1.426865749725818, 0.0 ], [ 29.819117552976387, -1.42665617979922, 0.0 ], [ 29.819322858248718, -1.426498252871545, 0.0 ], [ 29.819333021101247, -1.426490434706162, 0.0 ], [ 29.819354459435232, -1.426473943758096, 0.0 ], [ 29.819463800324662, -1.426373714032276, 0.0 ], [ 29.819305501263624, -1.42619782675014, 0.0 ], [ 29.819304507412816, -1.426196722338456, 0.0 ], [ 29.819217783598504, -1.426100361738369, 0.0 ], [ 29.819189176995319, -1.42601863249175, 0.0 ], [ 29.819189141056299, -1.426018529381645, 0.0 ], [ 29.819154000732613, -1.42591812634845, 0.0 ], [ 29.819152182998241, -1.425902904315148, 0.0 ], [ 29.819172962447677, -1.425911360754104, 0.0 ], [ 29.819173971629954, -1.425911771454055, 0.0 ], [ 29.819339675231515, -1.425979209467292, 0.0 ], [ 29.819414423981971, -1.425893545885731, 0.0 ], [ 29.819433867697636, -1.425871263586646, 0.0 ], [ 29.819474227292375, -1.425825009591787, 0.0 ], [ 29.81962795990713, -1.425784874094818, 0.0 ], [ 29.819637531910544, -1.425782375854623, 0.0 ], [ 29.819718979764719, -1.425761112327796, 0.0 ], [ 29.81991765722633, -1.425706596885765, 0.0 ], [ 29.82017052040996, -1.425652083875425, 0.0 ], [ 29.820242387180325, -1.425611270797228, 0.0 ], [ 29.82024517230305, -1.425609688228807, 0.0 ], [ 29.820669915598085, -1.425368480360472, 0.0 ], [ 29.820911471740796, -1.425137427711063, 0.0 ], [ 29.820916189244077, -1.425132914875332, 0.0 ], [ 29.821040910110035, -1.425147168810523, 0.0 ], [ 29.821290955754673, -1.425175744541981, 0.0 ], [ 29.821295450720726, -1.424828723752988, 0.0 ], [ 29.82143015320398, -1.424597535163847, 0.0 ], [ 29.821558644718852, -1.424543997223935, 0.0 ], [ 29.821901286661841, -1.424404798304361, 0.0 ], [ 29.822276051647812, -1.424372676031141, 0.0 ], [ 29.822340296936932, -1.424222770247032, 0.0 ], [ 29.822464424375106, -1.424052660071978, 0.0 ], [ 29.822864968508711, -1.423976495691751, 0.0 ], [ 29.822929213094117, -1.423740929427436, 0.0 ], [ 29.823025582158465, -1.423558900034555, 0.0 ], [ 29.823443177702593, -1.423612438604388, 0.0 ], [ 29.823807235051831, -1.423494655679887, 0.0 ], [ 29.823856364352004, -1.423559623388235, 0.0 ], [ 29.823964799450156, -1.42370301508754, 0.0 ], [ 29.824270547084364, -1.42410733134127, 0.0 ], [ 29.82423553796913, -1.424490459115843, 0.0 ], [ 29.824812361938513, -1.424416386345879, 0.0 ], [ 29.825139672197647, -1.424373954664617, 0.0 ], [ 29.82575155108557, -1.42438010362455, 0.0 ], [ 29.826126897659901, -1.424514178895123, 0.0 ], [ 29.826155384953349, -1.424524354312876, 0.0 ], [ 29.826311435116683, -1.424580096562173, 0.0 ], [ 29.826546225628697, -1.424671001649113, 0.0 ], [ 29.826732657691057, -1.424626426371579, 0.0 ], [ 29.826796870064712, -1.424661051772469, 0.0 ], [ 29.826893019415639, -1.424565993191593, 0.0 ], [ 29.827214514249697, -1.424380214463831, 0.0 ], [ 29.827249924873531, -1.424307000084299, 0.0 ], [ 29.827284092433224, -1.424236360579797, 0.0 ], [ 29.827485478465743, -1.423780384530212, 0.0 ], [ 29.82750356348657, -1.423453194702358, 0.0 ], [ 29.827503571284399, -1.423348255868796, 0.0 ], [ 29.827503571665247, -1.423343130349555, 0.0 ], [ 29.827503579694653, -1.423235066640469, 0.0 ], [ 29.827214622961705, -1.422907853690084, 0.0 ], [ 29.827052092955455, -1.422617003721556, 0.0 ], [ 29.827124361427785, -1.422307994720239, 0.0 ], [ 29.827323043441016, -1.42219894655996, 0.0 ], [ 29.827557848616472, -1.422089900191394, 0.0 ], [ 29.827849309575196, -1.421948827847878, 0.0 ], [ 29.827849288016296, -1.421948702127681, 0.0 ], [ 29.827863619715323, -1.421941765165384, 0.0 ], [ 29.828208037066446, -1.421908054083406, 0.0 ], [ 29.828464999344153, -1.422038303293671, 0.0 ], [ 29.828926746028237, -1.422078177904547, 0.0 ], [ 29.829075476014488, -1.422102608244572, 0.0 ], [ 29.829219451167308, -1.422126257680746, 0.0 ], [ 29.829598744069592, -1.422035399485583, 0.0 ], [ 29.830240023460835, -1.421846418718762, 0.0 ], [ 29.830246051909349, -1.421844641015448, 0.0 ], [ 29.830574969005774, -1.421747711867684, 0.0 ], [ 29.831001556276885, -1.421621998495968, 0.0 ], [ 29.831003464206837, -1.421621436068342, 0.0 ], [ 29.83160109648755, -1.421445316581029, 0.0 ], [ 29.831739566499682, -1.421479400097825, 0.0 ], [ 29.831758207402526, -1.421483988836959, 0.0 ], [ 29.831759653346385, -1.42148434439198, 0.0 ], [ 29.83184549514116, -1.421505474122956, 0.0 ] ] ] } },
{ "type": "Feature", "properties": { "sector": "Rwerere", "district": "Burera", "province": "North", "Area_m2_gis": 48296205.465391427, "Perimeter_m_gis": 34271.209989067858 }, "geometry": { "type": "Polygon", "coordinates": [ [ [ 29.877194803132806, -1.4727065933172, 0.0 ], [ 29.877202382605851, -1.472709246494629, 0.0 ], [ 29.877427241591544, -1.472687831579704, 0.0 ], [ 29.877518214541873, -1.472663020261889, 0.0 ], [ 29.87782262150008, -1.47266303707192, 0.0 ], [ 29.878010187923522, -1.472793834766092, 0.0 ], [ 29.878254681979396, -1.473097911369459, 0.0 ], [ 29.878392374758597, -1.473203890847305, 0.0 ], [ 29.878621938540451, -1.473380583594506, 0.0 ], [ 29.878731335114569, -1.473483352507165, 0.0 ], [ 29.878945984605089, -1.473684996426497, 0.0 ], [ 29.879075592570427, -1.474011141625948, 0.0 ], [ 29.879118777642805, -1.474445993599302, 0.0 ], [ 29.879226781222865, -1.474750395493786, 0.0 ], [ 29.879464413705993, -1.47501131750179, 0.0 ], [ 29.879615636154437, -1.47514178116645, 0.0 ], [ 29.879675558470318, -1.475162902474925, 0.0 ], [ 29.879748688716663, -1.475188679714055, 0.0 ], [ 29.879847536548287, -1.4752235218609, 0.0 ], [ 29.879961293154597, -1.475337482647935, 0.0 ], [ 29.88032494802744, -1.47545731148739, 0.0 ], [ 29.880652605287505, -1.475750627582454, 0.0 ], [ 29.881106271898311, -1.476163759547864, 0.0 ], [ 29.881367728612851, -1.476318559695567, 0.0 ], [ 29.881411160498843, -1.476344274691223, 0.0 ], [ 29.881473531884637, -1.476381203192892, 0.0 ], [ 29.881711172601438, -1.476511671363979, 0.0 ], [ 29.881821521683356, -1.476503067790846, 0.0 ], [ 29.881941818511603, -1.476493688723909, 0.0 ], [ 29.88190705038566, -1.476530300890192, 0.0 ], [ 29.882000614658839, -1.476517848872281, 0.0 ], [ 29.882236384574426, -1.476472940035303, 0.0 ], [ 29.882320603456105, -1.476456898639945, 0.0 ], [ 29.882631123153782, -1.476574681135958, 0.0 ], [ 29.88278410224974, -1.4766653352447, 0.0 ], [ 29.883143214589165, -1.476630379110261, 0.0 ], [ 29.883245066539946, -1.476620465370117, 0.0 ], [ 29.883506229432886, -1.476795708593639, 0.0 ], [ 29.883822507709219, -1.477007934114216, 0.0 ], [ 29.884022790386151, -1.477142326312974, 0.0 ], [ 29.884192592268686, -1.477356006588638, 0.0 ], [ 29.88420513609649, -1.477377749368778, 0.0 ], [ 29.884281099104989, -1.47754391837354, 0.0 ], [ 29.884376457474421, -1.477752514428126, 0.0 ], [ 29.884396133751796, -1.478027980795799, 0.0 ], [ 29.884505153678905, -1.478159552618058, 0.0 ], [ 29.884578950352751, -1.478248615157129, 0.0 ], [ 29.885189337331852, -1.478729590279271, 0.0 ], [ 29.885707813254317, -1.479251437200782, 0.0 ], [ 29.886507142278923, -1.479795041521231, 0.0 ], [ 29.887263252761038, -1.480577810351188, 0.0 ], [ 29.887606429461716, -1.48105206468375, 0.0 ], [ 29.887627248953553, -1.481155732237522, 0.0 ], [ 29.887647028011529, -1.481254215418609, 0.0 ], [ 29.887830637235702, -1.481808656634005, 0.0 ], [ 29.887886298874665, -1.481976741040122, 0.0 ], [ 29.887920215232722, -1.482079157497231, 0.0 ], [ 29.887920523440727, -1.482080088194157, 0.0 ], [ 29.887958339576759, -1.482194280815852, 0.0 ], [ 29.888017719601649, -1.482782915740444, 0.0 ], [ 29.88802613572534, -1.482805248900177, 0.0 ], [ 29.888250766131204, -1.483401335866276, 0.0 ], [ 29.88834606445694, -1.483654222802977, 0.0 ], [ 29.888473630892051, -1.483796133290935, 0.0 ], [ 29.888913249180511, -1.484285184669355, 0.0 ], [ 29.889212059235852, -1.484585936415418, 0.0 ], [ 29.889271472217803, -1.484645735453592, 0.0 ], [ 29.889514349422853, -1.485026002872091, 0.0 ], [ 29.889540133012982, -1.485066371676309, 0.0 ], [ 29.889778943752166, -1.485426917287645, 0.0 ], [ 29.89016860604897, -1.486141453100229, 0.0 ], [ 29.890206243948054, -1.486210472821734, 0.0 ], [ 29.890258517713516, -1.486306326560771, 0.0 ], [ 29.890344177108567, -1.486463404332898, 0.0 ], [ 29.890374065073658, -1.486613837020377, 0.0 ], [ 29.890432528332898, -1.486908096210377, 0.0 ], [ 29.8904886164059, -1.487291970207934, 0.0 ], [ 29.890506750633463, -1.487416079131951, 0.0 ], [ 29.89056467328815, -1.487684298210527, 0.0 ], [ 29.890632578286031, -1.487998716296918, 0.0 ], [ 29.890685630200089, -1.488244358195755, 0.0 ], [ 29.891177938108708, -1.488808230826491, 0.0 ], [ 29.891508972717059, -1.489335769868253, 0.0 ], [ 29.891671776742644, -1.489446074057998, 0.0 ], [ 29.891864251328087, -1.489892447897353, 0.0 ], [ 29.891987854603052, -1.490504539287324, 0.0 ], [ 29.892048037139983, -1.490618958168524, 0.0 ], [ 29.892139894329443, -1.490793595226019, 0.0 ], [ 29.892256512182346, -1.491015308426195, 0.0 ], [ 29.892665345433162, -1.491454229314691, 0.0 ], [ 29.8926836852708, -1.491473918329504, 0.0 ], [ 29.892704292426021, -1.491496042240679, 0.0 ], [ 29.892707958610316, -1.491507112010693, 0.0 ], [ 29.892717191464186, -1.491534992201892, 0.0 ], [ 29.892878889096185, -1.49202326954014, 0.0 ], [ 29.892914654178071, -1.492131268308691, 0.0 ], [ 29.892943085093112, -1.492217120301679, 0.0 ], [ 29.892984763358029, -1.49240591226299, 0.0 ], [ 29.893002780273832, -1.492487523673739, 0.0 ], [ 29.892913203700388, -1.492818007015262, 0.0 ], [ 29.892793777326819, -1.493058358418593, 0.0 ], [ 29.892823615454745, -1.493388848512331, 0.0 ], [ 29.892972868922623, -1.493689300368463, 0.0 ], [ 29.893083359382882, -1.493934294738764, 0.0 ], [ 29.893331067985692, -1.49459065151335, 0.0 ], [ 29.893613548536425, -1.494912633089556, 0.0 ], [ 29.89372767897294, -1.495286650427649, 0.0 ], [ 29.893778974511701, -1.495454746266886, 0.0 ], [ 29.893860035726288, -1.495594354214755, 0.0 ], [ 29.893876197646989, -1.495622187707946, 0.0 ], [ 29.893932089947821, -1.495718449462872, 0.0 ], [ 29.894751075536963, -1.496822421882754, 0.0 ], [ 29.895115770437091, -1.497314020087838, 0.0 ], [ 29.895226387014233, -1.497409720070672, 0.0 ], [ 29.895379924006733, -1.497545756156175, 0.0 ], [ 29.895515785060933, -1.497666130794252, 0.0 ], [ 29.895694765212482, -1.498015824112399, 0.0 ], [ 29.895817536366359, -1.498255696142437, 0.0 ], [ 29.896017703518083, -1.498646782708306, 0.0 ], [ 29.896590796558286, -1.499800428872139, 0.0 ], [ 29.896734124498661, -1.500088950513804, 0.0 ], [ 29.896853323075575, -1.500414604193811, 0.0 ], [ 29.896943072930771, -1.500659804543203, 0.0 ], [ 29.897236917736119, -1.500988415897511, 0.0 ], [ 29.897480412320743, -1.501260719072943, 0.0 ], [ 29.897906103350628, -1.501746858679463, 0.0 ], [ 29.897903657248126, -1.501839664408959, 0.0 ], [ 29.897903246712591, -1.501855257146296, 0.0 ], [ 29.897907153996378, -1.501861912289526, 0.0 ], [ 29.897906956274852, -1.501862025336756, 0.0 ], [ 29.897910109621218, -1.501866944800701, 0.0 ], [ 29.89794163050459, -1.501916117732482, 0.0 ], [ 29.898812536985027, -1.503274738026784, 0.0 ], [ 29.898817805749054, -1.503282956125637, 0.0 ], [ 29.900180162197923, -1.505408243308492, 0.0 ], [ 29.903706569169547, -1.50925875874841, 0.0 ], [ 29.903824293199119, -1.50938730385184, 0.0 ], [ 29.90606180366683, -1.511830459306127, 0.0 ], [ 29.906132743077865, -1.511907919695012, 0.0 ], [ 29.907187926294242, -1.513060083039116, 0.0 ], [ 29.908192203211513, -1.514780708375814, 0.0 ], [ 29.908536541174058, -1.516207833162864, 0.0 ], [ 29.908591430628935, -1.51643532336465, 0.0 ], [ 29.9086923677316, -1.516853660404656, 0.0 ], [ 29.908402451217462, -1.52138646040438, 0.0 ], [ 29.908401234448821, -1.521405482794424, 0.0 ], [ 29.908335846349047, -1.522427807819369, 0.0 ], [ 29.90828286500691, -1.52298191737701, 0.0 ], [ 29.908260254013079, -1.523218393613393, 0.0 ], [ 29.908191144244491, -1.523941195493614, 0.0 ], [ 29.908967071493262, -1.52354399315596, 0.0 ], [ 29.908967987308156, -1.523543524688578, 0.0 ], [ 29.90939688972712, -1.52332396626478, 0.0 ], [ 29.909465302041017, -1.524357396430381, 0.0 ], [ 29.909468035121197, -1.524398685700701, 0.0 ], [ 29.909468348576809, -1.524403417808735, 0.0 ], [ 29.909472440390346, -1.524447850108463, 0.0 ], [ 29.909624187057823, -1.52521163036286, 0.0 ], [ 29.909728454926519, -1.525596455728661, 0.0 ], [ 29.909854426293609, -1.526061351363689, 0.0 ], [ 29.909935632157151, -1.52677024102668, 0.0 ], [ 29.910015664937969, -1.527205250706375, 0.0 ], [ 29.909922929061146, -1.527410075407713, 0.0 ], [ 29.909914853082729, -1.527411750112858, 0.0 ], [ 29.909870310277647, -1.52742099083223, 0.0 ], [ 29.909865896619664, -1.52742190685621, 0.0 ], [ 29.908926548622173, -1.527616760204108, 0.0 ], [ 29.908077840974752, -1.527749186307831, 0.0 ], [ 29.907981339236418, -1.527764248517935, 0.0 ], [ 29.907295605396637, -1.528027708417461, 0.0 ], [ 29.90720472788751, -1.52806262718072, 0.0 ], [ 29.906617762359637, -1.528224488592994, 0.0 ], [ 29.905883167063433, -1.528434595860658, 0.0 ], [ 29.905694929600315, -1.528481318790041, 0.0 ], [ 29.905646587743878, -1.5284933178302, 0.0 ], [ 29.905022898755089, -1.528648123342058, 0.0 ], [ 29.904178833743185, -1.528913584837759, 0.0 ], [ 29.903503287064549, -1.529015763820532, 0.0 ], [ 29.902739535198311, -1.529259773847013, 0.0 ], [ 29.901850625621087, -1.52947850472734, 0.0 ], [ 29.901186189701296, -1.529598103216072, 0.0 ], [ 29.900544673916087, -1.53002800288576, 0.0 ], [ 29.899662217642, -1.530206674032356, 0.0 ], [ 29.899649108719409, -1.530210162791394, 0.0 ], [ 29.899526458597048, -1.530242795071457, 0.0 ], [ 29.898916402932976, -1.530405110850899, 0.0 ], [ 29.897627047739835, -1.530668009693549, 0.0 ], [ 29.896460458156223, -1.530772546878479, 0.0 ], [ 29.895721911553661, -1.530885037353112, 0.0 ], [ 29.895086928595408, -1.530953562737881, 0.0 ], [ 29.8944008981743, -1.531003917676221, 0.0 ], [ 29.893527565041612, -1.531308984724671, 0.0 ], [ 29.893004962280514, -1.531457939851804, 0.0 ], [ 29.892964980250714, -1.531469335745476, 0.0 ], [ 29.892431432622963, -1.531621410534972, 0.0 ], [ 29.891704306567856, -1.531734119035081, 0.0 ], [ 29.891667926053284, -1.531738654819679, 0.0 ], [ 29.891655954095921, -1.531740146556198, 0.0 ], [ 29.890983306402322, -1.531823986569535, 0.0 ], [ 29.890677136076, -1.53198025562021, 0.0 ], [ 29.890558263624261, -1.531842793647221, 0.0 ], [ 29.890524290254692, -1.531928592718528, 0.0 ], [ 29.890499050889343, -1.53199233627729, 0.0 ], [ 29.890416085375499, -1.532008838254311, 0.0 ], [ 29.890232096897144, -1.532171597535164, 0.0 ], [ 29.889876573284159, -1.532430160123742, 0.0 ], [ 29.889790384935779, -1.532710270700085, 0.0 ], [ 29.889553369627016, -1.533001154512899, 0.0 ], [ 29.889284032231384, -1.533281264592178, 0.0 ], [ 29.888960827994328, -1.533561374533888, 0.0 ], [ 29.888680719387935, -1.533647561377606, 0.0 ], [ 29.888282100282424, -1.533722976273201, 0.0 ], [ 29.888230204897539, -1.533730873028016, 0.0 ], [ 29.888225310412178, -1.533731618039018, 0.0 ], [ 29.887786521498409, -1.533798390501226, 0.0 ], [ 29.887420223898715, -1.534013859466454, 0.0 ], [ 29.88708624599148, -1.534283196505863, 0.0 ], [ 29.887010404977428, -1.534377239167962, 0.0 ], [ 29.886910756119402, -1.534500804575395, 0.0 ], [ 29.886816910686061, -1.534617173564502, 0.0 ], [ 29.886482994082346, -1.534930851239064, 0.0 ], [ 29.886461385897093, -1.534951150501525, 0.0 ], [ 29.886260280215023, -1.535054750108162, 0.0 ], [ 29.886177685255316, -1.535097299230115, 0.0 ], [ 29.886105860891579, -1.535134299210774, 0.0 ], [ 29.885953860713037, -1.535183865860435, 0.0 ], [ 29.885953741180721, -1.535183904745437, 0.0 ], [ 29.885936531221947, -1.535189516848407, 0.0 ], [ 29.885936306541343, -1.535189510505188, 0.0 ], [ 29.88593624542823, -1.535189508693006, 0.0 ], [ 29.885935384452054, -1.535189486035516, 0.0 ], [ 29.88595479725144, -1.535369134681367, 0.0 ], [ 29.885954810620103, -1.535371252003293, 0.0 ], [ 29.885645555375703, -1.535284399889343, 0.0 ], [ 29.885610282551571, -1.535295901710624, 0.0 ], [ 29.885211664397904, -1.535295901017161, 0.0 ], [ 29.884877686957314, -1.535295901038591, 0.0 ], [ 29.884446748641277, -1.535468276063049, 0.0 ], [ 29.88416663801938, -1.535651425814805, 0.0 ], [ 29.88376802000586, -1.536147004588668, 0.0 ], [ 29.883423270169338, -1.53644866187706, 0.0 ], [ 29.882949237295726, -1.536793412708363, 0.0 ], [ 29.882507524978489, -1.537008881107479, 0.0 ], [ 29.882011946389241, -1.537310538828504, 0.0 ], [ 29.881634875057888, -1.5377307033602, 0.0 ], [ 29.881322444898473, -1.53797849384062, 0.0 ], [ 29.880902280308991, -1.538140095759813, 0.0 ], [ 29.880546755550981, -1.538269376139312, 0.0 ], [ 29.880202005588153, -1.538269376591583, 0.0 ], [ 29.87992189518215, -1.538387884581869, 0.0 ], [ 29.879801666682582, -1.538432090067406, 0.0 ], [ 29.879866465686629, -1.538576002806876, 0.0 ], [ 29.879987373227166, -1.538844529510333, 0.0 ], [ 29.880150163752479, -1.539199540409358, 0.0 ], [ 29.880150144630147, -1.539542004591978, 0.0 ], [ 29.880150136924119, -1.539679991311507, 0.0 ], [ 29.880125873940063, -1.539826447750222, 0.0 ], [ 29.880076664697921, -1.540123481267212, 0.0 ], [ 29.880088883992887, -1.540505380218551, 0.0 ], [ 29.880250208767979, -1.541504885892437, 0.0 ], [ 29.880394850541748, -1.541700366814801, 0.0 ], [ 29.88054227314737, -1.54187709589573, 0.0 ], [ 29.880594447918941, -1.541939642557642, 0.0 ], [ 29.880651894394333, -1.542119236376957, 0.0 ], [ 29.880664122011304, -1.542353303655151, 0.0 ], [ 29.880672855891696, -1.542545913398427, 0.0 ], [ 29.880675116108861, -1.542595755127581, 0.0 ], [ 29.880737857119129, -1.542741001798875, 0.0 ], [ 29.880943219162027, -1.54309157781944, 0.0 ], [ 29.881234102696574, -1.543694891289068, 0.0 ], [ 29.881460345132421, -1.544384393509469, 0.0 ], [ 29.881611173621454, -1.544944613727526, 0.0 ], [ 29.881815869485568, -1.545354004310783, 0.0 ], [ 29.882171393595272, -1.545828036305409, 0.0 ], [ 29.882397636290833, -1.546129693414426, 0.0 ], [ 29.882602332649679, -1.546452897858954, 0.0 ], [ 29.88272450673643, -1.546713905813286, 0.0 ], [ 29.882795594118562, -1.546865776199669, 0.0 ], [ 29.882839348084918, -1.546959250065465, 0.0 ], [ 29.883044044102583, -1.547422509680496, 0.0 ], [ 29.88316255225843, -1.547734939092358, 0.0 ], [ 29.883302606916761, -1.548090463184326, 0.0 ], [ 29.883474982765406, -1.548295159121934, 0.0 ], [ 29.883499326544747, -1.548313417724251, 0.0 ], [ 29.883547653729163, -1.548349662668335, 0.0 ], [ 29.883714199419558, -1.548474572085148, 0.0 ], [ 29.883846411476618, -1.548573731674338, 0.0 ], [ 29.883843545459694, -1.548589673377069, 0.0 ], [ 29.883789771672589, -1.548888783349027, 0.0 ], [ 29.88371199853, -1.549297091838166, 0.0 ], [ 29.88360426454955, -1.549620295213803, 0.0 ], [ 29.883528849631666, -1.54981421718143, 0.0 ], [ 29.883507303329537, -1.549965045017918, 0.0 ], [ 29.883474982708435, -1.550072780574908, 0.0 ], [ 29.883593489955359, -1.550191288355103, 0.0 ], [ 29.88348575590198, -1.550514492621584, 0.0 ], [ 29.883485756672229, -1.550697641315324, 0.0 ], [ 29.883464209174797, -1.550870016799046, 0.0 ], [ 29.883410341223311, -1.55103161847473, 0.0 ], [ 29.883496529272218, -1.551150126280194, 0.0 ], [ 29.883604263897517, -1.551376369002703, 0.0 ], [ 29.883830506577276, -1.551527197878862, 0.0 ], [ 29.883938415540186, -1.551622795306113, 0.0 ], [ 29.884069782226376, -1.552066016300057, 0.0 ], [ 29.883223407688202, -1.552348525484925, 0.0 ], [ 29.882732601170201, -1.552620373519004, 0.0 ], [ 29.882365316216376, -1.552776919847139, 0.0 ], [ 29.882136765302985, -1.552825894835795, 0.0 ], [ 29.881830938003183, -1.552986089450122, 0.0 ], [ 29.88126751224512, -1.553074621552662, 0.0 ], [ 29.880964766323657, -1.553175537565019, 0.0 ], [ 29.88064261764768, -1.55326081175294, 0.0 ], [ 29.880058750559304, -1.553517393021007, 0.0 ], [ 29.879624804967634, -1.55396881779226, 0.0 ], [ 29.879195298274041, -1.554400077068581, 0.0 ], [ 29.878580013996888, -1.554856904283598, 0.0 ], [ 29.878399914296743, -1.554906480390279, 0.0 ], [ 29.878006648210366, -1.555014733029359, 0.0 ], [ 29.877379146592794, -1.555401675822087, 0.0 ], [ 29.876893214672929, -1.555868984492811, 0.0 ], [ 29.87650455324188, -1.556073598225434, 0.0 ], [ 29.874489916407406, -1.556835060734926, 0.0 ], [ 29.874340954171991, -1.556972034534407, 0.0 ], [ 29.874140134015892, -1.557156692387234, 0.0 ], [ 29.874056322625329, -1.557233759239987, 0.0 ], [ 29.873565617151666, -1.557387104675408, 0.0 ], [ 29.873128524547951, -1.557421405781473, 0.0 ], [ 29.872706882186925, -1.557663126379311, 0.0 ], [ 29.872246845896925, -1.557755133489386, 0.0 ], [ 29.8718481470802, -1.55790847958959, 0.0 ], [ 29.871265659262985, -1.557970811179923, 0.0 ], [ 29.870565233073204, -1.55814169022744, 0.0 ], [ 29.870461526067022, -1.558207394884, 0.0 ], [ 29.870244089876167, -1.558345152803946, 0.0 ], [ 29.87012661911956, -1.558419576399803, 0.0 ], [ 29.869960834184401, -1.558524610840377, 0.0 ], [ 29.86985730411887, -1.558650075256164, 0.0 ], [ 29.869737942576041, -1.558794728414133, 0.0 ], [ 29.869686332574425, -1.55885727340435, 0.0 ], [ 29.868953018505664, -1.559611883290713, 0.0 ], [ 29.86863612147263, -1.559887536401496, 0.0 ], [ 29.868582705055982, -1.559933999205661, 0.0 ], [ 29.868581825148265, -1.55993476522019, 0.0 ], [ 29.868406718148307, -1.559667023207345, 0.0 ], [ 29.868374595440269, -1.559452872562241, 0.0 ], [ 29.86822468957655, -1.559377918523681, 0.0 ], [ 29.868267520644281, -1.559260135498443, 0.0 ], [ 29.868235397054445, -1.559045984852056, 0.0 ], [ 29.868064076674436, -1.558992446850842, 0.0 ], [ 29.868042660934542, -1.558917493663604, 0.0 ], [ 29.867892755325457, -1.558810417131068, 0.0 ], [ 29.867807094097021, -1.55871404972697, 0.0 ], [ 29.867732141025591, -1.558564143128177, 0.0 ], [ 29.86760365002721, -1.558478482612057, 0.0 ], [ 29.86760365017075, -1.558317869338402, 0.0 ], [ 29.867550112591076, -1.558189378770107, 0.0 ], [ 29.867517989352731, -1.558071594635232, 0.0 ], [ 29.867464452701689, -1.557985934332033, 0.0 ], [ 29.867464451953929, -1.557825320154007, 0.0 ], [ 29.867335960992584, -1.557696829359231, 0.0 ], [ 29.867293130271868, -1.557579046352729, 0.0 ], [ 29.867261008165567, -1.557429140646083, 0.0 ], [ 29.867164639277274, -1.557279234484239, 0.0 ], [ 29.867143224636344, -1.557000837751869, 0.0 ], [ 29.867111102288955, -1.556754563718238, 0.0 ], [ 29.866757751952431, -1.556358382803356, 0.0 ], [ 29.866597138415372, -1.556219184851748, 0.0 ], [ 29.866404401979885, -1.556229892128521, 0.0 ], [ 29.866329449084454, -1.556122816661905, 0.0 ], [ 29.866243788709909, -1.555887249714406, 0.0 ], [ 29.866168835167116, -1.555662390335801, 0.0 ], [ 29.865979734026947, -1.5555469106511, 0.0 ], [ 29.865976099520527, -1.555234087135504, 0.0 ], [ 29.865911853349502, -1.55457021889556, 0.0 ], [ 29.86583690030168, -1.554495265889644, 0.0 ], [ 29.86571911733671, -1.554377481685618, 0.0 ], [ 29.865579918054298, -1.554323943762861, 0.0 ], [ 29.865547796605746, -1.553981301396463, 0.0 ], [ 29.865504965158735, -1.553820687195108, 0.0 ], [ 29.865494258616245, -1.553692196619279, 0.0 ], [ 29.865355059194115, -1.55354229036415, 0.0 ], [ 29.865226568590561, -1.553456630637444, 0.0 ], [ 29.865173031257285, -1.553328139121229, 0.0 ], [ 29.865033157888156, -1.55326235938506, 0.0 ], [ 29.865140908480981, -1.553092572865774, 0.0 ], [ 29.86493803825088, -1.552933361128278, 0.0 ], [ 29.864901597522998, -1.552832743164192, 0.0 ], [ 29.864717851657343, -1.552726339898094, 0.0 ], [ 29.864851803325305, -1.552578609205765, 0.0 ], [ 29.864723312223298, -1.552332334381628, 0.0 ], [ 29.864584113971045, -1.552321627574084, 0.0 ], [ 29.864573406121831, -1.552214551676884, 0.0 ], [ 29.864423500005806, -1.552139598321914, 0.0 ], [ 29.86433784062071, -1.551936154696352, 0.0 ], [ 29.864166519378685, -1.551850494864715, 0.0 ], [ 29.864016613186276, -1.551904031368447, 0.0 ], [ 29.863973782315021, -1.551764833634756, 0.0 ], [ 29.863866706169734, -1.551647050038857, 0.0 ], [ 29.86377033789163, -1.55136865387322, 0.0 ], [ 29.863620432643817, -1.5511973321515, 0.0 ], [ 29.863566894651004, -1.550983180080184, 0.0 ], [ 29.863320620422201, -1.550854689585929, 0.0 ], [ 29.862860193998362, -1.550437094644816, 0.0 ], [ 29.862731704667777, -1.550447801293704, 0.0 ], [ 29.862624628656455, -1.550330018549598, 0.0 ], [ 29.862410476739537, -1.55019082045624, 0.0 ], [ 29.862303401723583, -1.55016940420185, 0.0 ], [ 29.862271278522634, -1.549987376884224, 0.0 ], [ 29.862078542423149, -1.549751809137723, 0.0 ], [ 29.861896513255875, -1.54958048882605, 0.0 ], [ 29.861735899643552, -1.549441289662773, 0.0 ], [ 29.861564577901998, -1.549312798480451, 0.0 ], [ 29.861439566751113, -1.549170873814983, 0.0 ], [ 29.861633610342846, -1.549143797372346, 0.0 ], [ 29.8614551176783, -1.549153603448949, 0.0 ], [ 29.861304578159867, -1.548970133871301, 0.0 ], [ 29.861266474584514, -1.548889914731687, 0.0 ], [ 29.861216662428664, -1.54879506171359, 0.0 ], [ 29.861216646253897, -1.54879502553449, 0.0 ], [ 29.861151110708686, -1.548647042240946, 0.0 ], [ 29.861101133871191, -1.548541830537084, 0.0 ], [ 29.860555047914669, -1.547642394313688, 0.0 ], [ 29.860212405254252, -1.546967816086022, 0.0 ], [ 29.860116037299541, -1.546817910576827, 0.0 ], [ 29.859912593286278, -1.546528806627771, 0.0 ], [ 29.859741272265836, -1.546175456247194, 0.0 ], [ 29.859019436620745, -1.544707064305015, 0.0 ], [ 29.858569181236991, -1.543680481009702, 0.0 ], [ 29.858532006529433, -1.54359572245955, 0.0 ], [ 29.857948679378964, -1.542265737649506, 0.0 ], [ 29.857663143129255, -1.542351398864007, 0.0 ], [ 29.857577483139455, -1.542023032331068, 0.0 ], [ 29.85753574004713, -1.54176593402888, 0.0 ], [ 29.85752385926709, -1.541692756849306, 0.0 ], [ 29.857508376073319, -1.541597396873246, 0.0 ], [ 29.857475171364829, -1.541508778382533, 0.0 ], [ 29.857410205051618, -1.541335396265478, 0.0 ], [ 29.857263994938847, -1.54094518836207, 0.0 ], [ 29.85712160450062, -1.540554293327435, 0.0 ], [ 29.857149180704027, -1.540167052882597, 0.0 ], [ 29.8571206260929, -1.540010008496869, 0.0 ], [ 29.856920751306042, -1.539339000342241, 0.0 ], [ 29.856631152732319, -1.538139401705493, 0.0 ], [ 29.856393102289772, -1.537306223864921, 0.0 ], [ 29.856374171509842, -1.537239965251315, 0.0 ], [ 29.856349149256705, -1.537212942193737, 0.0 ], [ 29.856106480883483, -1.536950860311534, 0.0 ], [ 29.855903037201365, -1.536811662429634, 0.0 ], [ 29.855785254456148, -1.536618926880843, 0.0 ], [ 29.855742424130099, -1.535933641715179, 0.0 ], [ 29.855350925947377, -1.535600452607616, 0.0 ], [ 29.855272966203188, -1.535534103140674, 0.0 ], [ 29.855249912344107, -1.535504727731246, 0.0 ], [ 29.855168350363311, -1.535427437782411, 0.0 ], [ 29.855143806911443, -1.535404179069225, 0.0 ], [ 29.854628835944268, -1.534780792106833, 0.0 ], [ 29.853832624063116, -1.534482212780875, 0.0 ], [ 29.853612619710439, -1.534373892416899, 0.0 ], [ 29.853376049928638, -1.534202583152753, 0.0 ], [ 29.853108360641663, -1.534063384228807, 0.0 ], [ 29.852969162473372, -1.533859941098603, 0.0 ], [ 29.852755010651425, -1.533581544586361, 0.0 ], [ 29.852583689101003, -1.533292439618909, 0.0 ], [ 29.852476613304585, -1.533099703764729, 0.0 ], [ 29.852412368374548, -1.532821306761384, 0.0 ], [ 29.85228387740095, -1.532714230817696, 0.0 ], [ 29.85226728260605, -1.532686572477099, 0.0 ], [ 29.852174367081957, -1.532455053857279, 0.0 ], [ 29.852172240901414, -1.532439111866856, 0.0 ], [ 29.852166094112242, -1.532393003463026, 0.0 ], [ 29.852133971110515, -1.531632765445658, 0.0 ], [ 29.851727083189026, -1.530979603685102, 0.0 ], [ 29.851620007017488, -1.530454932698822, 0.0 ], [ 29.851427271331886, -1.52982318509676, 0.0 ], [ 29.851073921110562, -1.528720305308434, 0.0 ], [ 29.850741985970103, -1.528527568163767, 0.0 ], [ 29.850646382446527, -1.528312458757142, 0.0 ], [ 29.850633212271063, -1.528278328400815, 0.0 ], [ 29.850580085887341, -1.528140659196209, 0.0 ], [ 29.850550362467409, -1.528063632313139, 0.0 ], [ 29.850474297729697, -1.527852991349624, 0.0 ], [ 29.850249438757402, -1.527467519649592, 0.0 ], [ 29.850088824293891, -1.527231952426394, 0.0 ], [ 29.849896088159813, -1.527017800321927, 0.0 ], [ 29.849746182157428, -1.52679294161903, 0.0 ], [ 29.849660520947253, -1.526557375118851, 0.0 ], [ 29.849445024211693, -1.526313784236244, 0.0 ], [ 29.849406221440152, -1.525779572431059, 0.0 ], [ 29.849315629134665, -1.525245357880979, 0.0 ], [ 29.849363022219993, -1.524753076130416, 0.0 ], [ 29.849446370354617, -1.524233831620867, 0.0 ], [ 29.849382124519874, -1.523730575546273, 0.0 ], [ 29.849189388160134, -1.522852554134434, 0.0 ], [ 29.849060897578585, -1.522285052231636, 0.0 ], [ 29.848600471223552, -1.521642598625129, 0.0 ], [ 29.848410723325451, -1.52143703712047, 0.0 ], [ 29.848348818112829, -1.521369973177481, 0.0 ], [ 29.848339518245702, -1.521369218208199, 0.0 ], [ 29.848040921339447, -1.52134496322713, 0.0 ], [ 29.847882790353719, -1.521332118770087, 0.0 ], [ 29.847738596996912, -1.52116074143171, 0.0 ], [ 29.847730945646667, -1.521156143567556, 0.0 ], [ 29.847364941721089, -1.520936198651692, 0.0 ], [ 29.84688591251092, -1.520857987446531, 0.0 ], [ 29.846497511674766, -1.520792812135287, 0.0 ], [ 29.846160901311052, -1.520662493823628, 0.0 ], [ 29.845798404552326, -1.520440965223266, 0.0 ], [ 29.845348423121838, -1.520158178183753, 0.0 ], [ 29.84477562511772, -1.520089096528833, 0.0 ], [ 29.843869359657646, -1.519880559551774, 0.0 ], [ 29.843442608025249, -1.519793407308371, 0.0 ], [ 29.843368423723568, -1.519778257783502, 0.0 ], [ 29.843200747717404, -1.519764525033649, 0.0 ], [ 29.843092959082142, -1.519755698768868, 0.0 ], [ 29.843105692292756, -1.519727939411853, 0.0 ], [ 29.843107092712089, -1.519724887899467, 0.0 ], [ 29.843165998412999, -1.519596466616669, 0.0 ], [ 29.843220908687034, -1.519476759416676, 0.0 ], [ 29.843325519564758, -1.519209569870736, 0.0 ], [ 29.843430127233106, -1.518999057684545, 0.0 ], [ 29.843534734031351, -1.518812835403944, 0.0 ], [ 29.843711758445334, -1.518513262742593, 0.0 ], [ 29.843768089544195, -1.518343231113071, 0.0 ], [ 29.843881263668045, -1.51760649683857, 0.0 ], [ 29.843956404324643, -1.517117352119832, 0.0 ], [ 29.844065885915693, -1.516788645779902, 0.0 ], [ 29.844146357759268, -1.516561937604027, 0.0 ], [ 29.844411894338009, -1.516100432163531, 0.0 ], [ 29.844484317358312, -1.515922305024276, 0.0 ], [ 29.8445647943145, -1.515622725268993, 0.0 ], [ 29.844613095220613, -1.515225980810798, 0.0 ], [ 29.844733804963678, -1.514861627219451, 0.0 ], [ 29.844858127521309, -1.514471554024523, 0.0 ], [ 29.844918913263378, -1.514011465463672, 0.0 ], [ 29.844942521211905, -1.513852022531833, 0.0 ], [ 29.844956005685901, -1.513760951692445, 0.0 ], [ 29.844956041651709, -1.513760708397926, 0.0 ], [ 29.844975259070356, -1.513630914837309, 0.0 ], [ 29.845027253639024, -1.513485899021701, 0.0 ], [ 29.845073715525352, -1.513356312727815, 0.0 ], [ 29.845192523883107, -1.513137018301571, 0.0 ], [ 29.845377595113849, -1.512805058533413, 0.0 ], [ 29.845522437281229, -1.512497385778822, 0.0 ], [ 29.845597178953327, -1.512252711096636, 0.0 ], [ 29.845651199963399, -1.512019676107194, 0.0 ], [ 29.845747763114566, -1.51177677660327, 0.0 ], [ 29.845844323143634, -1.511590554470847, 0.0 ], [ 29.845908693984949, -1.511493395779241, 0.0 ], [ 29.84598918568194, -1.510991392704683, 0.0 ], [ 29.84601334430295, -1.510667517097386, 0.0 ], [ 29.846077727399454, -1.510408421087673, 0.0 ], [ 29.846153317067905, -1.510230953419315, 0.0 ], [ 29.846222570657307, -1.510068361694988, 0.0 ], [ 29.84633279091403, -1.50984464922221, 0.0 ], [ 29.846308538363228, -1.509830626707998, 0.0 ], [ 29.846307096888001, -1.5098297936067, 0.0 ], [ 29.84630823489832, -1.509826359489677, 0.0 ], [ 29.846322908579818, -1.509782070504292, 0.0 ], [ 29.846316529919008, -1.509584458502988, 0.0 ], [ 29.846329632317339, -1.509544910534271, 0.0 ], [ 29.846358715715049, -1.509529417558663, 0.0 ], [ 29.846209515520158, -1.5094608613683, 0.0 ], [ 29.845774934017172, -1.509200113549319, 0.0 ], [ 29.845410877389597, -1.508707564602997, 0.0 ], [ 29.844864790190158, -1.507979449335414, 0.0 ], [ 29.844824700391129, -1.507853950363441, 0.0 ], [ 29.844793826519489, -1.507695417004943, 0.0 ], [ 29.8447934976471, -1.507694629205161, 0.0 ], [ 29.844709994600798, -1.507494869034763, 0.0 ], [ 29.844618516257068, -1.507208504460702, 0.0 ], [ 29.844350827738662, -1.506694540396827, 0.0 ], [ 29.844307997516253, -1.505902180074017, 0.0 ], [ 29.844115260497372, -1.505720151020526, 0.0 ], [ 29.843826156386815, -1.505377509060688, 0.0 ], [ 29.843590589129981, -1.505013451743154, 0.0 ], [ 29.843457843463248, -1.504911939325259, 0.0 ], [ 29.843303237890485, -1.504793712888622, 0.0 ], [ 29.84322653271991, -1.504735054648483, 0.0 ], [ 29.843001672653205, -1.504499488781207, 0.0 ], [ 29.842776813058453, -1.504370997141361, 0.0 ], [ 29.842551954259129, -1.50423179859905, 0.0 ], [ 29.842112943977693, -1.504028354021661, 0.0 ], [ 29.841823839248022, -1.503664297178495, 0.0 ], [ 29.841192091918419, -1.502989720224712, 0.0 ], [ 29.840797502990352, -1.502667817402822, 0.0 ], [ 29.840785204889137, -1.502657785244149, 0.0 ], [ 29.840573292908047, -1.502423398619078, 0.0 ], [ 29.840573232699427, -1.502423331685356, 0.0 ], [ 29.840078505588018, -1.501876132817463, 0.0 ], [ 29.839473527636127, -1.501271154871744, 0.0 ], [ 29.839446757976223, -1.501244385692778, 0.0 ], [ 29.839436050651738, -1.501233677116729, 0.0 ], [ 29.838836425959855, -1.500773252255903, 0.0 ], [ 29.838707311089355, -1.500751742091916, 0.0 ], [ 29.838429538582314, -1.500419902245394, 0.0 ], [ 29.838268925266004, -1.500259288009062, 0.0 ], [ 29.838193971712755, -1.500130797160235, 0.0 ], [ 29.838140434026464, -1.500055844112171, 0.0 ], [ 29.838011943143478, -1.499884523562946, 0.0 ], [ 29.837722838392835, -1.499488343843841, 0.0 ], [ 29.837530102462555, -1.499391974777903, 0.0 ], [ 29.837423026165059, -1.499231361776276, 0.0 ], [ 29.837358781004184, -1.499124285465884, 0.0 ], [ 29.837337366535248, -1.499027917426591, 0.0 ], [ 29.837273120235668, -1.498985087818713, 0.0 ], [ 29.837217012558359, -1.498760654294548, 0.0 ], [ 29.837210293113976, -1.498733780772432, 0.0 ], [ 29.837176752497651, -1.498599614858329, 0.0 ], [ 29.837146844191398, -1.498408205668279, 0.0 ], [ 29.837126480135758, -1.498277876512069, 0.0 ], [ 29.837123213982164, -1.498256972618435, 0.0 ], [ 29.837123213899591, -1.497844309146857, 0.0 ], [ 29.837123214582419, -1.497835061145205, 0.0 ], [ 29.837123214575492, -1.497822983119321, 0.0 ], [ 29.837123214297389, -1.497753716717145, 0.0 ], [ 29.837176752713543, -1.49711126181206, 0.0 ], [ 29.837176446996121, -1.497101212444676, 0.0 ], [ 29.837171555564971, -1.49693977317153, 0.0 ], [ 29.837166044633776, -1.496757911369705, 0.0 ], [ 29.837223434444795, -1.496315829512236, 0.0 ], [ 29.837313405024076, -1.496044257006352, 0.0 ], [ 29.837313419258511, -1.495863203288417, 0.0 ], [ 29.837403383139996, -1.495682156277447, 0.0 ], [ 29.837444440872634, -1.495237436712331, 0.0 ], [ 29.837487271646182, -1.494744887241003, 0.0 ], [ 29.837508341159495, -1.49438665783676, 0.0 ], [ 29.837614687380128, -1.493655694608051, 0.0 ], [ 29.837614722710327, -1.493174323655054, 0.0 ], [ 29.837628416494258, -1.493073318398395, 0.0 ], [ 29.837620009484901, -1.493007007109701, 0.0 ], [ 29.837628047543166, -1.492981899267616, 0.0 ], [ 29.837628993197061, -1.492978945403846, 0.0 ], [ 29.837650184113642, -1.492912752083933, 0.0 ], [ 29.837667897276425, -1.492782099250419, 0.0 ], [ 29.837673474267358, -1.492468483397483, 0.0 ], [ 29.837673487541689, -1.492287430574766, 0.0 ], [ 29.837583561892437, -1.491925316440075, 0.0 ], [ 29.837545228071686, -1.491809549404821, 0.0 ], [ 29.837540952984575, -1.491796640775236, 0.0 ], [ 29.837448663948198, -1.491517937564964, 0.0 ], [ 29.837313757873929, -1.491246348301723, 0.0 ], [ 29.837047992482145, -1.490999199290878, 0.0 ], [ 29.836864036406606, -1.490748417751223, 0.0 ], [ 29.836587431957756, -1.490499966383918, 0.0 ], [ 29.836324375739427, -1.490114691698766, 0.0 ], [ 29.836151014427482, -1.489915267389883, 0.0 ], [ 29.836066428481992, -1.489817965747712, 0.0 ], [ 29.836009572367132, -1.489752561611113, 0.0 ], [ 29.835694769096076, -1.489390432392928, 0.0 ], [ 29.835290018119458, -1.488983031368601, 0.0 ], [ 29.834750377633377, -1.488077725811685, 0.0 ], [ 29.834435573896442, -1.487715595552216, 0.0 ], [ 29.834075817692511, -1.487081883563059, 0.0 ], [ 29.833581143467018, -1.48631236990192, 0.0 ], [ 29.833565937030603, -1.486281758543918, 0.0 ], [ 29.833512679911827, -1.486174542813891, 0.0 ], [ 29.833491205080144, -1.486131309380731, 0.0 ], [ 29.833401270097795, -1.485904986563058, 0.0 ], [ 29.833284043964927, -1.48559876256121, 0.0 ], [ 29.8332219664088, -1.485523649608848, 0.0 ], [ 29.833215587106924, -1.485515930548342, 0.0 ], [ 29.833219283647377, -1.485513504189836, 0.0 ], [ 29.833245025500219, -1.485496836227278, 0.0 ], [ 29.833028705571085, -1.484931754729198, 0.0 ], [ 29.832961393477873, -1.484755918208857, 0.0 ], [ 29.831837285410664, -1.481819462533685, 0.0 ], [ 29.831773241408733, -1.481652162441571, 0.0 ], [ 29.831751567246098, -1.481595545837617, 0.0 ], [ 29.831266725593348, -1.480329013854236, 0.0 ], [ 29.831124831066507, -1.479958349461858, 0.0 ], [ 29.831015528623634, -1.479542409895617, 0.0 ], [ 29.830903052024961, -1.479114395677422, 0.0 ], [ 29.83086731837939, -1.478978412511264, 0.0 ], [ 29.830830857000834, -1.478839664385693, 0.0 ], [ 29.830901775586824, -1.478073043602384, 0.0 ], [ 29.831026331078473, -1.477413522827163, 0.0 ], [ 29.831181289404036, -1.476789923681114, 0.0 ], [ 29.831144805039884, -1.476455572882136, 0.0 ], [ 29.831130697155174, -1.476326284302207, 0.0 ], [ 29.831114805692035, -1.476180641321996, 0.0 ], [ 29.831105421690992, -1.476094644599599, 0.0 ], [ 29.830990580191706, -1.475042198871481, 0.0 ], [ 29.830813451031041, -1.474739099630844, 0.0 ], [ 29.830463903306715, -1.474389072453679, 0.0 ], [ 29.830193489639086, -1.473847625384792, 0.0 ], [ 29.830132522291798, -1.473643045892927, 0.0 ], [ 29.830111134261895, -1.473571275246113, 0.0 ], [ 29.830108514329375, -1.473562483791838, 0.0 ], [ 29.83008722513204, -1.473491046894531, 0.0 ], [ 29.830034116305896, -1.473009671055692, 0.0 ], [ 29.829945604321676, -1.472171723066263, 0.0 ], [ 29.829705812375146, -1.471533782560072, 0.0 ], [ 29.829697642185177, -1.471512047096496, 0.0 ], [ 29.829696717001006, -1.471505820792199, 0.0 ], [ 29.829695304074523, -1.47149630677499, 0.0 ], [ 29.829695061550908, -1.471494669702011, 0.0 ], [ 29.829712682919002, -1.471486163799657, 0.0 ], [ 29.829905121010036, -1.471373851318253, 0.0 ], [ 29.830511211906192, -1.471470826730501, 0.0 ], [ 29.831124102015323, -1.471572974146058, 0.0 ], [ 29.831685917993738, -1.471572974363734, 0.0 ], [ 29.832579716192921, -1.471470826526704, 0.0 ], [ 29.833192606057604, -1.471215455117659, 0.0 ], [ 29.834009793730054, -1.470909010053111, 0.0 ], [ 29.834469461703733, -1.470755787140156, 0.0 ], [ 29.835005740399463, -1.470704713904037, 0.0 ], [ 29.8354143337009, -1.470525953449915, 0.0 ], [ 29.835669704022248, -1.47029612083335, 0.0 ], [ 29.836006688181726, -1.470093930594717, 0.0 ], [ 29.8360068295368, -1.470078051172644, 0.0 ], [ 29.83600689024729, -1.470071227100219, 0.0 ], [ 29.836017443334121, -1.470087538735342, 0.0 ], [ 29.836017626680423, -1.470087367807801, 0.0 ], [ 29.83605276091145, -1.470066286764664, 0.0 ], [ 29.836359206537239, -1.469887526704997, 0.0 ], [ 29.836691188511924, -1.470117360209109, 0.0 ], [ 29.836712514688404, -1.470140210905206, 0.0 ], [ 29.837100256310002, -1.469762256068431, 0.0 ], [ 29.837187341456758, -1.469678322236771, 0.0 ], [ 29.837691737207461, -1.469236977479916, 0.0 ], [ 29.837873765477607, -1.468958580169924, 0.0 ], [ 29.83804193068789, -1.468976250023845, 0.0 ], [ 29.83833627038263, -1.469038216369082, 0.0 ], [ 29.838847012102008, -1.469114827876903, 0.0 ], [ 29.839408828635477, -1.469063753565206, 0.0 ], [ 29.840135876966823, -1.468715609799078, 0.0 ], [ 29.840864442394508, -1.468706234125146, 0.0 ], [ 29.841068739147747, -1.468578548487787, 0.0 ], [ 29.84140891309103, -1.468260354562468, 0.0 ], [ 29.841411032751783, -1.468265465763409, 0.0 ], [ 29.841438562283564, -1.468331860724431, 0.0 ], [ 29.841466212221558, -1.468398544213545, 0.0 ], [ 29.841557600254557, -1.468618951748508, 0.0 ], [ 29.841751523124103, -1.468877514501989, 0.0 ], [ 29.841934671340045, -1.469254585719388, 0.0 ], [ 29.841936345449454, -1.469256857818198, 0.0 ], [ 29.842017773421919, -1.469514140887699, 0.0 ], [ 29.842189094563295, -1.470049519029931, 0.0 ], [ 29.842724473477759, -1.471205937721517, 0.0 ], [ 29.842788718229926, -1.47163424029471, 0.0 ], [ 29.842885086311135, -1.471826976486789, 0.0 ], [ 29.843109944910989, -1.471912636643279, 0.0 ], [ 29.843152776211522, -1.472512261427634, 0.0 ], [ 29.84349541863206, -1.473272498036584, 0.0 ], [ 29.843498747131761, -1.473263537880477, 0.0 ], [ 29.843531553375172, -1.473376405675829, 0.0 ], [ 29.843645324390561, -1.473872123150759, 0.0 ], [ 29.843700952113878, -1.474050133797359, 0.0 ], [ 29.843730102941652, -1.474143415456906, 0.0 ], [ 29.84375240003779, -1.474214765515878, 0.0 ], [ 29.843787153027712, -1.474286855390166, 0.0 ], [ 29.844028550299747, -1.475319672627546, 0.0 ], [ 29.844788786898661, -1.476882978468376, 0.0 ], [ 29.8453245779274, -1.478083547562096, 0.0 ], [ 29.845362220385219, -1.478167894737496, 0.0 ], [ 29.845366996229586, -1.478178595626787, 0.0 ], [ 29.846191479956595, -1.479088738567436, 0.0 ], [ 29.846523414616549, -1.479388550888658, 0.0 ], [ 29.846419771115425, -1.479468276420047, 0.0 ], [ 29.846388910236282, -1.47950078022498, 0.0 ], [ 29.846930302672803, -1.480095250860813, 0.0 ], [ 29.847208699165947, -1.480384355209528, 0.0 ], [ 29.847270496386066, -1.480385508145664, 0.0 ], [ 29.847473506599393, -1.480816460374794, 0.0 ], [ 29.847501662381813, -1.480876230230956, 0.0 ], [ 29.847505349213328, -1.480884056697516, 0.0 ], [ 29.847604880233849, -1.480844781484918, 0.0 ], [ 29.847615637200885, -1.48083854513739, 0.0 ], [ 29.847686662171604, -1.480815061465909, 0.0 ], [ 29.847728750269006, -1.480772972146732, 0.0 ], [ 29.847786809486553, -1.480739315219032, 0.0 ], [ 29.848035182237098, -1.480595330252908, 0.0 ], [ 29.848155375519575, -1.480525653328789, 0.0 ], [ 29.848156662498173, -1.480525061906736, 0.0 ], [ 29.848249995435943, -1.480481728869179, 0.0 ], [ 29.84832999514494, -1.480440061812212, 0.0 ], [ 29.848423328069632, -1.480410061274043, 0.0 ], [ 29.848513328487247, -1.48040839422908, 0.0 ], [ 29.848594994944424, -1.480358394572081, 0.0 ], [ 29.848691662137245, -1.480366728488925, 0.0 ], [ 29.848713328369001, -1.480268394479424, 0.0 ], [ 29.848759995411772, -1.480185061595444, 0.0 ], [ 29.848849994922734, -1.480183394535732, 0.0 ], [ 29.848946662004437, -1.480166728518852, 0.0 ], [ 29.849041662435891, -1.480196728422072, 0.0 ], [ 29.849119995484674, -1.480148394513403, 0.0 ], [ 29.849219995616632, -1.480135061613201, 0.0 ], [ 29.849318327987241, -1.480105061376473, 0.0 ], [ 29.849384762549882, -1.480065483535836, 0.0 ], [ 29.849461171590104, -1.480055370665469, 0.0 ], [ 29.849564366617184, -1.480041712364927, 0.0 ], [ 29.849767810690128, -1.480041712673837, 0.0 ], [ 29.850399556345099, -1.479517041242721, 0.0 ], [ 29.850435729869201, -1.479490733223771, 0.0 ], [ 29.850988473150306, -1.479088738650566, 0.0 ], [ 29.851470314576925, -1.478681851492622, 0.0 ], [ 29.85246611788607, -1.478050104209296, 0.0 ], [ 29.853060244535921, -1.477636338566399, 0.0 ], [ 29.85306574302809, -1.477632508582812, 0.0 ], [ 29.853194233367997, -1.477636338435563, 0.0 ], [ 29.853268352670089, -1.477636338840613, 0.0 ], [ 29.853494595268032, -1.47761479175571, 0.0 ], [ 29.853763931940218, -1.477474736393068, 0.0 ], [ 29.85396862735568, -1.477356228881464, 0.0 ], [ 29.854259511090472, -1.47716230668278, 0.0 ], [ 29.854395445990335, -1.477031808803464, 0.0 ], [ 29.85452884728441, -1.476903743720272, 0.0 ], [ 29.854711996411375, -1.476742141240108, 0.0 ], [ 29.854884372214276, -1.476645179145522, 0.0 ], [ 29.855229122016606, -1.476645179152383, 0.0 ], [ 29.855541552938423, -1.476699047902963, 0.0 ], [ 29.855585577032702, -1.476720102782805, 0.0 ], [ 29.855775072955435, -1.477056213679478, 0.0 ], [ 29.855841079243206, -1.477118959755288, 0.0 ], [ 29.856025013098041, -1.477149291665042, 0.0 ], [ 29.856717025050258, -1.476808025787563, 0.0 ], [ 29.85707037575191, -1.476240524629841, 0.0 ], [ 29.85718815912163, -1.47605849518651, 0.0 ], [ 29.857305942153456, -1.475994249685206, 0.0 ], [ 29.858248209051524, -1.475619484068685, 0.0 ], [ 29.858457994745461, -1.475579525292329, 0.0 ], [ 29.858462360126911, -1.475587361736363, 0.0 ], [ 29.858473067896298, -1.475576654624956, 0.0 ], [ 29.860576583588813, -1.474484459034775, 0.0 ], [ 29.861771624676173, -1.473959166317398, 0.0 ], [ 29.861795492941013, -1.473948674364334, 0.0 ], [ 29.862542023642863, -1.473620529847037, 0.0 ], [ 29.864075498450244, -1.473015778111869, 0.0 ], [ 29.866926466205395, -1.472022259361349, 0.0 ], [ 29.869107888455126, -1.471223124525954, 0.0 ], [ 29.871051730607519, -1.470488784798721, 0.0 ], [ 29.871144754240337, -1.470465727591255, 0.0 ], [ 29.873819758096015, -1.467272178102946, 0.0 ], [ 29.874150198476087, -1.467531603549227, 0.0 ], [ 29.874814230626672, -1.468319197868197, 0.0 ], [ 29.874974537149999, -1.468597550125478, 0.0 ], [ 29.874964499732869, -1.468918765614026, 0.0 ], [ 29.875060867309777, -1.469090086869214, 0.0 ], [ 29.875146528078826, -1.469143624379933, 0.0 ], [ 29.875382095187572, -1.469518389076196, 0.0 ], [ 29.875659614539106, -1.469891258563799, 0.0 ], [ 29.875672047083999, -1.469907974434103, 0.0 ], [ 29.875677543104658, -1.46991536320879, 0.0 ], [ 29.875721925539441, -1.469975035093619, 0.0 ], [ 29.875724737352616, -1.469978815859621, 0.0 ], [ 29.875741593677155, -1.470248508052085, 0.0 ], [ 29.87581893576721, -1.470650789029801, 0.0 ], [ 29.875874643555157, -1.470792591197443, 0.0 ], [ 29.876065061107944, -1.471398635207215, 0.0 ], [ 29.876069102200951, -1.471421243110489, 0.0 ], [ 29.876088795567792, -1.47153141367699, 0.0 ], [ 29.876341123998412, -1.471918319691913, 0.0 ], [ 29.876410022223872, -1.472023962602432, 0.0 ], [ 29.876592050949828, -1.472248821277346, 0.0 ], [ 29.876651071300511, -1.472278331399805, 0.0 ], [ 29.876870448183652, -1.472388019238673, 0.0 ], [ 29.876929799467398, -1.472512118753755, 0.0 ], [ 29.876988231494849, -1.47263429354313, 0.0 ], [ 29.877162846945769, -1.472695409807345, 0.0 ], [ 29.877194803132806, -1.4727065933172, 0.0 ] ] ] } }
]
}
